gid,role,role_score,cluster_id,priority_score,evidence
100000000011452100,peripheral,0.2857,1,0.3354,"«периферийный» 0,29: признаки ниже порога. Ближайший — конечный получатель 0,43: исходящие — 15% наблюдаемых входящих; плательщиков: 3, получено 110 000 ₸; окно после 90% суммы — 6 дн. (нужно 7)."
100000000018102100,peripheral,0.4643,3,0.0442,"«периферийный» 0,46 (снижено: исходящие не собирались): признаки ниже порога. Ближайший — консолидатор 0,07: разных плательщиков: 1 (порог 7), получено 7 000 ₸."
100000000031787100,peripheral,0.9000,11,0.2741,"«периферийный» 0,90: исходящие = 100% входящих, но это встречные или более ранние переводы — транзит датами не подтверждён."
100000000041368100,peripheral,0.7500,4,0.3562,"«периферийный» 0,75: признаки ниже порога. Ближайший — конечный получатель 0,25: исходящих нет; плательщиков: 1, получено 160 000 ₸: ниже порога накопления."
100000000076451100,peripheral,0.7150,15,0.3125,"«периферийный» 0,71: признаки ниже порога. Ближайший — транзит 0,29: после поступлений другим счетам ушло 46% полученного (коридор 80%–120%); всего исходящих 66%."
100000000089154100,distributor,0.5833,1,0.6452,"Гипотеза «распределитель» 0,58: разных получателей: 15 (порог 10), отправлено 425 500 ₸. Альтернатива: координатор 0,33."
100000000190228100,peripheral,0.9286,18,0.2456,"«периферийный» 0,93: признаки ниже порога. Ближайший — консолидатор 0,07: разных плательщиков: 1 (порог 7), получено 5 000 ₸."
100000000201868100,peripheral,0.9286,55,0.2370,"«периферийный» 0,93: исходящие = 100% входящих, но это встречные или более ранние переводы — транзит датами не подтверждён."
100000000254336100,peripheral,0.6141,1,0.2493,"«периферийный» 0,61: признаки ниже порога. Ближайший — транзит 0,39: после поступлений другим счетам ушло 62% полученного (коридор 80%–120%)."
100000000267734100,peripheral,0.6500,11,0.4047,"«периферийный» 0,65: признаки ниже порога. Ближайший — распределитель 0,35: разных получателей: 7 (порог 10), отправлено 282 000 ₸."
100000000274067100,peripheral,0.8333,11,0.4319,"«периферийный» 0,83: признаки ниже порога. Ближайший — координатор 0,17: связей с исходными клиентами: 1 (порог 3); от них 1, к ним 0."
100000000287768100,peripheral,0.4286,1,0.1494,"«периферийный» 0,43: признаки ниже порога. Ближайший — конечный получатель 0,14: исходящих нет; плательщиков: 1, получено 35 168 ₸; окно после 90% суммы — 4 дн. (нужно 7)."
100000000288317100,peripheral,0.7094,3,0.2865,"«периферийный» 0,71: признаки ниже порога. Ближайший — транзит 0,29: после поступлений другим счетам ушло 46% полученного (коридор 80%–120%); всего исходящих 54%."
100000000291906100,peripheral,0.8462,50,0.3415,"«периферийный» 0,85: признаки ниже порога. Ближайший — транзит 0,15: после поступлений другим счетам ушло 25% полученного (коридор 80%–120%); всего исходящих 117%."
100000000291908100,peripheral,0.4367,50,0.2983,"«периферийный» 0,44: признаки ниже порога. Ближайший — конечный получатель 0,13: исходящие — 5% наблюдаемых входящих; плательщиков: 1, получено 295 500 ₸; окно после 90% суммы — 3 дн. (нужно 7)."
100000000297649100,peripheral,0.9286,3,0.2129,"«периферийный» 0,93: признаки ниже порога. Ближайший — консолидатор 0,07: разных плательщиков: 1 (порог 7), получено 40 000 ₸."
100000000299820100,peripheral,0.4643,3,0.0524,"«периферийный» 0,46 (снижено: исходящие не собирались): признаки ниже порога. Ближайший — консолидатор 0,07: разных плательщиков: 1 (порог 7), получено 10 000 ₸."
100000000307908100,peripheral,0.7500,43,0.0367,"«периферийный» 0,75: признаки ниже порога. Ближайший — конечный получатель 0,25: исходящих нет; плательщиков: 1, получено 5 000 ₸: ниже порога накопления."
100000000331309100,distributor,1.0000,7,0.6798,"Гипотеза «распределитель» 1,00: разных получателей: 99 (порог 10), отправлено 23,0 млн ₸. Альтернатива: консолидатор 0,36."
100000000332284100,consolidator,0.6154,7,0.5176,"Гипотеза «консолидатор» 0,62: разных плательщиков: 10 (порог 7), получено 107 426 ₸. Альтернатива: распределитель 0,15."
100000000343175100,distributor,0.8500,12,0.7886,"Гипотеза «распределитель» 0,85: разных получателей: 31 (порог 10), отправлено 4,0 млн ₸. Альтернатива: консолидатор 0,54."
100000000369781100,peripheral,0.4643,7,0.0367,"«периферийный» 0,46 (снижено: исходящие не собирались): признаки ниже порога. Ближайший — консолидатор 0,07: разных плательщиков: 1 (порог 7), получено 5 000 ₸."
100000000375150100,peripheral,0.4643,13,0.2273,"«периферийный» 0,46 (снижено: исходящие не собирались): признаки ниже порога. Ближайший — консолидатор 0,07: разных плательщиков: 1 (порог 7), получено 300 000 ₸."
100000000404740100,peripheral,0.4643,27,0.0978,"«периферийный» 0,46 (снижено: исходящие не собирались): признаки ниже порога. Ближайший — консолидатор 0,07: разных плательщиков: 1 (порог 7), получено 25 000 ₸."
100000000408846100,peripheral,0.7500,28,0.1265,"«периферийный» 0,75: признаки ниже порога. Ближайший — конечный получатель 0,25: исходящих нет; плательщиков: 1, получено 40 500 ₸: ниже порога накопления."
100000000413678100,peripheral,0.8271,3,0.3500,"«периферийный» 0,83: признаки ниже порога. Ближайший — транзит 0,17: после поступлений другим счетам ушло 91% полученного (коридор 80%–120%); всего исходящих 172%: баланс в выгрузке неполон."
100000000424935100,peripheral,0.4643,29,0.0674,"«периферийный» 0,46 (снижено: исходящие не собирались): признаки ниже порога. Ближайший — консолидатор 0,07: разных плательщиков: 1 (порог 7), получено 15 000 ₸."
100000000425407100,peripheral,0.7500,3,0.1139,"«периферийный» 0,75: признаки ниже порога. Ближайший — конечный получатель 0,25: исходящих нет; плательщиков: 1, получено 20 000 ₸: ниже порога накопления."
100000000437046100,distributor,1.0000,1,0.6790,"Гипотеза «распределитель» 1,00: разных получателей: 42 (порог 10), отправлено 7,6 млн ₸. Альтернатива: консолидатор 0,58."
100000000440392100,peripheral,0.7500,5,0.2776,"«периферийный» 0,75: признаки ниже порога. Ближайший — конечный получатель 0,25: исходящих нет; плательщиков: 1, получено 105 705 ₸: ниже порога накопления."
100000000456947100,peripheral,0.0000,74,0.0000,"«периферийный» 0,00: в выгрузке нет переводов счёта, роль не оценивается."
100000000470237100,peripheral,0.4643,29,0.1154,"«периферийный» 0,46 (снижено: исходящие не собирались): признаки ниже порога. Ближайший — консолидатор 0,07: разных плательщиков: 1 (порог 7), получено 32 500 ₸."
100000000481716100,peripheral,0.7500,8,0.0459,"«периферийный» 0,75: признаки ниже порога. Ближайший — конечный получатель 0,25: исходящих нет; плательщиков: 1, получено 8 000 ₸: ниже порога накопления."
100000000489417100,transit,0.5930,13,0.4614,"Гипотеза «транзит» 0,59: после поступлений другим счетам ушло 109% полученного (коридор 80%–120%); операций мало: входящих 3, исходящих 1. Альтернатива: консолидатор 0,21."
100000000490383100,peripheral,0.6000,5,0.3448,"«периферийный» 0,60: признаки ниже порога. Ближайший — распределитель 0,40: разных получателей: 8 (порог 10), отправлено 461 375 ₸."
100000000500040100,peripheral,0.4643,1,0.1139,"«периферийный» 0,46 (снижено: исходящие не собирались): признаки ниже порога. Ближайший — консолидатор 0,07: разных плательщиков: 1 (порог 7), получено 20 000 ₸."
100000000507799100,peripheral,0.7243,38,0.1981,"«периферийный» 0,72: признаки ниже порога. Ближайший — транзит 0,28: после поступлений другим счетам ушло 156% полученного (коридор 80%–120%); всего исходящих 156%: баланс в выгрузке неполон."
100000000533217100,peripheral,0.7500,1,0.1458,"«периферийный» 0,75: признаки ниже порога. Ближайший — конечный получатель 0,25: исходящих нет; плательщиков: 1, получено 53 587 ₸: ниже порога накопления."
100000000534581100,peripheral,0.5533,3,0.2552,"«периферийный» 0,55: признаки ниже порога. Ближайший — транзит 0,45: после поступлений другим счетам ушло 71% полученного (коридор 80%–120%)."
100000000542087100,peripheral,0.4643,36,0.0470,"«периферийный» 0,46 (снижено: исходящие не собирались): признаки ниже порога. Ближайший — консолидатор 0,07: разных плательщиков: 1 (порог 7), получено 8 507 ₸."
100000000552584100,terminal,0.8477,25,0.6012,"Гипотеза «конечный получатель» 0,85: исходящие — 2% наблюдаемых входящих; плательщиков: 1, получено 2,5 млн ₸; окно после 90% суммы — 15 дн.. Альтернатива: консолидатор 0,07."
100000000555721100,terminal,0.7500,1,0.5451,"Гипотеза «конечный получатель» 0,75: исходящих нет; плательщиков: 2, получено 113 000 ₸; окно после 90% суммы — 27 дн.. Альтернатива: координатор 0,17."
100000000557536100,peripheral,0.4643,36,0.1973,"«периферийный» 0,46 (снижено: исходящие не собирались): признаки ниже порога. Ближайший — консолидатор 0,07: разных плательщиков: 1 (порог 7), получено 153 000 ₸."
100000000560751100,peripheral,0.7500,13,0.0978,"«периферийный» 0,75: признаки ниже порога. Ближайший — конечный получатель 0,25: исходящих нет; плательщиков: 1, получено 25 000 ₸: ниже порога накопления."
100000000561160100,peripheral,0.4643,4,0.2486,"«периферийный» 0,46 (снижено: исходящие не собирались): признаки ниже порога. Ближайший — консолидатор 0,07: разных плательщиков: 1 (порог 7), получено 240 000 ₸."
100000000569479100,peripheral,0.4643,3,0.2600,"«периферийный» 0,46 (снижено: короткое окно наблюдения): признаки ниже порога. Ближайший — консолидатор 0,07: разных плательщиков: 1 (порог 7), получено 320 000 ₸."
100000000572276100,peripheral,0.9286,2,0.1752,"«периферийный» 0,93: признаки ниже порога. Ближайший — консолидатор 0,07: разных плательщиков: 1 (порог 7), получено 13 075 ₸."
100000000580561100,peripheral,0.8500,44,0.3214,"«периферийный» 0,85: признаки ниже порога. Ближайший — распределитель 0,15: разных получателей: 3 (порог 10), отправлено 1,5 млн ₸."
100000000581662100,peripheral,0.4643,10,0.0888,"«периферийный» 0,46 (снижено: исходящие не собирались): признаки ниже порога. Ближайший — консолидатор 0,07: разных плательщиков: 1 (порог 7), получено 21 160 ₸."
100000000581682100,peripheral,0.4643,29,0.0367,"«периферийный» 0,46 (снижено: исходящие не собирались): признаки ниже порога. Ближайший — консолидатор 0,07: разных плательщиков: 1 (порог 7), получено 5 000 ₸."
100000000583220100,peripheral,0.9286,69,0.3280,"«периферийный» 0,93: признаки ниже порога. Ближайший — консолидатор 0,07: разных плательщиков: 1 (порог 7), получено 5 000 ₸."
100000000594783100,peripheral,0.3571,25,0.3475,"«периферийный» 0,36: признаки ниже порога. Ближайший — конечный получатель 0,29: исходящие — 6% наблюдаемых входящих; плательщиков: 1, получено 2,6 млн ₸; окно после 90% суммы — 4 дн. (нужно 7)."
100000000596954100,peripheral,0.7495,4,0.2526,"«периферийный» 0,75: признаки ниже порога. Ближайший — транзит 0,25: после поступлений другим счетам ушло 40% полученного (коридор 80%–120%)."
100000000600707100,peripheral,0.4643,37,0.1996,"«периферийный» 0,46 (снижено: исходящие не собирались): признаки ниже порога. Ближайший — консолидатор 0,07: разных плательщиков: 1 (порог 7), получено 89 000 ₸."
100000000607731100,peripheral,0.8333,30,0.3043,"«периферийный» 0,83: признаки ниже порога. Ближайший — координатор 0,17: связей с исходными клиентами: 1 (порог 3); от них 1, к ним 0."
100000000607941100,peripheral,0.6250,5,0.2560,"«периферийный» 0,62: признаки ниже порога. Ближайший — транзит 0,38: после поступлений другим счетам ушло 60% полученного (коридор 80%–120%); всего исходящих 140%: баланс в выгрузке неполон."
100000000608031100,peripheral,0.4643,16,0.1398,"«периферийный» 0,46 (снижено: исходящие не собирались): признаки ниже порога. Ближайший — консолидатор 0,07: разных плательщиков: 1 (порог 7), получено 30 000 ₸."
100000000611474100,peripheral,0.4107,24,0.1147,"«периферийный» 0,41: признаки ниже порога. Ближайший — конечный получатель 0,18: исходящих нет; плательщиков: 1, получено 32 000 ₸; окно после 90% суммы — 5 дн. (нужно 7)."
100000000625169100,peripheral,0.4643,2,0.0824,"«периферийный» 0,46 (снижено: короткое окно наблюдения): признаки ниже порога. Ближайший — консолидатор 0,07: разных плательщиков: 1 (порог 7), получено 10 000 ₸."
100000000627521100,peripheral,0.4643,39,0.0428,"«периферийный» 0,46 (снижено: исходящие не собирались): признаки ниже порога. Ближайший — консолидатор 0,07: разных плательщиков: 1 (порог 7), получено 6 500 ₸."
100000000629812100,peripheral,0.3929,56,0.1291,"«периферийный» 0,39: признаки ниже порога. Ближайший — конечный получатель 0,21: исходящих нет; плательщиков: 2, получено 22 000 ₸; окно после 90% суммы — 3 дн. (нужно 7)."
100000000634341100,peripheral,0.4643,1,0.0948,"«периферийный» 0,46 (снижено: исходящие не собирались): признаки ниже порога. Ближайший — консолидатор 0,07: разных плательщиков: 1 (порог 7), получено 24 000 ₸."
100000000640800100,peripheral,0.8000,3,0.3126,"«периферийный» 0,80: признаки ниже порога. Ближайший — распределитель 0,20: разных получателей: 4 (порог 10), отправлено 518 135 ₸."
100000000646541100,peripheral,0.3929,1,0.1799,"«периферийный» 0,39 (снижено: короткое окно наблюдения): признаки ниже порога. Ближайший — консолидатор 0,21: разных плательщиков: 3 (порог 7), получено 25 300 ₸."
100000000655469100,peripheral,0.4643,23,0.1139,"«периферийный» 0,46 (снижено: исходящие не собирались): признаки ниже порога. Ближайший — консолидатор 0,07: разных плательщиков: 1 (порог 7), получено 20 000 ₸."
100000000656682100,transit,0.5610,1,0.4450,"Гипотеза «транзит» 0,56: после поступлений другим счетам ушло 92% полученного (коридор 80%–120%); всего исходящих 113%; операций мало: входящих 1, исходящих 3. Альтернатива: распределитель 0,10."
100000000661131100,peripheral,0.7500,2,0.0705,"«периферийный» 0,75: признаки ниже порога. Ближайший — конечный получатель 0,25: исходящих нет; плательщиков: 1, получено 15 600 ₸: ниже порога накопления."
100000000661912100,transit,0.7604,1,0.6461,"Гипотеза «транзит» 0,76: после поступлений другим счетам ушло 110% полученного (коридор 80%–120%). Альтернатива: консолидатор 0,36."
100000000667713100,peripheral,0.6523,5,0.4344,"«периферийный» 0,65: признаки ниже порога. Ближайший — транзит 0,35: после поступлений другим счетам ушло 56% полученного (коридор 80%–120%); всего исходящих 66%."
100000000673868100,terminal,0.5254,31,0.4934,"Гипотеза «конечный получатель» 0,53: исходящие — 19% наблюдаемых входящих; плательщиков: 1, получено 2,0 млн ₸; окно после 90% суммы — 18 дн.. Альтернатива: распределитель 0,25."
100000000673915100,peripheral,0.4643,36,0.0869,"«периферийный» 0,46 (снижено: исходящие не собирались): признаки ниже порога. Ближайший — консолидатор 0,07: разных плательщиков: 1 (порог 7), получено 20 200 ₸."
100000000703894100,peripheral,0.8333,30,0.3341,"«периферийный» 0,83: признаки ниже порога. Ближайший — координатор 0,17: связей с исходными клиентами: 1 (порог 3); от них 1, к ним 0."
100000000703902100,peripheral,0.7500,2,0.1967,"«периферийный» 0,75: признаки ниже порога. Ближайший — конечный получатель 0,25: исходящих нет; плательщиков: 1, получено 25 499 ₸: ниже порога накопления."
100000000704700100,peripheral,0.4643,26,0.0824,"«периферийный» 0,46 (снижено: исходящие не собирались): признаки ниже порога. Ближайший — консолидатор 0,07: разных плательщиков: 1 (порог 7), получено 10 000 ₸."
100000000706545100,terminal,0.6421,5,0.6065,"Гипотеза «конечный получатель» 0,64: исходящие — 7% наблюдаемых входящих; плательщиков: 3, получено 1,1 млн ₸; окно после 90% суммы — 14 дн.. Альтернатива: консолидатор 0,21."
100000000718427100,peripheral,0.7500,2,0.0716,"«периферийный» 0,75: признаки ниже порога. Ближайший — конечный получатель 0,25: исходящих нет; плательщиков: 1, получено 6 000 ₸: ниже порога накопления."
100000000723383100,peripheral,0.9000,23,0.2147,"«периферийный» 0,90: признаки ниже порога. Ближайший — распределитель 0,10: разных получателей: 2 (порог 10), отправлено 75 000 ₸."
100000000724540100,peripheral,0.9286,21,0.2646,"«периферийный» 0,93: признаки ниже порога. Ближайший — консолидатор 0,07: разных плательщиков: 1 (порог 7), получено 50 000 ₸."
100000000733373100,peripheral,0.7500,5,0.0865,"«периферийный» 0,75: признаки ниже порога. Ближайший — конечный получатель 0,25: исходящих нет; плательщиков: 1, получено 10 710 ₸: ниже порога накопления."
100000000733451100,peripheral,0.9286,13,0.2749,"«периферийный» 0,93: признаки ниже порога. Ближайший — консолидатор 0,07: разных плательщиков: 1 (порог 7), получено 70 000 ₸."
100000000733940100,peripheral,0.4643,32,0.2883,"«периферийный» 0,46 (снижено: исходящие не собирались): признаки ниже порога. Ближайший — консолидатор 0,07: разных плательщиков: 1 (порог 7), получено 752 000 ₸."
100000000737152100,peripheral,0.4643,1,0.1186,"«периферийный» 0,46 (снижено: исходящие не собирались): признаки ниже порога. Ближайший — консолидатор 0,07: разных плательщиков: 1 (порог 7), получено 35 000 ₸."
100000000749118100,peripheral,0.7483,1,0.1427,"«периферийный» 0,75: признаки ниже порога. Ближайший — транзит 0,25: после поступлений другим счетам ушло 160% полученного (коридор 80%–120%); всего исходящих 160%: баланс в выгрузке неполон."
100000000764836100,peripheral,0.7483,3,0.3085,"«периферийный» 0,75: признаки ниже порога. Ближайший — конечный получатель 0,25: исходящие — 20% наблюдаемых входящих; плательщиков: 1, получено 251 716 ₸: ниже порога накопления."
100000000765628100,peripheral,0.7500,5,0.0367,"«периферийный» 0,75: признаки ниже порога. Ближайший — конечный получатель 0,25: исходящих нет; плательщиков: 1, получено 5 000 ₸: ниже порога накопления."
100000000769919100,peripheral,0.7500,62,0.2503,"«периферийный» 0,75: признаки ниже порога. Ближайший — конечный получатель 0,25: исходящих нет; плательщиков: 1, получено 250 000 ₸: ниже порога накопления."
100000000782285100,peripheral,0.7500,33,0.0725,"«периферийный» 0,75: признаки ниже порога. Ближайший — конечный получатель 0,25: исходящих нет; плательщиков: 1, получено 6 151 ₸: ниже порога накопления."
100000000783406100,peripheral,0.7500,35,0.0422,"«периферийный» 0,75: признаки ниже порога. Ближайший — конечный получатель 0,25: исходящих нет; плательщиков: 1, получено 6 066 ₸: ниже порога накопления."
100000000785800100,transit,0.6667,57,0.4588,"Гипотеза «транзит» 0,67: после поступлений другим счетам ушло 100% полученного (коридор 80%–120%); операций мало: входящих 1, исходящих 1. Альтернатива: координатор 0,17."
100000000790311100,peripheral,0.4286,15,0.1332,"«периферийный» 0,43: признаки ниже порога. Ближайший — конечный получатель 0,14: исходящих нет; плательщиков: 1, получено 46 300 ₸; окно после 90% суммы — 4 дн. (нужно 7)."
100000000791285100,peripheral,0.8500,28,0.3532,"«периферийный» 0,85: признаки ниже порога. Ближайший — распределитель 0,15: разных получателей: 3 (порог 10), отправлено 650 000 ₸."
100000000795033100,peripheral,0.7500,1,0.0794,"«периферийный» 0,75: признаки ниже порога. Ближайший — конечный получатель 0,25: исходящих нет; плательщиков: 1, получено 18 200 ₸: ниже порога накопления."
100000000795129100,peripheral,0.4643,15,0.2910,"«периферийный» 0,46 (снижено: короткое окно наблюдения): признаки ниже порога. Ближайший — консолидатор 0,07: разных плательщиков: 1 (порог 7), получено 332 000 ₸."
100000000795374100,peripheral,0.7500,3,0.1698,"«периферийный» 0,75: признаки ниже порога. Ближайший — конечный получатель 0,25: исходящих нет; плательщиков: 1, получено 50 000 ₸: ниже порога накопления."
100000000802149100,peripheral,0.7500,1,0.1803,"«периферийный» 0,75: признаки ниже порога. Ближайший — конечный получатель 0,25: исходящих нет; плательщиков: 1, получено 104 128 ₸: ниже порога накопления."
100000000803368100,peripheral,0.4643,14,0.1912,"«периферийный» 0,46 (снижено: исходящие не собирались): признаки ниже порога. Ближайший — консолидатор 0,07: разных плательщиков: 1 (порог 7), получено 139 503 ₸."
100000000806727100,peripheral,0.7500,3,0.1791,"«периферийный» 0,75: признаки ниже порога. Ближайший — конечный получатель 0,25: исходящие — 11% наблюдаемых входящих; плательщиков: 1, получено 45 000 ₸: ниже порога накопления."
100000000810551100,peripheral,0.7500,4,0.3773,"«периферийный» 0,75: признаки ниже порога. Ближайший — конечный получатель 0,25: исходящие — 7% наблюдаемых входящих; плательщиков: 1, получено 100 000 ₸: ниже порога накопления."
100000000817146100,peripheral,0.7500,5,0.2851,"«периферийный» 0,75: признаки ниже порога. Ближайший — конечный получатель 0,25: исходящих нет; плательщиков: 1, получено 70 020 ₸: ниже порога накопления."
100000000821507100,peripheral,0.6000,31,0.2991,"«периферийный» 0,60: признаки ниже порога. Ближайший — конечный получатель 0,40: исходящих нет; плательщиков: 1, получено 400 000 ₸: ниже порога накопления."
100000000831684100,peripheral,0.9286,17,0.1846,"«периферийный» 0,93: признаки ниже порога. Ближайший — консолидатор 0,07: разных плательщиков: 1 (порог 7), получено 15 000 ₸."
100000000838385100,peripheral,0.9000,29,0.2937,"«периферийный» 0,90: признаки ниже порога. Ближайший — распределитель 0,10: разных получателей: 2 (порог 10), отправлено 177 500 ₸."
100000000850297100,peripheral,0.9286,8,0.1193,"«периферийный» 0,93: исходящие = 100% входящих, но это встречные или более ранние переводы — транзит датами не подтверждён."
100000000860514100,peripheral,0.9286,27,0.1921,"«периферийный» 0,93: признаки ниже порога. Ближайший — консолидатор 0,07: разных плательщиков: 1 (порог 7), получено 12 000 ₸."
100000000861294100,peripheral,0.4464,9,0.2253,"«периферийный» 0,45: признаки ниже порога. Ближайший — конечный получатель 0,11: исходящих нет; плательщиков: 1, получено 150 000 ₸; окно после 90% суммы — 3 дн. (нужно 7)."
100000000870121100,peripheral,0.7500,13,0.0889,"«периферийный» 0,75: признаки ниже порога. Ближайший — конечный получатель 0,25: исходящих нет; плательщиков: 1, получено 12 000 ₸: ниже порога накопления."
100000000878006100,peripheral,0.7500,7,0.1346,"«периферийный» 0,75: признаки ниже порога. Ближайший — конечный получатель 0,25: исходящих нет; плательщиков: 1, получено 47 003 ₸: ниже порога накопления."
100000000896111100,peripheral,0.7129,25,0.2255,"«периферийный» 0,71: признаки ниже порога. Ближайший — конечный получатель 0,29: исходящих нет; плательщиков: 1, получено 287 100 ₸: ниже порога накопления."
100000000907277100,peripheral,0.7500,2,0.1734,"«периферийный» 0,75: признаки ниже порога. Ближайший — конечный получатель 0,25: исходящих нет; плательщиков: 1, получено 17 534 ₸: ниже порога накопления."
100000000910216100,peripheral,0.5422,1,0.2566,"«периферийный» 0,54: признаки ниже порога. Ближайший — транзит 0,46: после поступлений другим счетам ушло 73% полученного (коридор 80%–120%)."
100000000912487100,peripheral,0.7500,3,0.1124,"«периферийный» 0,75: признаки ниже порога. Ближайший — конечный получатель 0,25: исходящих нет; плательщиков: 1, получено 10 000 ₸: ниже порога накопления."
100000000913911100,peripheral,0.5530,4,0.3462,"«периферийный» 0,55: признаки ниже порога. Ближайший — транзит 0,45: после поступлений другим счетам ушло 128% полученного (коридор 80%–120%); всего исходящих 128%: баланс в выгрузке неполон."
100000000917179100,peripheral,0.4643,14,0.2033,"«периферийный» 0,46 (снижено: короткое окно наблюдения): признаки ниже порога. Ближайший — консолидатор 0,07: разных плательщиков: 1 (порог 7), получено 94 465 ₸."
100000000922570100,peripheral,0.8333,17,0.3116,"«периферийный» 0,83: исходящие = 106% входящих, но это встречные или более ранние переводы — транзит датами не подтверждён."
100000000926078100,peripheral,0.4643,3,0.2503,"«периферийный» 0,46 (снижено: исходящие не собирались): признаки ниже порога. Ближайший — консолидатор 0,07: разных плательщиков: 1 (порог 7), получено 250 000 ₸."
100000000926766100,peripheral,0.9286,27,0.0962,"«периферийный» 0,93: признаки ниже порога. Ближайший — консолидатор 0,07: разных плательщиков: 1 (порог 7), получено 18 750 ₸."
100000000933075100,peripheral,0.7656,3,0.2136,"«периферийный» 0,77: признаки ниже порога. Ближайший — транзит 0,23: после поступлений другим счетам ушло 38% полученного (коридор 80%–120%); всего исходящих 138%: баланс в выгрузке неполон."
100000000941942100,peripheral,0.7500,4,0.2858,"«периферийный» 0,75: признаки ниже порога. Ближайший — конечный получатель 0,25: исходящих нет; плательщиков: 1, получено 130 000 ₸: ниже порога накопления."
100000000942301100,peripheral,0.7500,1,0.1495,"«периферийный» 0,75: признаки ниже порога. Ближайший — конечный получатель 0,25: исходящих нет; плательщиков: 1, получено 57 580 ₸: ниже порога накопления."
100000000943371100,peripheral,0.7500,13,0.0995,"«периферийный» 0,75: признаки ниже порога. Ближайший — конечный получатель 0,25: исходящих нет; плательщиков: 1, получено 15 500 ₸: ниже порога накопления."
100000000945428100,peripheral,0.7500,1,0.2666,"«периферийный» 0,75: признаки ниже порога. Ближайший — конечный получатель 0,25: исходящих нет; плательщиков: 1, получено 89 629 ₸: ниже порога накопления."
100000000954884100,peripheral,0.4643,35,0.1171,"«периферийный» 0,46 (снижено: короткое окно наблюдения): признаки ниже порога. Ближайший — консолидатор 0,07: разных плательщиков: 1 (порог 7), получено 34 000 ₸."
100000000955444100,peripheral,0.7500,44,0.0736,"«периферийный» 0,75: признаки ниже порога. Ближайший — конечный получатель 0,25: исходящих нет; плательщиков: 1, получено 6 910 ₸: ниже порога накопления."
100000000955529100,peripheral,0.9286,4,0.2106,"«периферийный» 0,93: признаки ниже порога. Ближайший — консолидатор 0,07: разных плательщиков: 1 (порог 7), получено 27 000 ₸."
100000000957746100,peripheral,0.4643,16,0.0394,"«периферийный» 0,46 (снижено: исходящие не собирались): признаки ниже порога. Ближайший — консолидатор 0,07: разных плательщиков: 1 (порог 7), получено 5 300 ₸."
100000000961900100,terminal,0.6786,1,0.4598,"Гипотеза «конечный получатель» 0,68: исходящих нет; плательщиков: 2, получено 36 000 ₸; окно после 90% суммы — 17 дн.. Альтернатива: координатор 0,17."
100000000967918100,peripheral,0.4643,1,0.1189,"«периферийный» 0,46 (снижено: короткое окно наблюдения): признаки ниже порога. Ближайший — консолидатор 0,07: разных плательщиков: 1 (порог 7), получено 21 200 ₸."
100000000968253100,peripheral,0.7500,2,0.1640,"«периферийный» 0,75: признаки ниже порога. Ближайший — конечный получатель 0,25: исходящих нет; плательщиков: 1, получено 15 000 ₸: ниже порога накопления."
100000000971908100,peripheral,0.4286,9,0.1996,"«периферийный» 0,43: признаки ниже порога. Ближайший — конечный получатель 0,14: исходящих нет; плательщиков: 1, получено 89 000 ₸; окно после 90% суммы — 4 дн. (нужно 7)."
100000000976943100,transit,0.5000,12,0.3871,"Гипотеза «транзит» 0,50: после поступлений другим счетам ушло 120% полученного (коридор 80%–120%); операций мало: входящих 1, исходящих 3. Альтернатива: консолидатор 0,07."
100000000978041100,peripheral,0.7500,2,0.2266,"«периферийный» 0,75: признаки ниже порога. Ближайший — конечный получатель 0,25: исходящих нет; плательщиков: 1, получено 44 445 ₸: ниже порога накопления."
100000000979567100,peripheral,0.7500,2,0.0524,"«периферийный» 0,75: признаки ниже порога. Ближайший — конечный получатель 0,25: исходящих нет; плательщиков: 1, получено 10 000 ₸: ниже порога накопления."
100000000979923100,peripheral,0.7500,12,0.2725,"«периферийный» 0,75: признаки ниже порога. Ближайший — конечный получатель 0,25: исходящих нет; плательщиков: 1, получено 97 900 ₸: ниже порога накопления."
100000000981693100,peripheral,0.4643,1,0.0736,"«периферийный» 0,46 (снижено: исходящие не собирались): признаки ниже порога. Ближайший — консолидатор 0,07: разных плательщиков: 1 (порог 7), получено 16 500 ₸."
100000000993112100,peripheral,0.7500,4,0.2221,"«периферийный» 0,75: признаки ниже порога. Ближайший — конечный получатель 0,25: исходящих нет; плательщиков: 1, получено 141 000 ₸: ниже порога накопления."
100000000998559100,peripheral,0.4107,4,0.3344,"«периферийный» 0,41: признаки ниже порога. Ближайший — конечный получатель 0,18: исходящих нет; плательщиков: 1, получено 100 000 ₸; окно после 90% суммы — 5 дн. (нужно 7)."
100000001009583100,peripheral,0.4643,7,0.2680,"«периферийный» 0,46 (снижено: короткое окно наблюдения): признаки ниже порога. Ближайший — консолидатор 0,07: разных плательщиков: 1 (порог 7), получено 393 740 ₸."
100000001046057100,peripheral,0.7500,6,0.1657,"«периферийный» 0,75: признаки ниже порога. Ближайший — конечный получатель 0,25: исходящих нет; плательщиков: 1, получено 83 420 ₸: ниже порога накопления."
100000001046626100,peripheral,0.7500,7,0.2253,"«периферийный» 0,75: признаки ниже порога. Ближайший — конечный получатель 0,25: исходящих нет; плательщиков: 1, получено 150 000 ₸: ниже порога накопления."
100000001049200100,peripheral,0.7471,19,0.3693,"«периферийный» 0,75: признаки ниже порога. Ближайший — транзит 0,25: после поступлений другим счетам ушло 40% полученного (коридор 80%–120%); всего исходящих 47%."
100000001052789100,peripheral,0.7500,19,0.1890,"«периферийный» 0,75: признаки ниже порога. Ближайший — конечный получатель 0,25: исходящих нет; плательщиков: 1, получено 70 975 ₸: ниже порога накопления."
100000001052945100,peripheral,0.8500,58,0.3283,"«периферийный» 0,85: признаки ниже порога. Ближайший — распределитель 0,15: разных получателей: 3 (порог 10), отправлено 1,6 млн ₸."
100000001053894100,peripheral,0.4643,39,0.2754,"«периферийный» 0,46 (снижено: исходящие не собирались): признаки ниже порога. Ближайший — консолидатор 0,07: разных плательщиков: 1 (порог 7), получено 2,0 млн ₸."
100000001056414100,peripheral,0.7500,10,0.2203,"«периферийный» 0,75: признаки ниже порога. Ближайший — конечный получатель 0,25: исходящих нет; плательщиков: 1, получено 250 000 ₸: ниже порога накопления."
100000001063678100,peripheral,0.9000,24,0.2382,"«периферийный» 0,90: признаки ниже порога. Ближайший — распределитель 0,10: разных получателей: 2 (порог 10), отправлено 90 000 ₸."
100000001065234100,peripheral,0.4643,59,0.2347,"«периферийный» 0,46 (снижено: исходящие не собирались): признаки ниже порога. Ближайший — консолидатор 0,07: разных плательщиков: 1 (порог 7), получено 360 000 ₸."
100000001065481100,peripheral,0.4643,13,0.0722,"«периферийный» 0,46 (снижено: исходящие не собирались): признаки ниже порога. Ближайший — консолидатор 0,07: разных плательщиков: 1 (порог 7), получено 16 000 ₸."
100000001066017100,peripheral,0.6212,1,0.3049,"«периферийный» 0,62: признаки ниже порога. Ближайший — транзит 0,38: после поступлений другим счетам ушло 61% полученного (коридор 80%–120%)."
100000001072022100,peripheral,0.3929,4,0.5094,"«периферийный» 0,39 (снижено: короткое окно наблюдения): признаки ниже порога. Ближайший — консолидатор 0,21: разных плательщиков: 3 (порог 7), получено 1,7 млн ₸."
100000001073568100,peripheral,0.8061,14,0.3135,"«периферийный» 0,81: признаки ниже порога. Ближайший — транзит 0,19: после поступлений другим счетам ушло 31% полученного (коридор 80%–120%)."
100000001074553100,terminal,0.6250,18,0.5268,"Гипотеза «конечный получатель» 0,62: исходящих нет; плательщиков: 2, получено 28 971 ₸; окно после 90% суммы — 14 дн.. Альтернатива: координатор 0,33."
100000001083990100,peripheral,0.7500,17,0.1683,"«периферийный» 0,75: признаки ниже порога. Ближайший — конечный получатель 0,25: исходящих нет; плательщиков: 1, получено 49 900 ₸: ниже порога накопления."
100000001089055100,peripheral,0.4643,16,0.0616,"«периферийный» 0,46 (снижено: исходящие не собирались): признаки ниже порога. Ближайший — консолидатор 0,07: разных плательщиков: 1 (порог 7), получено 13 000 ₸."
100000001102676100,transit,0.6667,4,0.5436,"Гипотеза «транзит» 0,67: после поступлений другим счетам ушло 100% полученного (коридор 80%–120%); операций мало: входящих 1, исходящих 1. Альтернатива: координатор 0,17."
100000001103905100,peripheral,0.7500,2,0.1753,"«периферийный» 0,75: признаки ниже порога. Ближайший — конечный получатель 0,25: исходящих нет; плательщиков: 1, получено 18 000 ₸: ниже порога накопления."
100000001110358100,terminal,0.6429,1,0.3768,"Гипотеза «конечный получатель» 0,64: исходящих нет; плательщиков: 2, получено 32 000 ₸; окно после 90% суммы — 15 дн.. Альтернатива: консолидатор 0,14."
100000001111763100,peripheral,0.7500,2,0.1716,"«периферийный» 0,75: признаки ниже порога. Ближайший — конечный получатель 0,25: исходящих нет; плательщиков: 1, получено 17 144 ₸: ниже порога накопления."
100000001114385100,peripheral,0.7500,4,0.1378,"«периферийный» 0,75: признаки ниже порога. Ближайший — конечный получатель 0,25: исходящих нет; плательщиков: 1, получено 29 500 ₸: ниже порога накопления."
100000001126374100,terminal,0.5143,1,0.5241,"Гипотеза «конечный получатель» 0,51: исходящие — 16% наблюдаемых входящих; плательщиков: 4, получено 182 500 ₸; окно после 90% суммы — 11 дн.. Альтернатива: консолидатор 0,29."
100000001130176100,peripheral,0.7500,1,0.1278,"«периферийный» 0,75: признаки ниже порога. Ближайший — конечный получатель 0,25: исходящих нет; плательщиков: 1, получено 25 000 ₸: ниже порога накопления."
100000001130553100,peripheral,0.4643,7,0.0786,"«периферийный» 0,46 (снижено: исходящие не собирались): признаки ниже порога. Ближайший — консолидатор 0,07: разных плательщиков: 1 (порог 7), получено 18 000 ₸."
100000001131403100,peripheral,0.4643,58,0.2717,"«периферийный» 0,46 (снижено: исходящие не собирались): признаки ниже порога. Ближайший — консолидатор 0,07: разных плательщиков: 1 (порог 7), получено 1,6 млн ₸."
100000001138283100,peripheral,0.9000,3,0.2588,"«периферийный» 0,90: признаки ниже порога. Ближайший — распределитель 0,10: разных получателей: 2 (порог 10), отправлено 50 000 ₸."
100000001138376100,peripheral,0.4643,15,0.1292,"«периферийный» 0,46 (снижено: короткое окно наблюдения): признаки ниже порога. Ближайший — консолидатор 0,07: разных плательщиков: 1 (порог 7), получено 15 300 ₸."
100000001140785100,terminal,0.6786,6,0.4558,"Гипотеза «конечный получатель» 0,68: исходящих нет; плательщиков: 2, получено 215 000 ₸; окно после 90% суммы — 17 дн.. Альтернатива: консолидатор 0,14."
100000001141268100,peripheral,0.3929,22,0.3876,"«периферийный» 0,39: признаки ниже порога. Ближайший — конечный получатель 0,21: исходящие — 2% наблюдаемых входящих; плательщиков: 2, получено 480 000 ₸; окно после 90% суммы — 3 дн. (нужно 7)."
100000001145749100,peripheral,0.7500,4,0.0524,"«периферийный» 0,75: признаки ниже порога. Ближайший — конечный получатель 0,25: исходящих нет; плательщиков: 1, получено 10 000 ₸: ниже порога накопления."
100000001149815100,peripheral,0.4286,2,0.0889,"«периферийный» 0,43: признаки ниже порога. Ближайший — конечный получатель 0,14: исходящих нет; плательщиков: 1, получено 12 000 ₸; окно после 90% суммы — 4 дн. (нужно 7)."
100000001155773100,peripheral,0.7500,2,0.0892,"«периферийный» 0,75: признаки ниже порога. Ближайший — конечный получатель 0,25: исходящих нет; плательщиков: 1, получено 21 500 ₸: ниже порога накопления."
100000001160401100,peripheral,0.7500,1,0.1352,"«периферийный» 0,75: признаки ниже порога. Ближайший — конечный получатель 0,25: исходящих нет; плательщиков: 1, получено 47 190 ₸: ниже порога накопления."
100000001162560100,distributor,0.5333,18,0.6002,"Гипотеза «распределитель» 0,53: разных получателей: 12 (порог 10), отправлено 2,9 млн ₸. Альтернатива: координатор 0,17."
100000001164648100,peripheral,0.4167,8,0.1988,"«периферийный» 0,42 (снижено: короткое окно наблюдения): признаки ниже порога. Ближайший — координатор 0,17: связей с исходными клиентами: 1 (порог 3); от них 1, к ним 0."
100000001166289100,terminal,0.5452,2,0.4906,"Гипотеза «конечный получатель» 0,55: исходящие — 3% наблюдаемых входящих; плательщиков: 2, получено 721 039 ₸; окно после 90% суммы — 8 дн.. Альтернатива: консолидатор 0,14."
100000001169666100,peripheral,0.7500,8,0.2585,"«периферийный» 0,75: признаки ниже порога. Ближайший — конечный получатель 0,25: исходящие — 11% наблюдаемых входящих; плательщиков: 1, получено 220 000 ₸: ниже порога накопления."
100000001184915100,peripheral,0.4643,15,0.2713,"«периферийный» 0,46 (снижено: короткое окно наблюдения): признаки ниже порога. Ближайший — консолидатор 0,07: разных плательщиков: 1 (порог 7), получено 201 000 ₸."
100000001194266100,peripheral,0.7500,4,0.2965,"«периферийный» 0,75: признаки ниже порога. Ближайший — конечный получатель 0,25: исходящих нет; плательщиков: 1, получено 50 000 ₸: ниже порога накопления."
100000001202637100,peripheral,0.4643,8,0.0524,"«периферийный» 0,46 (снижено: исходящие не собирались): признаки ниже порога. Ближайший — консолидатор 0,07: разных плательщиков: 1 (порог 7), получено 10 000 ₸."
100000001202787100,peripheral,0.4286,1,0.1050,"«периферийный» 0,43 (снижено: исходящие не собирались): признаки ниже порога. Ближайший — консолидатор 0,14: разных плательщиков: 2 (порог 7), получено 14 850 ₸."
100000001220124100,peripheral,0.4643,3,0.1254,"«периферийный» 0,46 (снижено: исходящие не собирались): признаки ниже порога. Ближайший — консолидатор 0,07: разных плательщиков: 1 (порог 7), получено 40 000 ₸."
100000001222245100,peripheral,0.4643,7,0.2407,"«периферийный» 0,46 (снижено: исходящие не собирались): признаки ниже порога. Ближайший — консолидатор 0,07: разных плательщиков: 1 (порог 7), получено 420 000 ₸."
100000001222263100,peripheral,0.7485,7,0.3364,"«периферийный» 0,75: признаки ниже порога. Ближайший — транзит 0,25: после поступлений другим счетам ушло 40% полученного (коридор 80%–120%); всего исходящих 56%."
100000001223977100,peripheral,0.9286,51,0.1306,"«периферийный» 0,93: признаки ниже порога. Ближайший — консолидатор 0,07: разных плательщиков: 1 (порог 7), получено 5 000 ₸."
100000001227106100,peripheral,0.7500,7,0.2309,"«периферийный» 0,75: признаки ниже порога. Ближайший — конечный получатель 0,25: исходящих нет; плательщиков: 1, получено 164 765 ₸: ниже порога накопления."
100000001229743100,peripheral,0.5536,1,0.1114,"«периферийный» 0,55: признаки ниже порога. Ближайший — транзит 0,45: после поступлений другим счетам ушло 129% полученного (коридор 80%–120%); всего исходящих 129%: баланс в выгрузке неполон."
100000001232297100,peripheral,0.9000,13,0.2091,"«периферийный» 0,90: признаки ниже порога. Ближайший — распределитель 0,10: разных получателей: 2 (порог 10), отправлено 45 000 ₸."
100000001236706100,peripheral,0.7857,13,0.2635,"«периферийный» 0,79: признаки ниже порога. Ближайший — консолидатор 0,21: разных плательщиков: 3 (порог 7), получено 142 700 ₸."
100000001241318100,peripheral,0.7500,1,0.1449,"«периферийный» 0,75: признаки ниже порога. Ближайший — конечный получатель 0,25: исходящих нет; плательщиков: 1, получено 53 000 ₸: ниже порога накопления."
100000001246806100,peripheral,0.4643,6,0.1891,"«периферийный» 0,46 (снижено: исходящие не собирались): признаки ниже порога. Ближайший — консолидатор 0,07: разных плательщиков: 1 (порог 7), получено 130 000 ₸."
100000001248999100,peripheral,0.7500,16,0.1223,"«периферийный» 0,75: признаки ниже порога. Ближайший — конечный получатель 0,25: исходящих нет; плательщиков: 1, получено 23 425 ₸: ниже порога накопления."
100000001249054100,peripheral,0.4643,8,0.0761,"«периферийный» 0,46 (снижено: исходящие не собирались): признаки ниже порога. Ближайший — консолидатор 0,07: разных плательщиков: 1 (порог 7), получено 17 375 ₸."
100000001250022100,peripheral,0.4643,9,0.1698,"«периферийный» 0,46 (снижено: короткое окно наблюдения): признаки ниже порога. Ближайший — консолидатор 0,07: разных плательщиков: 1 (порог 7), получено 50 000 ₸."
100000001251686100,peripheral,0.7500,3,0.1086,"«периферийный» 0,75: признаки ниже порога. Ближайший — конечный получатель 0,25: исходящих нет; плательщиков: 1, получено 18 000 ₸: ниже порога накопления."
100000001252290100,peripheral,0.7500,7,0.2630,"«периферийный» 0,75: признаки ниже порога. Ближайший — конечный получатель 0,25: исходящие — 4% наблюдаемых входящих; плательщиков: 1, получено 141 005 ₸: ниже порога накопления."
100000001253557100,peripheral,0.3214,6,0.3679,"«периферийный» 0,32 (снижено: короткое окно наблюдения): признаки ниже порога. Ближайший — консолидатор 0,36: разных плательщиков: 5 (порог 7), получено 210 200 ₸."
100000001256409100,peripheral,0.4643,21,0.0459,"«периферийный» 0,46 (снижено: исходящие не собирались): признаки ниже порога. Ближайший — консолидатор 0,07: разных плательщиков: 1 (порог 7), получено 8 000 ₸."
100000001262647100,peripheral,0.4643,15,0.1231,"«периферийный» 0,46 (снижено: короткое окно наблюдения): признаки ниже порога. Ближайший — консолидатор 0,07: разных плательщиков: 1 (порог 7), получено 23 650 ₸."
100000001270349100,peripheral,0.7500,9,0.2104,"«периферийный» 0,75: признаки ниже порога. Ближайший — конечный получатель 0,25: исходящих нет; плательщиков: 1, получено 200 000 ₸: ниже порога накопления."
100000001270470100,peripheral,0.4643,1,0.1056,"«периферийный» 0,46 (снижено: исходящие не собирались): признаки ниже порога. Ближайший — консолидатор 0,07: разных плательщиков: 1 (порог 7), получено 28 300 ₸."
100000001273783100,peripheral,0.7500,8,0.0921,"«периферийный» 0,75: признаки ниже порога. Ближайший — конечный получатель 0,25: исходящих нет; плательщиков: 1, получено 23 200 ₸: ниже порога накопления."
100000001275557100,peripheral,0.4643,24,0.0839,"«периферийный» 0,46 (снижено: исходящие не собирались): признаки ниже порога. Ближайший — консолидатор 0,07: разных плательщиков: 1 (порог 7), получено 20 000 ₸."
100000001275752100,peripheral,0.4643,6,0.1968,"«периферийный» 0,46 (снижено: короткое окно наблюдения): признаки ниже порога. Ближайший — консолидатор 0,07: разных плательщиков: 1 (порог 7), получено 151 500 ₸."
100000001276409100,peripheral,0.4643,8,0.1739,"«периферийный» 0,46 (снижено: исходящие не собирались): признаки ниже порога. Ближайший — консолидатор 0,07: разных плательщиков: 1 (порог 7), получено 94 760 ₸."
100000001279272100,peripheral,0.6581,1,0.2878,"«периферийный» 0,66: признаки ниже порога. Ближайший — транзит 0,34: после поступлений другим счетам ушло 55% полученного (коридор 80%–120%)."
100000001279875100,peripheral,0.4643,10,0.1676,"«периферийный» 0,46 (снижено: короткое окно наблюдения): признаки ниже порога. Ближайший — консолидатор 0,07: разных плательщиков: 1 (порог 7), получено 49 235 ₸."
100000001280798100,peripheral,0.7500,8,0.0942,"«периферийный» 0,75: признаки ниже порога. Ближайший — конечный получатель 0,25: исходящих нет; плательщиков: 1, получено 23 785 ₸: ниже порога накопления."
100000001282143100,peripheral,0.3214,10,0.4218,"«периферийный» 0,32 (снижено: короткое окно наблюдения): признаки ниже порога. Ближайший — консолидатор 0,36: разных плательщиков: 5 (порог 7), получено 1,7 млн ₸."
100000001285440100,peripheral,0.4286,22,0.3183,"«периферийный» 0,43 (снижено: короткое окно наблюдения): признаки ниже порога. Ближайший — консолидатор 0,14: разных плательщиков: 2 (порог 7), получено 243 000 ₸."
100000001286703100,peripheral,0.4643,39,0.0873,"«периферийный» 0,46 (снижено: исходящие не собирались): признаки ниже порога. Ближайший — консолидатор 0,07: разных плательщиков: 1 (порог 7), получено 20 500 ₸."
100000001287955100,peripheral,0.8000,10,0.2894,"«периферийный» 0,80: признаки ниже порога. Ближайший — распределитель 0,20: разных получателей: 4 (порог 10), отправлено 310 000 ₸."
100000001290243100,peripheral,0.7500,5,0.0824,"«периферийный» 0,75: признаки ниже порога. Ближайший — конечный получатель 0,25: исходящих нет; плательщиков: 1, получено 10 000 ₸: ниже порога накопления."
100000001297206100,peripheral,0.4643,1,0.0434,"«периферийный» 0,46 (снижено: исходящие не собирались): признаки ниже порога. Ближайший — консолидатор 0,07: разных плательщиков: 1 (порог 7), получено 6 758 ₸."
100000001298099100,peripheral,0.7500,8,0.0804,"«периферийный» 0,75: признаки ниже порога. Ближайший — конечный получатель 0,25: исходящих нет; плательщиков: 1, получено 19 000 ₸: ниже порога накопления."
100000001299323100,peripheral,0.4643,6,0.2420,"«периферийный» 0,46 (снижено: исходящие не собирались): признаки ниже порога. Ближайший — консолидатор 0,07: разных плательщиков: 1 (порог 7), получено 109 000 ₸."
100000001299443100,peripheral,0.4643,8,0.0459,"«периферийный» 0,46 (снижено: исходящие не собирались): признаки ниже порога. Ближайший — консолидатор 0,07: разных плательщиков: 1 (порог 7), получено 8 000 ₸."
100000001299828100,peripheral,0.4643,1,0.1777,"«периферийный» 0,46 (снижено: исходящие не собирались): признаки ниже порога. Ближайший — консолидатор 0,07: разных плательщиков: 1 (порог 7), получено 100 000 ₸."
100000001303311100,peripheral,0.3214,22,0.4175,"«периферийный» 0,32 (снижено: короткое окно наблюдения): признаки ниже порога. Ближайший — консолидатор 0,36: разных плательщиков: 5 (порог 7), получено 1,3 млн ₸."
100000001307612100,peripheral,0.7500,2,0.2199,"«периферийный» 0,75: признаки ниже порога. Ближайший — конечный получатель 0,25: исходящих нет; плательщиков: 1, получено 38 483 ₸: ниже порога накопления."
100000001308856100,peripheral,0.7500,2,0.1341,"«периферийный» 0,75: признаки ниже порога. Ближайший — конечный получатель 0,25: исходящих нет; плательщиков: 1, получено 27 000 ₸: ниже порога накопления."
100000001311175100,peripheral,0.4643,10,0.2273,"«периферийный» 0,46 (снижено: исходящие не собирались): признаки ниже порога. Ближайший — консолидатор 0,07: разных плательщиков: 1 (порог 7), получено 300 000 ₸."
100000001317336100,peripheral,0.9000,32,0.3550,"«периферийный» 0,90: признаки ниже порога. Ближайший — распределитель 0,10: разных получателей: 2 (порог 10), отправлено 1,8 млн ₸."
100000001325618100,peripheral,0.4643,8,0.0483,"«периферийный» 0,46 (снижено: исходящие не собирались): признаки ниже порога. Ближайший — консолидатор 0,07: разных плательщиков: 1 (порог 7), получено 9 300 ₸."
100000001329153100,peripheral,0.7500,1,0.1962,"«периферийный» 0,75: признаки ниже порога. Ближайший — конечный получатель 0,25: исходящих нет; плательщиков: 1, получено 150 687 ₸: ниже порога накопления."
100000001330595100,peripheral,0.7857,26,0.3047,"«периферийный» 0,79: признаки ниже порога. Ближайший — консолидатор 0,21: разных плательщиков: 3 (порог 7), получено 87 000 ₸."
100000001330685100,peripheral,0.3929,7,0.4299,"«периферийный» 0,39 (снижено: поздние поступления): признаки ниже порога. Ближайший — консолидатор 0,21: разных плательщиков: 3 (порог 7), получено 2,4 млн ₸."
100000001339466100,peripheral,0.7500,3,0.1098,"«периферийный» 0,75: признаки ниже порога. Ближайший — конечный получатель 0,25: исходящих нет; плательщиков: 1, получено 30 000 ₸: ниже порога накопления."
100000001346560100,peripheral,0.8571,3,0.2854,"«периферийный» 0,86: признаки ниже порога. Ближайший — консолидатор 0,14: разных плательщиков: 2 (порог 7), получено 10 000 ₸."
100000001362940100,peripheral,0.7500,4,0.2901,"«периферийный» 0,75: признаки ниже порога. Ближайший — конечный получатель 0,25: исходящих нет; плательщиков: 1, получено 81 000 ₸: ниже порога накопления."
100000001363952100,peripheral,0.8333,3,0.3726,"«периферийный» 0,83: признаки ниже порога. Ближайший — координатор 0,17: связей с исходными клиентами: 1 (порог 3); от них 1, к ним 0."
100000001373265100,peripheral,0.7500,3,0.2637,"«периферийный» 0,75: признаки ниже порога. Ближайший — конечный получатель 0,25: исходящие — 4% наблюдаемых входящих; плательщиков: 1, получено 142 482 ₸: ниже порога накопления."
100000001378288100,peripheral,0.4643,3,0.2230,"«периферийный» 0,46 (снижено: исходящие не собирались): признаки ниже порога. Ближайший — консолидатор 0,07: разных плательщиков: 1 (порог 7), получено 268 000 ₸."
100000001379511100,peripheral,0.7500,6,0.1476,"«периферийный» 0,75: признаки ниже порога. Ближайший — конечный получатель 0,25: исходящих нет; плательщиков: 1, получено 55 000 ₸: ниже порога накопления."
100000001380054100,peripheral,0.8333,30,0.3940,"«периферийный» 0,83: признаки ниже порога. Ближайший — координатор 0,17: связей с исходными клиентами: 1 (порог 3); от них 1, к ним 1."
100000001380107100,peripheral,0.7500,56,0.0416,"«периферийный» 0,75: признаки ниже порога. Ближайший — конечный получатель 0,25: исходящих нет; плательщиков: 1, получено 6 000 ₸: ниже порога накопления."
100000001380986100,peripheral,0.7500,18,0.1586,"«периферийный» 0,75: признаки ниже порога. Ближайший — конечный получатель 0,25: исходящих нет; плательщиков: 1, получено 70 170 ₸: ниже порога накопления."
100000001382002100,peripheral,0.9286,1,0.1834,"«периферийный» 0,93: исходящие = 103% входящих, но это встречные или более ранние переводы — транзит датами не подтверждён."
100000001384826100,peripheral,0.6357,7,0.3054,"«периферийный» 0,64: признаки ниже порога. Ближайший — конечный получатель 0,36: исходящие — 3% наблюдаемых входящих; плательщиков: 1, получено 364 260 ₸: ниже порога накопления."
100000001386612100,peripheral,0.7500,20,0.1533,"«периферийный» 0,75: признаки ниже порога. Ближайший — конечный получатель 0,25: исходящих нет; плательщиков: 1, получено 62 264 ₸: ниже порога накопления."
100000001389255100,peripheral,0.7500,2,0.1694,"«периферийный» 0,75: признаки ниже порога. Ближайший — конечный получатель 0,25: исходящих нет; плательщиков: 1, получено 16 136 ₸: ниже порога накопления."
100000001411870100,terminal,0.5845,9,0.6037,"Гипотеза «конечный получатель» 0,58: исходящих нет; плательщиков: 2, получено 900 000 ₸; окно после 90% суммы — 8 дн.. Альтернатива: координатор 0,17."
100000001415126100,peripheral,0.7500,20,0.1041,"«периферийный» 0,75: признаки ниже порога. Ближайший — конечный получатель 0,25: исходящих нет; плательщиков: 1, получено 27 000 ₸: ниже порога накопления."
100000001418900100,peripheral,0.4464,2,0.1563,"«периферийный» 0,45: признаки ниже порога. Ближайший — конечный получатель 0,11: исходящих нет; плательщиков: 1, получено 40 140 ₸; окно после 90% суммы — 3 дн. (нужно 7)."
100000001420847100,peripheral,0.4643,19,0.1139,"«периферийный» 0,46 (снижено: короткое окно наблюдения): признаки ниже порога. Ближайший — консолидатор 0,07: разных плательщиков: 1 (порог 7), получено 20 000 ₸."
100000001427082100,peripheral,0.7500,23,0.2796,"«периферийный» 0,75: признаки ниже порога. Ближайший — распределитель 0,25: разных получателей: 5 (порог 10), отправлено 124 900 ₸."
100000001429930100,peripheral,0.7500,13,0.1306,"«периферийный» 0,75: признаки ниже порога. Ближайший — конечный получатель 0,25: исходящих нет; плательщиков: 1, получено 26 000 ₸: ниже порога накопления."
100000001439416100,peripheral,0.9000,33,0.2432,"«периферийный» 0,90: признаки ниже порога. Ближайший — распределитель 0,10: разных получателей: 2 (порог 10), отправлено 165 000 ₸."
100000001445848100,peripheral,0.9286,35,0.2623,"«периферийный» 0,93: признаки ниже порога. Ближайший — консолидатор 0,07: разных плательщиков: 1 (порог 7), получено 546 000 ₸."
100000001463701100,terminal,0.5916,12,0.6881,"Гипотеза «конечный получатель» 0,59: исходящих нет; плательщиков: 2, получено 621 000 ₸; окно после 90% суммы — 11 дн.. Альтернатива: координатор 0,17."
100000001471706100,peripheral,0.4643,20,0.2364,"«периферийный» 0,46 (снижено: исходящие не собирались): признаки ниже порога. Ближайший — консолидатор 0,07: разных плательщиков: 1 (порог 7), получено 377 000 ₸."
100000001477796100,peripheral,0.4167,4,0.3019,"«периферийный» 0,42 (снижено: короткое окно наблюдения): признаки ниже порога. Ближайший — координатор 0,17: связей с исходными клиентами: 1 (порог 3); от них 1, к ним 0."
100000001484381100,terminal,0.5714,8,0.3855,"Гипотеза «конечный получатель» 0,57: исходящих нет; плательщиков: 2, получено 95 585 ₸; окно после 90% суммы — 11 дн.. Альтернатива: консолидатор 0,14."
100000001490461100,peripheral,0.8438,8,0.1371,"«периферийный» 0,84: признаки ниже порога. Ближайший — транзит 0,16: после поступлений другим счетам ушло 25% полученного (коридор 80%–120%)."
100000001498732100,peripheral,0.4643,52,0.0402,"«периферийный» 0,46 (снижено: исходящие не собирались): признаки ниже порога. Ближайший — консолидатор 0,07: разных плательщиков: 1 (порог 7), получено 5 500 ₸."
100000001524952100,peripheral,0.7500,1,0.2769,"«периферийный» 0,75: признаки ниже порога. Ближайший — конечный получатель 0,25: исходящих нет; плательщиков: 1, получено 103 807 ₸: ниже порога накопления."
100000001526235100,peripheral,0.6000,27,0.3126,"«периферийный» 0,60: признаки ниже порога. Ближайший — распределитель 0,40: разных получателей: 8 (порог 10), отправлено 432 750 ₸."
100000001527186100,terminal,0.5297,4,0.5721,"Гипотеза «конечный получатель» 0,53: исходящих нет; плательщиков: 1, получено 678 000 ₸; окно после 90% суммы — 7 дн.. Альтернатива: координатор 0,17."
100000001530709100,peripheral,0.7500,1,0.1763,"«периферийный» 0,75: признаки ниже порога. Ближайший — конечный получатель 0,25: исходящих нет; плательщиков: 1, получено 53 961 ₸: ниже порога накопления."
100000001530740100,peripheral,0.7500,5,0.0674,"«периферийный» 0,75: признаки ниже порога. Ближайший — конечный получатель 0,25: исходящих нет; плательщиков: 1, получено 15 000 ₸: ниже порога накопления."
100000001530983100,distributor,0.5167,5,0.6902,"Гипотеза «распределитель» 0,52: разных получателей: 11 (порог 10), отправлено 1,8 млн ₸. Альтернатива: координатор 0,33."
100000001533161100,peripheral,0.4643,45,0.1777,"«периферийный» 0,46 (снижено: исходящие не собирались): признаки ниже порога. Ближайший — консолидатор 0,07: разных плательщиков: 1 (порог 7), получено 100 000 ₸."
100000001534244100,peripheral,0.3929,6,0.3502,"«периферийный» 0,39: признаки ниже порога. Ближайший — конечный получатель 0,21: исходящие — 12% наблюдаемых входящих; плательщиков: 2, получено 366 000 ₸; окно после 90% суммы — 3 дн. (нужно 7)."
100000001537524100,peripheral,0.4643,10,0.2553,"«периферийный» 0,46 (снижено: исходящие не собирались): признаки ниже порога. Ближайший — консолидатор 0,07: разных плательщиков: 1 (порог 7), получено 150 000 ₸."
100000001538095100,peripheral,0.3929,10,0.2935,"«периферийный» 0,39: признаки ниже порога. Ближайший — конечный получатель 0,21: исходящих нет; плательщиков: 2, получено 280 000 ₸; окно после 90% суммы — 3 дн. (нужно 7)."
100000001541418100,terminal,0.6071,18,0.3967,"Гипотеза «конечный получатель» 0,61: исходящих нет; плательщиков: 2, получено 96 900 ₸; окно после 90% суммы — 13 дн.. Альтернатива: консолидатор 0,14."
100000001549194100,peripheral,0.7500,14,0.1334,"«периферийный» 0,75: признаки ниже порога. Ближайший — конечный получатель 0,25: исходящих нет; плательщиков: 1, получено 46 500 ₸: ниже порога накопления."
100000001550388100,peripheral,0.7500,1,0.2365,"«периферийный» 0,75: признаки ниже порога. Ближайший — конечный получатель 0,25: исходящих нет; плательщиков: 1, получено 50 000 ₸: ниже порога накопления."
100000001550419100,peripheral,0.7500,14,0.0914,"«периферийный» 0,75: признаки ниже порога. Ближайший — конечный получатель 0,25: исходящих нет; плательщиков: 1, получено 23 000 ₸: ниже порога накопления."
100000001554432100,peripheral,0.7500,4,0.3028,"«периферийный» 0,75: признаки ниже порога. Ближайший — конечный получатель 0,25: исходящих нет; плательщиков: 1, получено 53 920 ₸: ниже порога накопления."
100000001557930100,peripheral,0.4643,9,0.1478,"«периферийный» 0,46 (снижено: короткое окно наблюдения): признаки ниже порога. Ближайший — консолидатор 0,07: разных плательщиков: 1 (порог 7), получено 34 610 ₸."
100000001567366100,terminal,0.6076,5,0.5397,"Гипотеза «конечный получатель» 0,61: исходящих нет; плательщиков: 1, получено 824 070 ₸; окно после 90% суммы — 10 дн.. Альтернатива: координатор 0,17."
100000001578517100,peripheral,0.7500,5,0.1098,"«периферийный» 0,75: признаки ниже порога. Ближайший — конечный получатель 0,25: исходящих нет; плательщиков: 1, получено 30 000 ₸: ниже порога накопления."
100000001584286100,terminal,0.6648,10,0.5263,"Гипотеза «конечный получатель» 0,66: исходящих нет; плательщиков: 2, получено 738 699 ₸; окно после 90% суммы — 14 дн.. Альтернатива: консолидатор 0,14."
100000001590795100,peripheral,0.4643,8,0.0386,"«периферийный» 0,46 (снижено: исходящие не собирались): признаки ниже порога. Ближайший — консолидатор 0,07: разных плательщиков: 1 (порог 7), получено 5 060 ₸."
100000001597424100,peripheral,0.7500,14,0.1364,"«периферийный» 0,75: признаки ниже порога. Ближайший — конечный получатель 0,25: исходящих нет; плательщиков: 1, получено 48 100 ₸: ниже порога накопления."
100000001597505100,peripheral,0.9286,4,0.1935,"«периферийный» 0,93: признаки ниже порога. Ближайший — консолидатор 0,07: разных плательщиков: 1 (порог 7), получено 26 460 ₸."
100000001598625100,peripheral,0.4643,3,0.0978,"«периферийный» 0,46 (снижено: исходящие не собирались): признаки ниже порога. Ближайший — консолидатор 0,07: разных плательщиков: 1 (порог 7), получено 25 000 ₸."
100000001600934100,peripheral,0.7500,3,0.2376,"«периферийный» 0,75: признаки ниже порога. Ближайший — конечный получатель 0,25: исходящие — 6% наблюдаемых входящих; плательщиков: 1, получено 180 300 ₸: ниже порога накопления."
100000001601320100,transit,0.6149,11,0.4348,"Гипотеза «транзит» 0,61: после поступлений другим счетам ушло 106% полученного (коридор 80%–120%); операций мало: входящих 2, исходящих 1. Альтернатива: консолидатор 0,14."
100000001609499100,terminal,0.6502,1,0.5725,"Гипотеза «конечный получатель» 0,65: исходящие — 8% наблюдаемых входящих; плательщиков: 3, получено 263 113 ₸; окно после 90% суммы — 23 дн.. Альтернатива: консолидатор 0,21."
100000001611488100,peripheral,0.3929,7,0.3283,"«периферийный» 0,39: признаки ниже порога. Ближайший — конечный получатель 0,21: исходящих нет; плательщиков: 2, получено 779 300 ₸; окно после 90% суммы — 3 дн. (нужно 7)."
100000001616816100,peripheral,0.6429,9,0.3253,"«периферийный» 0,64: признаки ниже порога. Ближайший — консолидатор 0,36: разных плательщиков: 5 (порог 7), получено 176 195 ₸."
100000001632325100,peripheral,0.7500,2,0.1676,"«периферийный» 0,75: признаки ниже порога. Ближайший — конечный получатель 0,25: исходящих нет; плательщиков: 1, получено 85 600 ₸: ниже порога накопления."
100000001633685100,terminal,0.6250,1,0.3993,"Гипотеза «конечный получатель» 0,62: исходящих нет; плательщиков: 3, получено 45 000 ₸; окно после 90% суммы — 14 дн.. Альтернатива: консолидатор 0,21."
100000001637376100,peripheral,0.9286,7,0.3028,"«периферийный» 0,93: признаки ниже порога. Ближайший — консолидатор 0,07: разных плательщиков: 1 (порог 7), получено 116 700 ₸."
100000001639766100,peripheral,0.4286,9,0.0839,"«периферийный» 0,43: признаки ниже порога. Ближайший — конечный получатель 0,14: исходящих нет; плательщиков: 1, получено 20 000 ₸; окно после 90% суммы — 4 дн. (нужно 7)."
100000001641789100,peripheral,0.7500,9,0.2043,"«периферийный» 0,75: признаки ниже порога. Ближайший — конечный получатель 0,25: исходящих нет; плательщиков: 1, получено 17 826 ₸: ниже порога накопления."
100000001641951100,peripheral,0.4464,3,0.2478,"«периферийный» 0,45: признаки ниже порога. Ближайший — конечный получатель 0,11: исходящих нет; плательщиков: 1, получено 25 000 ₸; окно после 90% суммы — 3 дн. (нужно 7)."
100000001648936100,peripheral,0.4643,9,0.2023,"«периферийный» 0,46 (снижено: короткое окно наблюдения): признаки ниже порога. Ближайший — консолидатор 0,07: разных плательщиков: 1 (порог 7), получено 92 740 ₸."
100000001650895100,peripheral,0.7500,8,0.2397,"«периферийный» 0,75: признаки ниже порога. Ближайший — конечный получатель 0,25: исходящие — 7% наблюдаемых входящих; плательщиков: 1, получено 153 500 ₸: ниже порога накопления."
100000001660397100,transit,0.8196,1,0.5742,"Гипотеза «транзит» 0,82: после поступлений другим счетам ушло 101% полученного (коридор 80%–120%); операций мало: входящих 2, исходящих 4. Альтернатива: координатор 0,17."
100000001669260100,peripheral,0.4643,21,0.2488,"«периферийный» 0,46 (снижено: исходящие не собирались): признаки ниже порога. Ближайший — консолидатор 0,07: разных плательщиков: 1 (порог 7), получено 500 000 ₸."
100000001674850100,terminal,0.6250,6,0.4444,"Гипотеза «конечный получатель» 0,62: исходящих нет; плательщиков: 2, получено 237 000 ₸; окно после 90% суммы — 14 дн.. Альтернатива: консолидатор 0,14."
100000001677389100,peripheral,0.9286,16,0.1424,"«периферийный» 0,93: признаки ниже порога. Ближайший — консолидатор 0,07: разных плательщиков: 1 (порог 7), получено 11 000 ₸."
100000001677929100,peripheral,0.7857,11,0.3206,"«периферийный» 0,79: признаки ниже порога. Ближайший — консолидатор 0,21: разных плательщиков: 3 (порог 7), получено 126 777 ₸."
100000001680944100,peripheral,0.4643,22,0.2978,"«периферийный» 0,46 (снижено: короткое окно наблюдения): признаки ниже порога. Ближайший — консолидатор 0,07: разных плательщиков: 1 (порог 7), получено 393 000 ₸."
100000001684867100,peripheral,0.7500,5,0.2087,"«периферийный» 0,75: признаки ниже порога. Ближайший — конечный получатель 0,25: исходящих нет; плательщиков: 1, получено 30 550 ₸: ниже порога накопления."
100000001686328100,peripheral,0.4643,6,0.2515,"«периферийный» 0,46 (снижено: короткое окно наблюдения): признаки ниже порога. Ближайший — консолидатор 0,07: разных плательщиков: 1 (порог 7), получено 140 000 ₸."
100000001688676100,peripheral,0.4107,19,0.2200,"«периферийный» 0,41: признаки ниже порога. Ближайший — конечный получатель 0,18: исходящих нет; плательщиков: 1, получено 133 700 ₸; окно после 90% суммы — 5 дн. (нужно 7)."
100000001689968100,terminal,0.5714,7,0.4838,"Гипотеза «конечный получатель» 0,57: исходящих нет; плательщиков: 3, получено 344 334 ₸; окно после 90% суммы — 11 дн.. Альтернатива: консолидатор 0,21."
100000001690439100,peripheral,0.7500,1,0.0647,"«периферийный» 0,75: признаки ниже порога. Ближайший — конечный получатель 0,25: исходящих нет; плательщиков: 1, получено 14 200 ₸: ниже порога накопления."
100000001690558100,terminal,0.6293,19,0.4765,"Гипотеза «конечный получатель» 0,63: исходящих нет; плательщиков: 1, получено 740 000 ₸; окно после 90% суммы — 12 дн.. Альтернатива: консолидатор 0,07."
100000001696818100,peripheral,0.4167,4,0.2424,"«периферийный» 0,42 (снижено: короткое окно наблюдения): признаки ниже порога. Ближайший — координатор 0,17: связей с исходными клиентами: 1 (порог 3); от них 1, к ним 0."
100000001697501100,distributor,0.9667,2,0.7254,"Гипотеза «распределитель» 0,97: разных получателей: 38 (порог 10), отправлено 1,5 млн ₸. Альтернатива: консолидатор 0,21."
100000001703168100,peripheral,0.9286,4,0.2595,"«периферийный» 0,93: признаки ниже порога. Ближайший — консолидатор 0,07: разных плательщиков: 1 (порог 7), получено 45 000 ₸."
100000001714173100,terminal,0.7196,22,0.4715,"Гипотеза «конечный получатель» 0,72: исходящих нет; плательщиков: 1, получено 638 905 ₸; окно после 90% суммы — 18 дн.. Альтернатива: консолидатор 0,07."
100000001714413100,peripheral,0.7498,7,0.2507,"«периферийный» 0,75: признаки ниже порога. Ближайший — конечный получатель 0,25: исходящих нет; плательщиков: 1, получено 250 172 ₸: ниже порога накопления."
100000001714883100,peripheral,0.4643,8,0.0435,"«периферийный» 0,46 (снижено: исходящие не собирались): признаки ниже порога. Ближайший — консолидатор 0,07: разных плательщиков: 1 (порог 7), получено 6 900 ₸."
100000001716579100,peripheral,0.7500,2,0.1599,"«периферийный» 0,75: признаки ниже порога. Ближайший — конечный получатель 0,25: исходящих нет; плательщиков: 1, получено 13 916 ₸: ниже порога накопления."
100000001724740100,peripheral,0.4643,6,0.2058,"«периферийный» 0,46 (снижено: исходящие не собирались): признаки ниже порога. Ближайший — консолидатор 0,07: разных плательщиков: 1 (порог 7), получено 185 000 ₸."
100000001726614100,peripheral,0.7500,1,0.1910,"«периферийный» 0,75: признаки ниже порога. Ближайший — конечный получатель 0,25: исходящих нет; плательщиков: 1, получено 138 717 ₸: ниже порога накопления."
100000001732159100,peripheral,0.6667,40,0.5289,"«периферийный» 0,67: признаки ниже порога. Ближайший — координатор 0,33: связей с исходными клиентами: 2 (порог 3); от них 2, к ним 2."
100000001733216100,peripheral,0.4643,63,0.1514,"«периферийный» 0,46 (снижено: исходящие не собирались): признаки ниже порога. Ближайший — консолидатор 0,07: разных плательщиков: 1 (порог 7), получено 60 000 ₸."
100000001733687100,peripheral,0.4643,6,0.2873,"«периферийный» 0,46 (снижено: короткое окно наблюдения): признаки ниже порога. Ближайший — консолидатор 0,07: разных плательщиков: 1 (порог 7), получено 300 000 ₸."
100000001737722100,peripheral,0.7500,4,0.1524,"«периферийный» 0,75: признаки ниже порога. Ближайший — конечный получатель 0,25: исходящих нет; плательщиков: 1, получено 60 460 ₸: ниже порога накопления."
100000001740277100,peripheral,0.9286,11,0.0630,"«периферийный» 0,93: признаки ниже порога. Ближайший — консолидатор 0,07: разных плательщиков: 1 (порог 7), получено 8 700 ₸."
100000001745217100,peripheral,0.7500,1,0.1398,"«периферийный» 0,75: признаки ниже порога. Ближайший — конечный получатель 0,25: исходящих нет; плательщиков: 1, получено 50 000 ₸: ниже порога накопления."
100000001746925100,peripheral,0.7500,4,0.2947,"«периферийный» 0,75: признаки ниже порога. Ближайший — конечный получатель 0,25: исходящие — 8% наблюдаемых входящих; плательщиков: 1, получено 65 250 ₸: ниже порога накопления."
100000001782980100,peripheral,0.9286,30,0.2952,"«периферийный» 0,93: признаки ниже порога. Ближайший — консолидатор 0,07: разных плательщиков: 1 (порог 7), получено 50 000 ₸."
100000001784279100,peripheral,0.7500,1,0.1199,"«периферийный» 0,75: признаки ниже порога. Ближайший — конечный получатель 0,25: исходящих нет; плательщиков: 1, получено 35 674 ₸: ниже порога накопления."
100000001785161100,peripheral,0.4286,31,0.2091,"«периферийный» 0,43 (снижено: короткое окно наблюдения): признаки ниже порога. Ближайший — консолидатор 0,14: разных плательщиков: 2 (порог 7), получено 30 000 ₸."
100000001788284100,peripheral,0.7500,27,0.2876,"«периферийный» 0,75: признаки ниже порога. Ближайший — распределитель 0,25: разных получателей: 5 (порог 10), отправлено 296 700 ₸."
100000001805543100,peripheral,0.7500,5,0.2469,"«периферийный» 0,75: признаки ниже порога. Ближайший — конечный получатель 0,25: исходящих нет; плательщиков: 1, получено 59 000 ₸: ниже порога накопления."
100000001808684100,peripheral,0.9286,9,0.1981,"«периферийный» 0,93: признаки ниже порога. Ближайший — консолидатор 0,07: разных плательщиков: 1 (порог 7), получено 48 400 ₸."
100000001816678100,peripheral,0.4643,3,0.1814,"«периферийный» 0,46 (снижено: исходящие не собирались): признаки ниже порога. Ближайший — консолидатор 0,07: разных плательщиков: 1 (порог 7), получено 60 000 ₸."
100000001818442100,peripheral,0.7500,8,0.1280,"«периферийный» 0,75: признаки ниже порога. Ближайший — конечный получатель 0,25: исходящих нет; плательщиков: 1, получено 42 215 ₸: ниже порога накопления."
100000001819396100,peripheral,0.7500,28,0.2015,"«периферийный» 0,75: признаки ниже порога. Ближайший — конечный получатель 0,25: исходящих нет; плательщиков: 1, получено 166 080 ₸: ниже порога накопления."
100000001822623100,peripheral,0.7500,24,0.2414,"«периферийный» 0,75: признаки ниже порога. Ближайший — конечный получатель 0,25: исходящих нет; плательщиков: 1, получено 201 300 ₸: ниже порога накопления."
100000001822650100,peripheral,0.4643,6,0.2136,"«периферийный» 0,46 (снижено: исходящие не собирались): признаки ниже порога. Ближайший — консолидатор 0,07: разных плательщиков: 1 (порог 7), получено 112 000 ₸."
100000001825934100,peripheral,0.9286,37,0.2599,"«периферийный» 0,93: признаки ниже порога. Ближайший — консолидатор 0,07: разных плательщиков: 1 (порог 7), получено 40 000 ₸."
100000001831496100,peripheral,0.9286,12,0.2779,"«периферийный» 0,93: признаки ниже порога. Ближайший — консолидатор 0,07: разных плательщиков: 1 (порог 7), получено 25 000 ₸."
100000001835625100,peripheral,0.7500,7,0.1908,"«периферийный» 0,75: признаки ниже порога. Ближайший — конечный получатель 0,25: исходящих нет; плательщиков: 1, получено 75 130 ₸: ниже порога накопления."
100000001837130100,peripheral,0.7500,1,0.2039,"«периферийный» 0,75: признаки ниже порога. Ближайший — конечный получатель 0,25: исходящих нет; плательщиков: 1, получено 172 900 ₸: ниже порога накопления."
100000001845505100,peripheral,0.4643,3,0.1139,"«периферийный» 0,46 (снижено: исходящие не собирались): признаки ниже порога. Ближайший — консолидатор 0,07: разных плательщиков: 1 (порог 7), получено 20 000 ₸."
100000001848426100,peripheral,0.4464,9,0.2047,"«периферийный» 0,45: признаки ниже порога. Ближайший — конечный получатель 0,11: исходящих нет; плательщиков: 1, получено 95 530 ₸; окно после 90% суммы — 3 дн. (нужно 7)."
100000001851289100,peripheral,0.7500,5,0.2789,"«периферийный» 0,75: признаки ниже порога. Ближайший — конечный получатель 0,25: исходящих нет; плательщиков: 1, получено 109 510 ₸: ниже порога накопления."
100000001852140100,peripheral,0.7500,60,0.1098,"«периферийный» 0,75: признаки ниже порога. Ближайший — конечный получатель 0,25: исходящих нет; плательщиков: 1, получено 30 000 ₸: ниже порога накопления."
100000001853812100,peripheral,0.7500,3,0.1878,"«периферийный» 0,75: признаки ниже порога. Ближайший — конечный получатель 0,25: исходящих нет; плательщиков: 1, получено 70 000 ₸: ниже порога накопления."
100000001857829100,distributor,0.6000,3,0.5548,"Гипотеза «распределитель» 0,60: разных получателей: 16 (порог 10), отправлено 2,4 млн ₸. Альтернатива: консолидатор 0,43."
100000001860090100,peripheral,0.4643,9,0.0667,"«периферийный» 0,46 (снижено: короткое окно наблюдения): признаки ниже порога. Ближайший — консолидатор 0,07: разных плательщиков: 1 (порог 7), получено 5 000 ₸."
100000001870116100,peripheral,0.4167,2,0.1915,"«периферийный» 0,42 (снижено: короткое окно наблюдения): признаки ниже порога. Ближайший — координатор 0,17: связей с исходными клиентами: 1 (порог 3); от них 1, к ним 0."
100000001872484100,peripheral,0.8333,57,0.4165,"«периферийный» 0,83: признаки ниже порога. Ближайший — координатор 0,17: связей с исходными клиентами: 1 (порог 3); от них 1, к ним 1."
100000001875167100,peripheral,0.3571,7,0.2944,"«периферийный» 0,36: признаки ниже порога. Ближайший — конечный получатель 0,29: исходящих нет; плательщиков: 1, получено 1,0 млн ₸; окно после 90% суммы — 4 дн. (нужно 7)."
100000001875239100,terminal,0.5710,6,0.5387,"Гипотеза «конечный получатель» 0,57: исходящих нет; плательщиков: 3, получено 712 000 ₸; окно после 90% суммы — 9 дн.. Альтернатива: консолидатор 0,21."
100000001884825100,peripheral,0.3214,6,0.3582,"«периферийный» 0,32: признаки ниже порога. Ближайший — конечный получатель 0,36: исходящих нет; плательщиков: 3, получено 495 000 ₸; окно после 90% суммы — 5 дн. (нужно 7)."
100000001887715100,peripheral,0.6480,22,0.4218,"«периферийный» 0,65: признаки ниже порога. Ближайший — транзит 0,35: после поступлений другим счетам ушло 56% полученного (коридор 80%–120%)."
100000001893287100,peripheral,0.9286,9,0.2035,"«периферийный» 0,93: признаки ниже порога. Ближайший — консолидатор 0,07: разных плательщиков: 1 (порог 7), получено 18 000 ₸."
100000001899164100,peripheral,0.7143,3,0.3908,"«периферийный» 0,71: признаки ниже порога. Ближайший — консолидатор 0,29: разных плательщиков: 4 (порог 7), получено 291 675 ₸."
100000001904863100,peripheral,0.4643,14,0.3088,"«периферийный» 0,46 (снижено: короткое окно наблюдения): признаки ниже порога. Ближайший — консолидатор 0,07: разных плательщиков: 1 (порог 7), получено 500 000 ₸."
100000001924185100,terminal,0.5536,12,0.6851,"Гипотеза «конечный получатель» 0,55: исходящих нет; плательщиков: 2, получено 151 000 ₸; окно после 90% суммы — 10 дн.. Альтернатива: координатор 0,33."
100000001927599100,terminal,0.7500,8,0.4709,"Гипотеза «конечный получатель» 0,75: исходящих нет; плательщиков: 2, получено 188 000 ₸; окно после 90% суммы — 23 дн.. Альтернатива: консолидатор 0,14."
100000001929088100,peripheral,0.3333,11,0.4708,"«периферийный» 0,33 (снижено: короткое окно наблюдения): признаки ниже порога. Ближайший — координатор 0,33: связей с исходными клиентами: 2 (порог 3); от них 2, к ним 0."
100000001934935100,peripheral,0.4286,1,0.2162,"«периферийный» 0,43: признаки ниже порога. Ближайший — конечный получатель 0,14: исходящих нет; плательщиков: 1, получено 118 935 ₸; окно после 90% суммы — 4 дн. (нужно 7)."
100000001937767100,peripheral,0.8000,14,0.4577,"«периферийный» 0,80: признаки ниже порога. Ближайший — распределитель 0,20: разных получателей: 4 (порог 10), отправлено 1,9 млн ₸."
100000001952325100,peripheral,0.4167,2,0.2588,"«периферийный» 0,42 (снижено: короткое окно наблюдения): признаки ниже порога. Ближайший — координатор 0,17: связей с исходными клиентами: 1 (порог 3); от них 1, к ним 0."
100000001953577100,peripheral,0.7500,2,0.1672,"«периферийный» 0,75: признаки ниже порога. Ближайший — конечный получатель 0,25: исходящих нет; плательщиков: 1, получено 15 600 ₸: ниже порога накопления."
100000001954534100,peripheral,0.9286,1,0.1841,"«периферийный» 0,93: признаки ниже порога. Ближайший — консолидатор 0,07: разных плательщиков: 1 (порог 7), получено 13 000 ₸."
100000001954903100,peripheral,0.7500,8,0.1048,"«периферийный» 0,75: признаки ниже порога. Ближайший — конечный получатель 0,25: исходящих нет; плательщиков: 1, получено 27 118 ₸: ниже порога накопления."
100000001957974100,peripheral,0.4643,14,0.2488,"«периферийный» 0,46 (снижено: исходящие не собирались): признаки ниже порога. Ближайший — консолидатор 0,07: разных плательщиков: 1 (порог 7), получено 500 000 ₸."
100000001960517100,peripheral,0.7500,9,0.3071,"«периферийный» 0,75: признаки ниже порога. Ближайший — конечный получатель 0,25: исходящих нет; плательщиков: 1, получено 200 000 ₸: ниже порога накопления."
100000001961048100,peripheral,0.7500,31,0.2253,"«периферийный» 0,75: признаки ниже порога. Ближайший — конечный получатель 0,25: исходящих нет; плательщиков: 1, получено 150 000 ₸: ниже порога накопления."
100000001965374100,peripheral,0.8447,25,0.3670,"«периферийный» 0,84: признаки ниже порога. Ближайший — транзит 0,16: после поступлений другим счетам ушло 159% полученного (коридор 80%–120%); всего исходящих 175%: баланс в выгрузке неполон."
100000001969496100,peripheral,0.7500,14,0.0907,"«периферийный» 0,75: признаки ниже порога. Ближайший — конечный получатель 0,25: исходящих нет; плательщиков: 1, получено 22 740 ₸: ниже порога накопления."
100000001985793100,peripheral,0.5800,9,0.2707,"«периферийный» 0,58: признаки ниже порога. Ближайший — конечный получатель 0,42: исходящих нет; плательщиков: 1, получено 420 000 ₸: ниже порога накопления."
100000001987030100,peripheral,0.6152,15,0.2851,"«периферийный» 0,62: признаки ниже порога. Ближайший — транзит 0,38: после поступлений другим счетам ушло 62% полученного (коридор 80%–120%)."
100000001991973100,peripheral,0.4643,8,0.0876,"«периферийный» 0,46 (снижено: исходящие не собирались): признаки ниже порога. Ближайший — консолидатор 0,07: разных плательщиков: 1 (порог 7), получено 20 800 ₸."
100000002015633100,peripheral,0.7500,7,0.1740,"«периферийный» 0,75: признаки ниже порога. Ближайший — конечный получатель 0,25: исходящих нет; плательщиков: 1, получено 94 970 ₸: ниже порога накопления."
100000002028158100,peripheral,0.4464,15,0.1480,"«периферийный» 0,45: признаки ниже порога. Ближайший — конечный получатель 0,11: исходящих нет; плательщиков: 1, получено 34 800 ₸; окно после 90% суммы — 3 дн. (нужно 7)."
100000002032323100,peripheral,0.9286,6,0.3082,"«периферийный» 0,93: признаки ниже порога. Ближайший — консолидатор 0,07: разных плательщиков: 1 (порог 7), получено 300 000 ₸."
100000002087788100,peripheral,0.7500,7,0.1792,"«периферийный» 0,75: признаки ниже порога. Ближайший — конечный получатель 0,25: исходящих нет; плательщиков: 1, получено 100 500 ₸: ниже порога накопления."
100000002095257100,peripheral,0.7500,3,0.0767,"«периферийный» 0,75: признаки ниже порога. Ближайший — конечный получатель 0,25: исходящих нет; плательщиков: 1, получено 8 500 ₸: ниже порога накопления."
100000002103448100,peripheral,0.7500,2,0.1041,"«периферийный» 0,75: признаки ниже порога. Ближайший — конечный получатель 0,25: исходящих нет; плательщиков: 1, получено 27 000 ₸: ниже порога накопления."
100000002109656100,terminal,0.6250,10,0.4363,"Гипотеза «конечный получатель» 0,62: исходящих нет; плательщиков: 1, получено 500 000 ₸; окно после 90% суммы — 14 дн.. Альтернатива: консолидатор 0,07."
100000002116705100,peripheral,0.7500,2,0.1072,"«периферийный» 0,75: признаки ниже порога. Ближайший — конечный получатель 0,25: исходящих нет; плательщиков: 1, получено 17 600 ₸: ниже порога накопления."
100000002119762100,peripheral,0.4643,7,0.1920,"«периферийный» 0,46 (снижено: исходящие не собирались): признаки ниже порога. Ближайший — консолидатор 0,07: разных плательщиков: 1 (порог 7), получено 77 000 ₸."
100000002121357100,peripheral,0.8571,6,0.3156,"«периферийный» 0,86: признаки ниже порога. Ближайший — консолидатор 0,14: разных плательщиков: 2 (порог 7), получено 255 300 ₸."
100000002126791100,peripheral,0.4643,6,0.2684,"«периферийный» 0,46 (снижено: исходящие не собирались): признаки ниже порога. Ближайший — консолидатор 0,07: разных плательщиков: 1 (порог 7), получено 1,3 млн ₸."
100000002130400100,peripheral,0.4643,37,0.0824,"«периферийный» 0,46 (снижено: исходящие не собирались): признаки ниже порога. Ближайший — консолидатор 0,07: разных плательщиков: 1 (порог 7), получено 10 000 ₸."
100000002132479100,peripheral,0.9286,14,0.1398,"«периферийный» 0,93: признаки ниже порога. Ближайший — консолидатор 0,07: разных плательщиков: 1 (порог 7), получено 30 000 ₸."
100000002152857100,peripheral,0.7500,9,0.4262,"«периферийный» 0,75: признаки ниже порога. Ближайший — распределитель 0,25: разных получателей: 5 (порог 10), отправлено 1,2 млн ₸."
100000002156381100,peripheral,0.8571,12,0.3543,"«периферийный» 0,86: признаки ниже порога. Ближайший — консолидатор 0,14: разных плательщиков: 2 (порог 7), получено 61 000 ₸."
100000002158488100,peripheral,0.7500,2,0.2108,"«периферийный» 0,75: признаки ниже порога. Ближайший — конечный получатель 0,25: исходящих нет; плательщиков: 1, получено 31 723 ₸: ниже порога накопления."
100000002170580100,peripheral,0.7500,8,0.1953,"«периферийный» 0,75: признаки ниже порога. Ближайший — конечный получатель 0,25: исходящих нет; плательщиков: 1, получено 150 000 ₸: ниже порога накопления."
100000002173070100,peripheral,0.7500,5,0.1098,"«периферийный» 0,75: признаки ниже порога. Ближайший — конечный получатель 0,25: исходящих нет; плательщиков: 1, получено 30 000 ₸: ниже порога накопления."
100000002173161100,peripheral,0.3214,5,0.4170,"«периферийный» 0,32: признаки ниже порога. Ближайший — конечный получатель 0,36: исходящих нет; плательщиков: 3, получено 1,4 млн ₸; окно после 90% суммы — 5 дн. (нужно 7)."
100000002175422100,peripheral,0.7000,32,0.3634,"«периферийный» 0,70: признаки ниже порога. Ближайший — распределитель 0,30: разных получателей: 6 (порог 10), отправлено 1,6 млн ₸."
100000002182176100,peripheral,0.7500,1,0.2249,"«периферийный» 0,75: признаки ниже порога. Ближайший — конечный получатель 0,25: исходящих нет; плательщиков: 1, получено 42 465 ₸: ниже порога накопления."
100000002184107100,peripheral,0.7500,35,0.0422,"«периферийный» 0,75: признаки ниже порога. Ближайший — конечный получатель 0,25: исходящих нет; плательщиков: 1, получено 6 066 ₸: ниже порога накопления."
100000002185328100,peripheral,0.8000,23,0.2167,"«периферийный» 0,80: признаки ниже порога. Ближайший — распределитель 0,20: разных получателей: 4 (порог 10), отправлено 55 000 ₸."
100000002188586100,peripheral,0.4643,8,0.1231,"«периферийный» 0,46 (снижено: исходящие не собирались): признаки ниже порога. Ближайший — консолидатор 0,07: разных плательщиков: 1 (порог 7), получено 38 310 ₸."
100000002188829100,peripheral,0.3571,4,0.3958,"«периферийный» 0,36: признаки ниже порога. Ближайший — конечный получатель 0,29: исходящих нет; плательщиков: 1, получено 400 000 ₸; окно после 90% суммы — 5 дн. (нужно 7)."
100000002193259100,peripheral,0.7656,3,0.2614,"«периферийный» 0,77: признаки ниже порога. Ближайший — транзит 0,23: после поступлений другим счетам ушло 38% полученного (коридор 80%–120%); всего исходящих 121%: баланс в выгрузке неполон."
100000002194320100,peripheral,0.4643,59,0.2235,"«периферийный» 0,46 (снижено: исходящие не собирались): признаки ниже порога. Ближайший — консолидатор 0,07: разных плательщиков: 1 (порог 7), получено 275 000 ₸."
100000002194329100,peripheral,0.7500,1,0.1295,"«периферийный» 0,75: признаки ниже порога. Ближайший — конечный получатель 0,25: исходящих нет; плательщиков: 1, получено 25 170 ₸: ниже порога накопления."
100000002199091100,peripheral,0.7500,2,0.1846,"«периферийный» 0,75: признаки ниже порога. Ближайший — конечный получатель 0,25: исходящих нет; плательщиков: 1, получено 65 000 ₸: ниже порога накопления."
100000002205022100,peripheral,0.8500,56,0.3066,"«периферийный» 0,85: признаки ниже порога. Ближайший — распределитель 0,15: разных получателей: 3 (порог 10), отправлено 518 000 ₸."
100000002208836100,peripheral,0.4643,7,0.2006,"«периферийный» 0,46 (снижено: исходящие не собирались): признаки ниже порога. Ближайший — консолидатор 0,07: разных плательщиков: 1 (порог 7), получено 90 000 ₸."
100000002211413100,peripheral,0.4167,2,0.2179,"«периферийный» 0,42 (снижено: короткое окно наблюдения): признаки ниже порога. Ближайший — координатор 0,17: связей с исходными клиентами: 1 (порог 3); от них 1, к ним 0."
100000002212494100,peripheral,0.7500,32,0.2295,"«периферийный» 0,75: признаки ниже порога. Ближайший — конечный получатель 0,25: исходящих нет; плательщиков: 1, получено 160 000 ₸: ниже порога накопления."
100000002214207100,peripheral,0.4643,37,0.1755,"«периферийный» 0,46 (снижено: исходящие не собирались): признаки ниже порога. Ближайший — консолидатор 0,07: разных плательщиков: 1 (порог 7), получено 97 000 ₸."
100000002214301100,peripheral,0.7668,1,0.2436,"«периферийный» 0,77: признаки ниже порога. Ближайший — транзит 0,23: после поступлений другим счетам ушло 37% полученного (коридор 80%–120%)."
100000002214383100,peripheral,0.4643,2,0.2127,"«периферийный» 0,46 (снижено: исходящие не собирались): признаки ниже порога. Ближайший — консолидатор 0,07: разных плательщиков: 1 (порог 7), получено 213 000 ₸."
100000002214570100,peripheral,0.7500,2,0.1997,"«периферийный» 0,75: признаки ниже порога. Ближайший — конечный получатель 0,25: исходящих нет; плательщиков: 1, получено 26 471 ₸: ниже порога накопления."
100000002214664100,peripheral,0.9286,2,0.2360,"«периферийный» 0,93: признаки ниже порога. Ближайший — консолидатор 0,07: разных плательщиков: 1 (порог 7), получено 7 950 ₸."
100000002216999100,peripheral,0.7500,2,0.0936,"«периферийный» 0,75: признаки ниже порога. Ближайший — конечный получатель 0,25: исходящих нет; плательщиков: 1, получено 23 677 ₸: ниже порога накопления."
100000002217161100,peripheral,0.6500,35,0.3625,"«периферийный» 0,65: признаки ниже порога. Ближайший — распределитель 0,35: разных получателей: 7 (порог 10), отправлено 995 132 ₸."
100000002217806100,peripheral,0.4643,38,0.1476,"«периферийный» 0,46 (снижено: исходящие не собирались): признаки ниже порога. Ближайший — консолидатор 0,07: разных плательщиков: 1 (порог 7), получено 55 000 ₸."
100000002224132100,peripheral,0.6429,25,0.3734,"«периферийный» 0,64: признаки ниже порога. Ближайший — консолидатор 0,36: разных плательщиков: 5 (порог 7), получено 4,0 млн ₸."
100000002227960100,peripheral,0.4643,23,0.0524,"«периферийный» 0,46 (снижено: исходящие не собирались): признаки ниже порога. Ближайший — консолидатор 0,07: разных плательщиков: 1 (порог 7), получено 10 000 ₸."
100000002227989100,peripheral,0.4643,23,0.0839,"«периферийный» 0,46 (снижено: исходящие не собирались): признаки ниже порога. Ближайший — консолидатор 0,07: разных плательщиков: 1 (порог 7), получено 20 000 ₸."
100000002229615100,peripheral,0.4643,23,0.0978,"«периферийный» 0,46 (снижено: исходящие не собирались): признаки ниже порога. Ближайший — консолидатор 0,07: разных плательщиков: 1 (порог 7), получено 25 000 ₸."
100000002231144100,peripheral,0.4643,23,0.0674,"«периферийный» 0,46 (снижено: исходящие не собирались): признаки ниже порога. Ближайший — консолидатор 0,07: разных плательщиков: 1 (порог 7), получено 15 000 ₸."
100000002232266100,peripheral,0.7500,3,0.1615,"«периферийный» 0,75: признаки ниже порога. Ближайший — конечный получатель 0,25: исходящих нет; плательщиков: 1, получено 45 000 ₸: ниже порога накопления."
100000002236528100,peripheral,0.7500,11,0.1854,"«периферийный» 0,75: признаки ниже порога. Ближайший — конечный получатель 0,25: исходящих нет; плательщиков: 1, получено 66 000 ₸: ниже порога накопления."
100000002241986100,peripheral,0.7000,39,0.3710,"«периферийный» 0,70: признаки ниже порога. Ближайший — распределитель 0,30: разных получателей: 6 (порог 10), отправлено 3,1 млн ₸."
100000002242066100,peripheral,0.4643,35,0.1514,"«периферийный» 0,46 (снижено: исходящие не собирались): признаки ниже порога. Ближайший — консолидатор 0,07: разных плательщиков: 1 (порог 7), получено 60 000 ₸."
100000002242455100,peripheral,0.4643,7,0.1825,"«периферийный» 0,46 (снижено: исходящие не собирались): признаки ниже порога. Ближайший — консолидатор 0,07: разных плательщиков: 1 (порог 7), получено 110 000 ₸."
100000002243354100,peripheral,0.7500,2,0.1843,"«периферийный» 0,75: признаки ниже порога. Ближайший — конечный получатель 0,25: исходящих нет; плательщиков: 1, получено 20 879 ₸: ниже порога накопления."
100000002255058100,peripheral,0.5085,4,0.2476,"«периферийный» 0,51: признаки ниже порога. Ближайший — конечный получатель 0,49: исходящих нет; плательщиков: 1, получено 491 500 ₸: ниже порога накопления."
100000002257794100,peripheral,0.7500,26,0.1978,"«периферийный» 0,75: признаки ниже порога. Ближайший — конечный получатель 0,25: исходящих нет; плательщиков: 1, получено 154 000 ₸: ниже порога накопления."
100000002258492100,peripheral,0.4643,20,0.0477,"«периферийный» 0,46 (снижено: исходящие не собирались): признаки ниже порога. Ближайший — консолидатор 0,07: разных плательщиков: 1 (порог 7), получено 9 000 ₸."
100000002267998100,peripheral,0.8500,24,0.3517,"«периферийный» 0,85: признаки ниже порога. Ближайший — распределитель 0,15: разных получателей: 3 (порог 10), отправлено 1,1 млн ₸."
100000002284426100,peripheral,0.7500,7,0.2006,"«периферийный» 0,75: признаки ниже порога. Ближайший — конечный получатель 0,25: исходящих нет; плательщиков: 1, получено 90 000 ₸: ниже порога накопления."
100000002289937100,peripheral,0.7500,2,0.1806,"«периферийный» 0,75: признаки ниже порога. Ближайший — конечный получатель 0,25: исходящих нет; плательщиков: 1, получено 20 000 ₸: ниже порога накопления."
100000002293421100,peripheral,0.6189,1,0.2493,"«периферийный» 0,62: признаки ниже порога. Ближайший — транзит 0,38: после поступлений другим счетам ушло 61% полученного (коридор 80%–120%); всего исходящих 115%."
100000002299948100,peripheral,0.7500,4,0.0432,"«периферийный» 0,75: признаки ниже порога. Ближайший — конечный получатель 0,25: исходящих нет; плательщиков: 1, получено 6 750 ₸: ниже порога накопления."
100000002301828100,peripheral,0.7500,16,0.1640,"«периферийный» 0,75: признаки ниже порога. Ближайший — конечный получатель 0,25: исходящих нет; плательщиков: 1, получено 46 977 ₸: ниже порога накопления."
100000002304943100,peripheral,0.4643,23,0.0674,"«периферийный» 0,46 (снижено: исходящие не собирались): признаки ниже порога. Ближайший — консолидатор 0,07: разных плательщиков: 1 (порог 7), получено 15 000 ₸."
100000002305007100,peripheral,0.7500,2,0.1486,"«периферийный» 0,75: признаки ниже порога. Ближайший — конечный получатель 0,25: исходящих нет; плательщиков: 1, получено 56 000 ₸: ниже порога накопления."
100000002305477100,peripheral,0.4643,23,0.0839,"«периферийный» 0,46 (снижено: исходящие не собирались): признаки ниже порога. Ближайший — консолидатор 0,07: разных плательщиков: 1 (порог 7), получено 20 000 ₸."
100000002306369100,peripheral,0.7000,3,0.3898,"«периферийный» 0,70: признаки ниже порога. Ближайший — распределитель 0,30: разных получателей: 6 (порог 10), отправлено 260 900 ₸."
100000002308091100,peripheral,0.7500,10,0.2062,"«периферийный» 0,75: признаки ниже порога. Ближайший — конечный получатель 0,25: исходящих нет; плательщиков: 1, получено 186 720 ₸: ниже порога накопления."
100000002320495100,peripheral,0.4643,16,0.0628,"«периферийный» 0,46 (снижено: исходящие не собирались): признаки ниже порога. Ближайший — консолидатор 0,07: разных плательщиков: 1 (порог 7), получено 13 526 ₸."
100000002324543100,peripheral,0.7500,18,0.2084,"«периферийный» 0,75: признаки ниже порога. Ближайший — конечный получатель 0,25: исходящих нет; плательщиков: 1, получено 30 202 ₸: ниже порога накопления."
100000002335358100,peripheral,0.7500,5,0.2215,"«периферийный» 0,75: признаки ниже порога. Ближайший — конечный получатель 0,25: исходящих нет; плательщиков: 1, получено 140 000 ₸: ниже порога накопления."
100000002340562100,peripheral,0.7500,11,0.1509,"«периферийный» 0,75: признаки ниже порога. Ближайший — конечный получатель 0,25: исходящих нет; плательщиков: 1, получено 36 650 ₸: ниже порога накопления."
100000002343825100,peripheral,0.7857,6,0.3011,"«периферийный» 0,79: признаки ниже порога. Ближайший — консолидатор 0,21: разных плательщиков: 3 (порог 7), получено 350 000 ₸."
100000002346166100,peripheral,0.7500,2,0.0416,"«периферийный» 0,75: признаки ниже порога. Ближайший — конечный получатель 0,25: исходящих нет; плательщиков: 1, получено 6 000 ₸: ниже порога накопления."
100000002356167100,peripheral,0.7000,7,0.2811,"«периферийный» 0,70: признаки ниже порога. Ближайший — конечный получатель 0,30: исходящие — 10% наблюдаемых входящих; плательщиков: 1, получено 300 000 ₸: ниже порога накопления."
100000002369443100,peripheral,0.4286,2,0.1698,"«периферийный» 0,43: признаки ниже порога. Ближайший — конечный получатель 0,14: исходящих нет; плательщиков: 1, получено 50 000 ₸; окно после 90% суммы — 4 дн. (нужно 7)."
100000002369454100,peripheral,0.4643,3,0.0978,"«периферийный» 0,46 (снижено: исходящие не собирались): признаки ниже порога. Ближайший — консолидатор 0,07: разных плательщиков: 1 (порог 7), получено 25 000 ₸."
100000002369510100,peripheral,0.4643,2,0.1515,"«периферийный» 0,46 (снижено: короткое окно наблюдения): признаки ниже порога. Ближайший — консолидатор 0,07: разных плательщиков: 1 (порог 7), получено 37 150 ₸."
100000002369874100,peripheral,0.3571,6,0.3999,"«периферийный» 0,36 (снижено: короткое окно наблюдения): признаки ниже порога. Ближайший — консолидатор 0,29: разных плательщиков: 4 (порог 7), получено 600 000 ₸."
100000002371751100,peripheral,0.5312,62,0.3797,"«периферийный» 0,53: признаки ниже порога. Ближайший — транзит 0,47: после поступлений другим счетам ушло 125% полученного (коридор 80%–120%); всего исходящих 125%: баланс в выгрузке неполон."
100000002371892100,peripheral,0.4643,64,0.1291,"«периферийный» 0,46 (снижено: исходящие не собирались): признаки ниже порога. Ближайший — консолидатор 0,07: разных плательщиков: 1 (порог 7), получено 43 830 ₸."
100000002373144100,peripheral,0.8552,1,0.1883,"«периферийный» 0,86: признаки ниже порога. Ближайший — транзит 0,14: после поступлений другим счетам ушло 23% полученного (коридор 80%–120%)."
100000002373386100,peripheral,0.4643,2,0.1248,"«периферийный» 0,46 (снижено: короткое окно наблюдения): признаки ниже порога. Ближайший — консолидатор 0,07: разных плательщиков: 1 (порог 7), получено 24 000 ₸."
100000002380341100,peripheral,0.7500,1,0.1493,"«периферийный» 0,75: признаки ниже порога. Ближайший — конечный получатель 0,25: исходящих нет; плательщиков: 1, получено 57 566 ₸: ниже порога накопления."
100000002391278100,peripheral,0.9286,9,0.1649,"«периферийный» 0,93: признаки ниже порога. Ближайший — консолидатор 0,07: разных плательщиков: 1 (порог 7), получено 30 000 ₸."
100000002394199100,peripheral,0.9286,11,0.2340,"«периферийный» 0,93: признаки ниже порога. Ближайший — консолидатор 0,07: разных плательщиков: 1 (порог 7), получено 277 398 ₸."
100000002398779100,consolidator,0.7308,1,0.5811,"Гипотеза «консолидатор» 0,73: разных плательщиков: 13 (порог 7), получено 1,1 млн ₸. Конечный получатель 0,74 сильнее, но признаки веера приоритетнее."
100000002404112100,peripheral,0.4643,28,0.1514,"«периферийный» 0,46 (снижено: исходящие не собирались): признаки ниже порога. Ближайший — консолидатор 0,07: разных плательщиков: 1 (порог 7), получено 60 000 ₸."
100000002432143100,peripheral,0.7500,3,0.1638,"«периферийный» 0,75: признаки ниже порога. Ближайший — конечный получатель 0,25: исходящих нет; плательщиков: 1, получено 81 310 ₸: ниже порога накопления."
100000002433697100,transit,0.5385,7,0.4194,"Гипотеза «транзит» 0,54: после поступлений другим счетам ушло 85% полученного (коридор 80%–120%); операций мало: входящих 1, исходящих 1. Альтернатива: консолидатор 0,07."
100000002435265100,peripheral,0.7500,1,0.2198,"«периферийный» 0,75: признаки ниже порога. Ближайший — конечный получатель 0,25: исходящих нет; плательщиков: 1, получено 132 628 ₸: ниже порога накопления."
100000002443664100,peripheral,0.3214,10,0.3923,"«периферийный» 0,32: признаки ниже порога. Ближайший — конечный получатель 0,36: исходящих нет; плательщиков: 3, получено 556 880 ₸; окно после 90% суммы — 5 дн. (нужно 7)."
100000002445750100,peripheral,0.7500,1,0.2322,"«периферийный» 0,75: признаки ниже порога. Ближайший — конечный получатель 0,25: исходящие — 14% наблюдаемых входящих; плательщиков: 1, получено 70 000 ₸: ниже порога накопления."
100000002448088100,peripheral,0.5312,23,0.1874,"«периферийный» 0,53: признаки ниже порога. Ближайший — транзит 0,47: после поступлений другим счетам ушло 125% полученного (коридор 80%–120%); всего исходящих 125%: баланс в выгрузке неполон."
100000002454724100,peripheral,0.7500,31,0.1879,"«периферийный» 0,75: признаки ниже порога. Ближайший — конечный получатель 0,25: исходящих нет; плательщиков: 1, получено 125 000 ₸: ниже порога накопления."
100000002457464100,peripheral,0.3929,4,0.1858,"«периферийный» 0,39: признаки ниже порога. Ближайший — конечный получатель 0,21: исходящих нет; плательщиков: 1, получено 66 647 ₸; окно после 90% суммы — 6 дн. (нужно 7)."
100000002459093100,terminal,0.5321,9,0.4808,"Гипотеза «конечный получатель» 0,53: исходящие — 11% наблюдаемых входящих; плательщиков: 1, получено 500 000 ₸; окно после 90% суммы — 11 дн.. Альтернатива: консолидатор 0,07."
100000002459163100,peripheral,0.7500,57,0.1168,"«периферийный» 0,75: признаки ниже порога. Ближайший — конечный получатель 0,25: исходящих нет; плательщиков: 1, получено 20 180 ₸: ниже порога накопления."
100000002459164100,peripheral,0.4643,1,0.1139,"«периферийный» 0,46 (снижено: короткое окно наблюдения): признаки ниже порога. Ближайший — консолидатор 0,07: разных плательщиков: 1 (порог 7), получено 20 000 ₸."
100000002459240100,peripheral,0.7500,7,0.1953,"«периферийный» 0,75: признаки ниже порога. Ближайший — конечный получатель 0,25: исходящих нет; плательщиков: 1, получено 150 000 ₸: ниже порога накопления."
100000002459832100,terminal,0.5813,21,0.5057,"Гипотеза «конечный получатель» 0,58: исходящих нет; плательщиков: 2, получено 880 606 ₸; окно после 90% суммы — 8 дн.. Альтернатива: консолидатор 0,14."
100000002462183100,peripheral,0.7500,46,0.2782,"«периферийный» 0,75: признаки ниже порога. Ближайший — конечный получатель 0,25: исходящих нет; плательщиков: 1, получено 107 500 ₸: ниже порога накопления."
100000002469065100,peripheral,0.7500,5,0.2104,"«периферийный» 0,75: признаки ниже порога. Ближайший — конечный получатель 0,25: исходящих нет; плательщиков: 1, получено 200 000 ₸: ниже порога накопления."
100000002472632100,terminal,0.5432,27,0.4637,"Гипотеза «конечный получатель» 0,54: исходящие — 4% наблюдаемых входящих; плательщиков: 2, получено 502 400 ₸; окно после 90% суммы — 10 дн.. Альтернатива: консолидатор 0,14."
100000002474570100,peripheral,0.4643,8,0.0432,"«периферийный» 0,46 (снижено: исходящие не собирались): признаки ниже порога. Ближайший — консолидатор 0,07: разных плательщиков: 1 (порог 7), получено 6 750 ₸."
100000002475601100,peripheral,0.7500,21,0.2166,"«периферийный» 0,75: признаки ниже порога. Ближайший — конечный получатель 0,25: исходящих нет; плательщиков: 1, получено 232 301 ₸: ниже порога накопления."
100000002478829100,peripheral,0.4643,23,0.1171,"«периферийный» 0,46 (снижено: исходящие не собирались): признаки ниже порога. Ближайший — консолидатор 0,07: разных плательщиков: 1 (порог 7), получено 34 000 ₸."
100000002479804100,peripheral,0.6875,4,0.3106,"«периферийный» 0,69: признаки ниже порога. Ближайший — транзит 0,31: после поступлений другим счетам ушло 50% полученного (коридор 80%–120%); всего исходящих 77%."
100000002480800100,terminal,0.5651,4,0.6178,"Гипотеза «конечный получатель» 0,57: исходящих нет; плательщиков: 2, получено 569 251 ₸; окно после 90% суммы — 10 дн.. Альтернатива: координатор 0,17."
100000002481735100,peripheral,0.4643,5,0.1204,"«периферийный» 0,46 (снижено: короткое окно наблюдения): признаки ниже порога. Ближайший — консолидатор 0,07: разных плательщиков: 1 (порог 7), получено 22 436 ₸."
100000002481974100,peripheral,0.8571,3,0.2956,"«периферийный» 0,86: признаки ниже порога. Ближайший — консолидатор 0,14: разных плательщиков: 2 (порог 7), получено 89 447 ₸."
100000002487222100,peripheral,0.4643,7,0.1706,"«периферийный» 0,46 (снижено: исходящие не собирались): признаки ниже порога. Ближайший — консолидатор 0,07: разных плательщиков: 1 (порог 7), получено 90 000 ₸."
100000002488629100,peripheral,0.4643,9,0.1896,"«периферийный» 0,46 (снижено: короткое окно наблюдения): признаки ниже порога. Ближайший — консолидатор 0,07: разных плательщиков: 1 (порог 7), получено 73 050 ₸."
100000002489253100,peripheral,0.7500,5,0.1724,"«периферийный» 0,75: признаки ниже порога. Ближайший — конечный получатель 0,25: исходящих нет; плательщиков: 1, получено 51 000 ₸: ниже порога накопления."
100000002492277100,peripheral,0.4643,4,0.2209,"«периферийный» 0,46 (снижено: короткое окно наблюдения): признаки ниже порога. Ближайший — консолидатор 0,07: разных плательщиков: 1 (порог 7), получено 138 500 ₸."
100000002505277100,peripheral,0.4643,63,0.1514,"«периферийный» 0,46 (снижено: исходящие не собирались): признаки ниже порога. Ближайший — консолидатор 0,07: разных плательщиков: 1 (порог 7), получено 60 000 ₸."
100000002506987100,peripheral,0.4643,8,0.1055,"«периферийный» 0,46 (снижено: исходящие не собирались): признаки ниже порога. Ближайший — консолидатор 0,07: разных плательщиков: 1 (порог 7), получено 28 200 ₸."
100000002508637100,peripheral,0.6936,21,0.2686,"«периферийный» 0,69: признаки ниже порога. Ближайший — конечный получатель 0,31: исходящие — 3% наблюдаемых входящих; плательщиков: 1, получено 306 410 ₸: ниже порога накопления."
100000002509598100,peripheral,0.6945,10,0.2288,"«периферийный» 0,69: признаки ниже порога. Ближайший — конечный получатель 0,31: исходящих нет; плательщиков: 1, получено 305 550 ₸: ниже порога накопления."
100000002511581100,peripheral,0.7500,2,0.0772,"«периферийный» 0,75: признаки ниже порога. Ближайший — конечный получатель 0,25: исходящих нет; плательщиков: 1, получено 17 600 ₸: ниже порога накопления."
100000002511825100,peripheral,0.7500,1,0.2513,"«периферийный» 0,75: признаки ниже порога. Ближайший — конечный получатель 0,25: исходящих нет; плательщиков: 1, получено 65 000 ₸: ниже порога накопления."
100000002512742100,peripheral,0.4643,8,0.0416,"«периферийный» 0,46 (снижено: исходящие не собирались): признаки ниже порога. Ближайший — консолидатор 0,07: разных плательщиков: 1 (порог 7), получено 6 000 ₸."
100000002513028100,peripheral,0.8500,61,0.3178,"«периферийный» 0,85: признаки ниже порога. Ближайший — распределитель 0,15: разных получателей: 3 (порог 10), отправлено 332 709 ₸."
100000002514975100,peripheral,0.4643,28,0.0778,"«периферийный» 0,46 (снижено: исходящие не собирались): признаки ниже порога. Ближайший — консолидатор 0,07: разных плательщиков: 1 (порог 7), получено 17 920 ₸."
100000002516862100,peripheral,0.4643,61,0.1642,"«периферийный» 0,46 (снижено: исходящие не собирались): признаки ниже порога. Ближайший — консолидатор 0,07: разных плательщиков: 1 (порог 7), получено 81 710 ₸."
100000002521039100,peripheral,0.6506,1,0.2628,"«периферийный» 0,65: признаки ниже порога. Ближайший — конечный получатель 0,35: исходящих нет; плательщиков: 1, получено 349 370 ₸: ниже порога накопления."
100000002527114100,distributor,1.0000,2,0.6464,"Гипотеза «распределитель» 1,00: разных получателей: 111 (порог 10), отправлено 3,3 млн ₸. Альтернатива: консолидатор 0,21."
100000002528544100,peripheral,0.7500,21,0.2081,"«периферийный» 0,75: признаки ниже порога. Ближайший — конечный получатель 0,25: исходящих нет; плательщиков: 1, получено 192 912 ₸: ниже порога накопления."
100000002528978100,peripheral,0.4643,8,0.0714,"«периферийный» 0,46 (снижено: исходящие не собирались): признаки ниже порога. Ближайший — консолидатор 0,07: разных плательщиков: 1 (порог 7), получено 15 900 ₸."
100000002529877100,peripheral,0.4643,10,0.2764,"«периферийный» 0,46 (снижено: исходящие не собирались): признаки ниже порога. Ближайший — консолидатор 0,07: разных плательщиков: 1 (порог 7), получено 232 000 ₸."
100000002529880100,terminal,0.6250,6,0.4208,"Гипотеза «конечный получатель» 0,62: исходящих нет; плательщиков: 2, получено 147 000 ₸; окно после 90% суммы — 14 дн.. Альтернатива: консолидатор 0,14."
100000002530224100,peripheral,0.7500,6,0.1842,"«периферийный» 0,75: признаки ниже порога. Ближайший — конечный получатель 0,25: исходящих нет; плательщиков: 1, получено 113 000 ₸: ниже порога накопления."
100000002531406100,peripheral,0.9286,21,0.3044,"«периферийный» 0,93: исходящие = 96% входящих, но это встречные или более ранние переводы — транзит датами не подтверждён."
100000002534091100,peripheral,0.7500,3,0.1203,"«периферийный» 0,75: признаки ниже порога. Ближайший — конечный получатель 0,25: исходящих нет; плательщиков: 1, получено 22 200 ₸: ниже порога накопления."
100000002537811100,peripheral,0.9286,12,0.1955,"«периферийный» 0,93: признаки ниже порога. Ближайший — консолидатор 0,07: разных плательщиков: 1 (порог 7), получено 52 000 ₸."
100000002539625100,peripheral,0.7500,6,0.1736,"«периферийный» 0,75: признаки ниже порога. Ближайший — конечный получатель 0,25: исходящих нет; плательщиков: 1, получено 94 700 ₸: ниже порога накопления."
100000002540033100,peripheral,0.4643,22,0.1424,"«периферийный» 0,46 (снижено: исходящие не собирались): признаки ниже порога. Ближайший — консолидатор 0,07: разных плательщиков: 1 (порог 7), получено 10 000 ₸."
100000002540623100,peripheral,0.7500,8,0.1777,"«периферийный» 0,75: признаки ниже порога. Ближайший — конечный получатель 0,25: исходящих нет; плательщиков: 1, получено 100 000 ₸: ниже порога накопления."
100000002546921100,peripheral,0.7500,14,0.0839,"«периферийный» 0,75: признаки ниже порога. Ближайший — конечный получатель 0,25: исходящих нет; плательщиков: 1, получено 20 000 ₸: ниже порога накопления."
100000002547110100,terminal,0.8095,6,0.5744,"Гипотеза «конечный получатель» 0,81: исходящих нет; плательщиков: 6, получено 1,5 млн ₸; окно после 90% суммы — 15 дн.. Альтернатива: консолидатор 0,43."
100000002548759100,peripheral,0.3929,6,0.3355,"«периферийный» 0,39: признаки ниже порога. Ближайший — конечный получатель 0,21: исходящих нет; плательщиков: 2, получено 375 000 ₸; окно после 90% суммы — 3 дн. (нужно 7)."
100000002550141100,peripheral,0.7500,3,0.1793,"«периферийный» 0,75: признаки ниже порога. Ближайший — конечный получатель 0,25: исходящих нет; плательщиков: 1, получено 100 586 ₸: ниже порога накопления."
100000002554175100,peripheral,0.7500,8,0.0961,"«периферийный» 0,75: признаки ниже порога. Ближайший — конечный получатель 0,25: исходящих нет; плательщиков: 1, получено 24 621 ₸: ниже порога накопления."
100000002556775100,peripheral,0.7000,7,0.2573,"«периферийный» 0,70: признаки ниже порога. Ближайший — конечный получатель 0,30: исходящих нет; плательщиков: 1, получено 300 000 ₸: ниже порога накопления."
100000002558173100,peripheral,0.7500,4,0.0783,"«периферийный» 0,75: признаки ниже порога. Ближайший — конечный получатель 0,25: исходящих нет; плательщиков: 1, получено 9 300 ₸: ниже порога накопления."
100000002559089100,peripheral,0.4286,10,0.3565,"«периферийный» 0,43 (снижено: короткое окно наблюдения): признаки ниже порога. Ближайший — консолидатор 0,14: разных плательщиков: 2 (порог 7), получено 715 000 ₸."
100000002565277100,peripheral,0.3619,4,0.4033,"«периферийный» 0,36: признаки ниже порога. Ближайший — конечный получатель 0,28: исходящих нет; плательщиков: 1, получено 483 319 ₸; окно после 90% суммы — 4 дн. (нужно 7)."
100000002566204100,peripheral,0.7500,8,0.1633,"«периферийный» 0,75: признаки ниже порога. Ближайший — конечный получатель 0,25: исходящих нет; плательщиков: 1, получено 80 805 ₸: ниже порога накопления."
100000002567887100,peripheral,0.7500,7,0.1722,"«периферийный» 0,75: признаки ниже порога. Ближайший — конечный получатель 0,25: исходящих нет; плательщиков: 1, получено 50 915 ₸: ниже порога накопления."
100000002570206100,terminal,0.5179,16,0.3965,"Гипотеза «конечный получатель» 0,52: исходящих нет; плательщиков: 2, получено 166 960 ₸; окно после 90% суммы — 8 дн.. Альтернатива: консолидатор 0,14."
100000002575080100,transit,0.6346,15,0.3298,"Гипотеза «транзит» 0,63: после поступлений другим счетам ушло 96% полученного (коридор 80%–120%); операций мало: входящих 1, исходящих 1. Альтернатива: консолидатор 0,07."
100000002578405100,distributor,1.0000,2,0.6778,"Гипотеза «распределитель» 1,00: разных получателей: 116 (порог 10), отправлено 3,1 млн ₸. Альтернатива: консолидатор 0,14."
100000002578653100,peripheral,0.7500,47,0.1139,"«периферийный» 0,75: признаки ниже порога. Ближайший — конечный получатель 0,25: исходящих нет; плательщиков: 1, получено 20 000 ₸: ниже порога накопления."
100000002580377100,peripheral,0.7500,5,0.2643,"«периферийный» 0,75: признаки ниже порога. Ближайший — конечный получатель 0,25: исходящие — 13% наблюдаемых входящих; плательщиков: 1, получено 37 750 ₸: ниже порога накопления."
100000002581346100,peripheral,0.7500,7,0.2317,"«периферийный» 0,75: признаки ниже порога. Ближайший — конечный получатель 0,25: исходящих нет; плательщиков: 1, получено 166 400 ₸: ниже порога накопления."
100000002589019100,peripheral,0.7500,17,0.2146,"«периферийный» 0,75: признаки ниже порога. Ближайший — конечный получатель 0,25: исходящих нет; плательщиков: 1, получено 34 710 ₸: ниже порога накопления."
100000002591469100,peripheral,0.7500,11,0.3140,"«периферийный» 0,75: признаки ниже порога. Ближайший — конечный получатель 0,25: исходящих нет; плательщиков: 1, получено 235 670 ₸: ниже порога накопления."
100000002592567100,peripheral,0.6667,5,0.3597,"«периферийный» 0,67: признаки ниже порога. Ближайший — координатор 0,33: связей с исходными клиентами: 2 (порог 3); от них 1, к ним 1."
100000002593038100,peripheral,0.7500,3,0.1361,"«периферийный» 0,75: признаки ниже порога. Ближайший — конечный получатель 0,25: исходящих нет; плательщиков: 1, получено 28 500 ₸: ниже порога накопления."
100000002593344100,peripheral,0.4286,6,0.3709,"«периферийный» 0,43 (снижено: короткое окно наблюдения): признаки ниже порога. Ближайший — консолидатор 0,14: разных плательщиков: 2 (порог 7), получено 431 000 ₸."
100000002594214100,peripheral,0.4643,39,0.2644,"«периферийный» 0,46 (снижено: исходящие не собирались): признаки ниже порога. Ближайший — консолидатор 0,07: разных плательщиков: 1 (порог 7), получено 1,0 млн ₸."
100000002596035100,peripheral,0.7500,12,0.3430,"«периферийный» 0,75: признаки ниже порога. Ближайший — конечный получатель 0,25: исходящих нет; плательщиков: 1, получено 231 570 ₸: ниже порога накопления."
100000002596039100,peripheral,0.4643,3,0.2243,"«периферийный» 0,46 (снижено: исходящие не собирались): признаки ниже порога. Ближайший — консолидатор 0,07: разных плательщиков: 1 (порог 7), получено 280 000 ₸."
100000002597003100,peripheral,0.8333,1,0.2424,"«периферийный» 0,83: признаки ниже порога. Ближайший — координатор 0,17: связей с исходными клиентами: 1 (порог 3); от них 1, к ним 0."
100000002597074100,peripheral,0.4643,1,0.0759,"«периферийный» 0,46 (снижено: исходящие не собирались): признаки ниже порога. Ближайший — консолидатор 0,07: разных плательщиков: 1 (порог 7), получено 8 000 ₸."
100000002597623100,peripheral,0.7500,1,0.1033,"«периферийный» 0,75: признаки ниже порога. Ближайший — конечный получатель 0,25: исходящих нет; плательщиков: 1, получено 16 418 ₸: ниже порога накопления."
100000002599729100,peripheral,0.4643,1,0.1846,"«периферийный» 0,46 (снижено: исходящие не собирались): признаки ниже порога. Ближайший — консолидатор 0,07: разных плательщиков: 1 (порог 7), получено 65 000 ₸."
100000002600345100,terminal,0.7500,5,0.5052,"Гипотеза «конечный получатель» 0,75: исходящих нет; плательщиков: 2, получено 52 400 ₸; окно после 90% суммы — 23 дн.. Альтернатива: координатор 0,17."
100000002603371100,peripheral,0.7500,1,0.0483,"«периферийный» 0,75: признаки ниже порога. Ближайший — конечный получатель 0,25: исходящих нет; плательщиков: 1, получено 9 300 ₸: ниже порога накопления."
100000002603478100,peripheral,0.7500,17,0.1892,"«периферийный» 0,75: признаки ниже порога. Ближайший — конечный получатель 0,25: исходящих нет; плательщиков: 1, получено 23 500 ₸: ниже порога накопления."
100000002603769100,terminal,0.7928,1,0.6523,"Гипотеза «конечный получатель» 0,79: исходящих нет; плательщиков: 3, получено 1,2 млн ₸; окно после 90% суммы — 17 дн.. Альтернатива: консолидатор 0,21."
100000002605184100,peripheral,0.4643,15,0.2215,"«периферийный» 0,46 (снижено: короткое окно наблюдения): признаки ниже порога. Ближайший — консолидатор 0,07: разных плательщиков: 1 (порог 7), получено 140 000 ₸."
100000002605308100,peripheral,0.3214,14,0.4180,"«периферийный» 0,32: признаки ниже порога. Ближайший — конечный получатель 0,36: исходящих нет; плательщиков: 3, получено 2,6 млн ₸; окно после 90% суммы — 5 дн. (нужно 7)."
100000002605548100,terminal,0.5714,12,0.6127,"Гипотеза «конечный получатель» 0,57: исходящих нет; плательщиков: 2, получено 116 695 ₸; окно после 90% суммы — 11 дн.. Альтернатива: координатор 0,17."
100000002606567100,peripheral,0.8333,1,0.2924,"«периферийный» 0,83: признаки ниже порога. Ближайший — координатор 0,17: связей с исходными клиентами: 1 (порог 3); от них 1, к ним 0."
100000002609774100,peripheral,0.8333,8,0.2554,"«периферийный» 0,83: признаки ниже порога. Ближайший — координатор 0,17: связей с исходными клиентами: 1 (порог 3); от них 1, к ним 0."
100000002611334100,peripheral,0.7994,1,0.1928,"«периферийный» 0,80: признаки ниже порога. Ближайший — транзит 0,20: после поступлений другим счетам ушло 32% полученного (коридор 80%–120%)."
100000002612809100,peripheral,0.8500,37,0.2731,"«периферийный» 0,85: признаки ниже порога. Ближайший — распределитель 0,15: разных получателей: 3 (порог 10), отправлено 114 000 ₸."
100000002613776100,peripheral,0.7500,1,0.1398,"«периферийный» 0,75: признаки ниже порога. Ближайший — конечный получатель 0,25: исходящих нет; плательщиков: 1, получено 30 000 ₸: ниже порога накопления."
100000002613929100,peripheral,0.7500,18,0.1064,"«периферийный» 0,75: признаки ниже порога. Ближайший — конечный получатель 0,25: исходящих нет; плательщиков: 1, получено 28 560 ₸: ниже порога накопления."
100000002614095100,peripheral,0.7500,2,0.0394,"«периферийный» 0,75: признаки ниже порога. Ближайший — конечный получатель 0,25: исходящих нет; плательщиков: 1, получено 5 300 ₸: ниже порога накопления."
100000002615479100,peripheral,0.7500,18,0.3109,"«периферийный» 0,75: признаки ниже порога. Ближайший — конечный получатель 0,25: исходящих нет; плательщиков: 1, получено 220 000 ₸: ниже порога накопления."
100000002618492100,terminal,0.5536,12,0.5585,"Гипотеза «конечный получатель» 0,55: исходящих нет; плательщиков: 2, получено 296 500 ₸; окно после 90% суммы — 10 дн.. Альтернатива: координатор 0,17."
100000002621434100,peripheral,0.3929,6,0.1635,"«периферийный» 0,39: признаки ниже порога. Ближайший — конечный получатель 0,21: исходящих нет; плательщиков: 1, получено 81 000 ₸; окно после 90% суммы — 6 дн. (нужно 7)."
100000002621915100,peripheral,0.7500,5,0.0667,"«периферийный» 0,75: признаки ниже порога. Ближайший — конечный получатель 0,25: исходящих нет; плательщиков: 1, получено 5 000 ₸: ниже порога накопления."
100000002621949100,peripheral,0.7500,4,0.3574,"«периферийный» 0,75: признаки ниже порога. Ближайший — конечный получатель 0,25: исходящих нет; плательщиков: 1, получено 164 612 ₸: ниже порога накопления."
100000002622822100,peripheral,0.4643,22,0.2582,"«периферийный» 0,46 (снижено: исходящие не собирались): признаки ниже порога. Ближайший — консолидатор 0,07: разных плательщиков: 1 (порог 7), получено 750 000 ₸."
100000002628146100,peripheral,0.4643,4,0.1419,"«периферийный» 0,46 (снижено: короткое окно наблюдения): признаки ниже порога. Ближайший — консолидатор 0,07: разных плательщиков: 1 (порог 7), получено 30 500 ₸."
100000002628576100,peripheral,0.5372,7,0.3540,"«периферийный» 0,54: признаки ниже порога. Ближайший — транзит 0,46: после поступлений другим счетам ушло 74% полученного (коридор 80%–120%)."
100000002632742100,peripheral,0.4286,6,0.3165,"«периферийный» 0,43 (снижено: короткое окно наблюдения): признаки ниже порога. Ближайший — консолидатор 0,14: разных плательщиков: 2 (порог 7), получено 235 500 ₸."
100000002633108100,peripheral,0.6800,14,0.2300,"«периферийный» 0,68: признаки ниже порога. Ближайший — конечный получатель 0,32: исходящих нет; плательщиков: 1, получено 320 000 ₸: ниже порога накопления."
100000002633701100,peripheral,0.4643,18,0.2528,"«периферийный» 0,46 (снижено: короткое окно наблюдения): признаки ниже порога. Ближайший — консолидатор 0,07: разных плательщиков: 1 (порог 7), получено 266 850 ₸."
100000002635746100,peripheral,0.4643,8,0.0394,"«периферийный» 0,46 (снижено: исходящие не собирались): признаки ниже порога. Ближайший — консолидатор 0,07: разных плательщиков: 1 (порог 7), получено 5 300 ₸."
100000002635780100,peripheral,0.4286,11,0.2302,"«периферийный» 0,43: признаки ниже порога. Ближайший — конечный получатель 0,14: исходящих нет; плательщиков: 1, получено 163 000 ₸; окно после 90% суммы — 4 дн. (нужно 7)."
100000002644285100,terminal,0.7500,10,0.4738,"Гипотеза «конечный получатель» 0,75: исходящих нет; плательщиков: 1, получено 500 000 ₸; окно после 90% суммы — 27 дн.. Альтернатива: консолидатор 0,07."
100000002645046100,peripheral,0.4643,8,0.0589,"«периферийный» 0,46 (снижено: исходящие не собирались): признаки ниже порога. Ближайший — консолидатор 0,07: разных плательщиков: 1 (порог 7), получено 12 000 ₸."
100000002645609100,terminal,0.5078,1,0.5564,"Гипотеза «конечный получатель» 0,51: исходящих нет; плательщиков: 4, получено 546 821 ₸; окно после 90% суммы — 7 дн.. Альтернатива: консолидатор 0,29."
100000002645993100,peripheral,0.7500,1,0.2524,"«периферийный» 0,75: признаки ниже порога. Ближайший — распределитель 0,25: разных получателей: 5 (порог 10), отправлено 86 980 ₸."
100000002646745100,peripheral,0.7500,2,0.0600,"«периферийный» 0,75: признаки ниже порога. Ближайший — конечный получатель 0,25: исходящих нет; плательщиков: 1, получено 12 300 ₸: ниже порога накопления."
100000002646887100,peripheral,0.7500,6,0.0958,"«периферийный» 0,75: признаки ниже порога. Ближайший — конечный получатель 0,25: исходящих нет; плательщиков: 1, получено 24 354 ₸: ниже порога накопления."
100000002648315100,peripheral,0.6402,11,0.3590,"«периферийный» 0,64: признаки ниже порога. Ближайший — транзит 0,36: после поступлений другим счетам ушло 58% полученного (коридор 80%–120%)."
100000002653187100,peripheral,0.4643,3,0.0674,"«периферийный» 0,46 (снижено: исходящие не собирались): признаки ниже порога. Ближайший — консолидатор 0,07: разных плательщиков: 1 (порог 7), получено 15 000 ₸."
100000002653948100,peripheral,0.7500,7,0.1675,"«периферийный» 0,75: признаки ниже порога. Ближайший — конечный получатель 0,25: исходящих нет; плательщиков: 1, получено 85 200 ₸: ниже порога накопления."
100000002659103100,peripheral,0.4643,45,0.2012,"«периферийный» 0,46 (снижено: исходящие не собирались): признаки ниже порога. Ближайший — консолидатор 0,07: разных плательщиков: 1 (порог 7), получено 165 000 ₸."
100000002659265100,peripheral,0.4643,6,0.2221,"«периферийный» 0,46 (снижено: исходящие не собирались): признаки ниже порога. Ближайший — консолидатор 0,07: разных плательщиков: 1 (порог 7), получено 141 000 ₸."
100000002660298100,peripheral,0.4643,8,0.1124,"«периферийный» 0,46 (снижено: исходящие не собирались): признаки ниже порога. Ближайший — консолидатор 0,07: разных плательщиков: 1 (порог 7), получено 30 900 ₸."
100000002662768100,peripheral,0.4167,4,0.2628,"«периферийный» 0,42 (снижено: короткое окно наблюдения): признаки ниже порога. Ближайший — координатор 0,17: связей с исходными клиентами: 1 (порог 3); от них 1, к ним 0."
100000002663511100,peripheral,0.7311,1,0.2231,"«периферийный» 0,73: признаки ниже порога. Ближайший — конечный получатель 0,27: исходящих нет; плательщиков: 1, получено 268 940 ₸: ниже порога накопления."
100000002666248100,peripheral,0.7500,4,0.3152,"«периферийный» 0,75: признаки ниже порога. Ближайший — конечный получатель 0,25: исходящих нет; плательщиков: 1, получено 70 032 ₸: ниже порога накопления."
100000002670463100,peripheral,0.4643,8,0.1137,"«периферийный» 0,46 (снижено: исходящие не собирались): признаки ниже порога. Ближайший — консолидатор 0,07: разных плательщиков: 1 (порог 7), получено 31 500 ₸."
100000002670860100,terminal,0.5536,10,0.5457,"Гипотеза «конечный получатель» 0,55: исходящих нет; плательщиков: 2, получено 450 000 ₸; окно после 90% суммы — 10 дн.. Альтернатива: координатор 0,17."
100000002670960100,peripheral,0.5197,10,0.2464,"«периферийный» 0,52: признаки ниже порога. Ближайший — конечный получатель 0,48: исходящих нет; плательщиков: 1, получено 480 310 ₸: ниже порога накопления."
100000002671326100,peripheral,0.4643,6,0.2657,"«периферийный» 0,46 (снижено: исходящие не собирались): признаки ниже порога. Ближайший — консолидатор 0,07: разных плательщиков: 1 (порог 7), получено 1,1 млн ₸."
100000002671806100,peripheral,0.7500,17,0.1570,"«периферийный» 0,75: признаки ниже порога. Ближайший — конечный получатель 0,25: исходящих нет; плательщиков: 1, получено 12 440 ₸: ниже порога накопления."
100000002677201100,peripheral,0.6344,6,0.2570,"«периферийный» 0,63: признаки ниже порога. Ближайший — транзит 0,37: после поступлений другим счетам ушло 58% полученного (коридор 80%–120%)."
100000002679516100,terminal,0.6964,3,0.5657,"Гипотеза «конечный получатель» 0,70: исходящих нет; плательщиков: 3, получено 102 335 ₸; окно после 90% суммы — 18 дн.. Альтернатива: консолидатор 0,21."
100000002680477100,peripheral,0.4286,10,0.1278,"«периферийный» 0,43: признаки ниже порога. Ближайший — конечный получатель 0,14: исходящих нет; плательщиков: 1, получено 25 000 ₸; окно после 90% суммы — 4 дн. (нужно 7)."
100000002681449100,peripheral,0.6283,40,0.3678,"«периферийный» 0,63: признаки ниже порога. Ближайший — транзит 0,37: после поступлений другим счетам ушло 141% полученного (коридор 80%–120%); всего исходящих 141%: баланс в выгрузке неполон."
100000002681544100,terminal,0.6607,11,0.4689,"Гипотеза «конечный получатель» 0,66: исходящих нет; плательщиков: 2, получено 166 072 ₸; окно после 90% суммы — 16 дн.. Альтернатива: консолидатор 0,14."
100000002686226100,peripheral,0.4643,16,0.2415,"«периферийный» 0,46 (снижено: исходящие не собирались): признаки ниже порога. Ближайший — консолидатор 0,07: разных плательщиков: 1 (порог 7), получено 430 000 ₸."
100000002689717100,peripheral,0.4643,8,0.1358,"«периферийный» 0,46 (снижено: исходящие не собирались): признаки ниже порога. Ближайший — консолидатор 0,07: разных плательщиков: 1 (порог 7), получено 47 500 ₸."
100000002691583100,peripheral,0.7148,28,0.2251,"«периферийный» 0,71: признаки ниже порога. Ближайший — конечный получатель 0,29: исходящих нет; плательщиков: 1, получено 285 200 ₸: ниже порога накопления."
100000002691858100,peripheral,0.7500,4,0.1432,"«периферийный» 0,75: признаки ниже порога. Ближайший — конечный получатель 0,25: исходящих нет; плательщиков: 1, получено 51 500 ₸: ниже порога накопления."
100000002692044100,peripheral,0.7500,17,0.2721,"«периферийный» 0,75: признаки ниже порога. Ближайший — конечный получатель 0,25: исходящих нет; плательщиков: 1, получено 97 000 ₸: ниже порога накопления."
100000002692750100,peripheral,0.7857,9,0.2873,"«периферийный» 0,79: признаки ниже порога. Ближайший — консолидатор 0,21: разных плательщиков: 3 (порог 7), получено 112 830 ₸."
100000002695812100,peripheral,0.4643,8,0.1744,"«периферийный» 0,46 (снижено: исходящие не собирались): признаки ниже порога. Ближайший — консолидатор 0,07: разных плательщиков: 1 (порог 7), получено 95 000 ₸."
100000002696152100,peripheral,0.9000,12,0.2108,"«периферийный» 0,90: признаки ниже порога. Ближайший — распределитель 0,10: разных получателей: 2 (порог 10), отправлено 69 000 ₸."
100000002697752100,terminal,0.7500,3,0.5016,"Гипотеза «конечный получатель» 0,75: исходящих нет; плательщиков: 2, получено 190 785 ₸; окно после 90% суммы — 21 дн.. Альтернатива: консолидатор 0,14."
100000002700161100,peripheral,0.4643,51,0.1237,"«периферийный» 0,46 (снижено: исходящие не собирались): признаки ниже порога. Ближайший — консолидатор 0,07: разных плательщиков: 1 (порог 7), получено 39 000 ₸."
100000002702968100,peripheral,0.4643,8,0.1139,"«периферийный» 0,46 (снижено: исходящие не собирались): признаки ниже порога. Ближайший — консолидатор 0,07: разных плательщиков: 1 (порог 7), получено 31 600 ₸."
100000002703376100,peripheral,0.7500,1,0.1635,"«периферийный» 0,75: признаки ниже порога. Ближайший — конечный получатель 0,25: исходящих нет; плательщиков: 1, получено 46 501 ₸: ниже порога накопления."
100000002704875100,terminal,0.5536,3,0.5623,"Гипотеза «конечный получатель» 0,55: исходящих нет; плательщиков: 3, получено 244 891 ₸; окно после 90% суммы — 10 дн.. Альтернатива: консолидатор 0,21."
100000002705460100,peripheral,0.7500,5,0.1744,"«периферийный» 0,75: признаки ниже порога. Ближайший — конечный получатель 0,25: исходящих нет; плательщиков: 1, получено 95 000 ₸: ниже порога накопления."
100000002706810100,peripheral,0.4643,8,0.1315,"«периферийный» 0,46 (снижено: исходящие не собирались): признаки ниже порога. Ближайший — консолидатор 0,07: разных плательщиков: 1 (порог 7), получено 45 000 ₸."
100000002707106100,peripheral,0.4643,14,0.0674,"«периферийный» 0,46 (снижено: исходящие не собирались): признаки ниже порога. Ближайший — консолидатор 0,07: разных плательщиков: 1 (порог 7), получено 15 000 ₸."
100000002708624100,peripheral,0.7500,27,0.0978,"«периферийный» 0,75: признаки ниже порога. Ближайший — конечный получатель 0,25: исходящих нет; плательщиков: 1, получено 25 000 ₸: ниже порога накопления."
100000002710570100,peripheral,0.7500,32,0.2448,"«периферийный» 0,75: признаки ниже порога. Ближайший — конечный получатель 0,25: исходящих нет; плательщиков: 1, получено 225 015 ₸: ниже порога накопления."
100000002712416100,terminal,0.5357,10,0.3854,"Гипотеза «конечный получатель» 0,54: исходящих нет; плательщиков: 2, получено 116 800 ₸; окно после 90% суммы — 9 дн.. Альтернатива: консолидатор 0,14."
100000002713074100,peripheral,0.6161,16,0.3170,"«периферийный» 0,62: признаки ниже порога. Ближайший — транзит 0,38: после поступлений другим счетам ушло 61% полученного (коридор 80%–120%)."
100000002713974100,peripheral,0.4643,3,0.1398,"«периферийный» 0,46 (снижено: исходящие не собирались): признаки ниже порога. Ближайший — консолидатор 0,07: разных плательщиков: 1 (порог 7), получено 50 000 ₸."
100000002718366100,peripheral,0.2857,6,0.4279,"«периферийный» 0,29 (снижено: короткое окно наблюдения): признаки ниже порога. Ближайший — консолидатор 0,43: разных плательщиков: 6 (порог 7), получено 2,5 млн ₸."
100000002720627100,peripheral,0.7500,12,0.4260,"«периферийный» 0,75: признаки ниже порога. Ближайший — конечный получатель 0,25: исходящих нет; плательщиков: 1, получено 199 300 ₸: ниже порога накопления."
100000002721825100,peripheral,0.7500,1,0.0573,"«периферийный» 0,75: признаки ниже порога. Ближайший — конечный получатель 0,25: исходящих нет; плательщиков: 1, получено 11 000 ₸: ниже порога накопления."
100000002722108100,terminal,0.6214,10,0.4460,"Гипотеза «конечный получатель» 0,62: исходящих нет; плательщиков: 1, получено 800 000 ₸; окно после 90% суммы — 11 дн.. Альтернатива: консолидатор 0,07."
100000002723439100,peripheral,0.4643,12,0.0786,"«периферийный» 0,46 (снижено: исходящие не собирались): признаки ниже порога. Ближайший — консолидатор 0,07: разных плательщиков: 1 (порог 7), получено 18 000 ₸."
100000002723538100,distributor,0.5333,3,0.5775,"Гипотеза «распределитель» 0,53: разных получателей: 12 (порог 10), отправлено 560 499 ₸. Альтернатива: консолидатор 0,21."
100000002723674100,peripheral,0.4643,23,0.1098,"«периферийный» 0,46 (снижено: исходящие не собирались): признаки ниже порога. Ближайший — консолидатор 0,07: разных плательщиков: 1 (порог 7), получено 30 000 ₸."
100000002726055100,peripheral,0.4643,23,0.0524,"«периферийный» 0,46 (снижено: исходящие не собирались): признаки ниже порога. Ближайший — консолидатор 0,07: разных плательщиков: 1 (порог 7), получено 10 000 ₸."
100000002727288100,peripheral,0.7500,15,0.0722,"«периферийный» 0,75: признаки ниже порога. Ближайший — конечный получатель 0,25: исходящих нет; плательщиков: 1, получено 16 000 ₸: ниже порога накопления."
100000002728246100,peripheral,0.4643,7,0.0824,"«периферийный» 0,46 (снижено: исходящие не собирались): признаки ниже порога. Ближайший — консолидатор 0,07: разных плательщиков: 1 (порог 7), получено 10 000 ₸."
100000002729875100,peripheral,0.4643,8,0.1614,"«периферийный» 0,46 (снижено: исходящие не собирались): признаки ниже порога. Ближайший — консолидатор 0,07: разных плательщиков: 1 (порог 7), получено 76 000 ₸."
100000002731501100,peripheral,0.6500,26,0.4294,"«периферийный» 0,65: признаки ниже порога. Ближайший — распределитель 0,35: разных получателей: 7 (порог 10), отправлено 833 960 ₸."
100000002733083100,peripheral,0.4643,8,0.0689,"«периферийный» 0,46 (снижено: исходящие не собирались): признаки ниже порога. Ближайший — консолидатор 0,07: разных плательщиков: 1 (порог 7), получено 15 200 ₸."
100000002733905100,peripheral,0.7857,2,0.3406,"«периферийный» 0,79: признаки ниже порога. Ближайший — консолидатор 0,21: разных плательщиков: 3 (порог 7), получено 100 000 ₸."
100000002734815100,peripheral,0.4643,6,0.2125,"«периферийный» 0,46 (снижено: исходящие не собирались): признаки ниже порога. Ближайший — консолидатор 0,07: разных плательщиков: 1 (порог 7), получено 110 000 ₸."
100000002736033100,peripheral,0.8009,16,0.1717,"«периферийный» 0,80: признаки ниже порога. Ближайший — транзит 0,20: после поступлений другим счетам ушло 32% полученного (коридор 80%–120%)."
100000002736316100,terminal,0.6250,1,0.4907,"Гипотеза «конечный получатель» 0,62: исходящих нет; плательщиков: 3, получено 266 921 ₸; окно после 90% суммы — 14 дн.. Альтернатива: консолидатор 0,21."
100000002737980100,peripheral,0.7500,5,0.1156,"«периферийный» 0,75: признаки ниже порога. Ближайший — конечный получатель 0,25: исходящих нет; плательщиков: 1, получено 32 900 ₸: ниже порога накопления."
100000002738256100,peripheral,0.9286,53,0.2303,"«периферийный» 0,93: исходящие = 117% входящих, но это встречные или более ранние переводы — транзит датами не подтверждён."
100000002741024100,peripheral,0.6429,33,0.3608,"«периферийный» 0,64: признаки ниже порога. Ближайший — консолидатор 0,36: разных плательщиков: 5 (порог 7), получено 817 981 ₸."
100000002742067100,peripheral,0.4643,15,0.1210,"«периферийный» 0,46 (снижено: короткое окно наблюдения): признаки ниже порога. Ближайший — консолидатор 0,07: разных плательщиков: 1 (порог 7), получено 12 730 ₸."
100000002744581100,peripheral,0.7500,11,0.0889,"«периферийный» 0,75: признаки ниже порога. Ближайший — конечный получатель 0,25: исходящих нет; плательщиков: 1, получено 12 000 ₸: ниже порога накопления."
100000002748040100,peripheral,0.4643,8,0.0786,"«периферийный» 0,46 (снижено: исходящие не собирались): признаки ниже порога. Ближайший — консолидатор 0,07: разных плательщиков: 1 (порог 7), получено 18 000 ₸."
100000002748180100,peripheral,0.6000,10,0.4169,"«периферийный» 0,60: признаки ниже порога. Ближайший — распределитель 0,40: разных получателей: 8 (порог 10), отправлено 679 743 ₸."
100000002748511100,peripheral,0.4643,5,0.0839,"«периферийный» 0,46 (снижено: исходящие не собирались): признаки ниже порога. Ближайший — консолидатор 0,07: разных плательщиков: 1 (порог 7), получено 20 000 ₸."
100000002748532100,peripheral,0.7857,22,0.3837,"«периферийный» 0,79: признаки ниже порога. Ближайший — консолидатор 0,21: разных плательщиков: 3 (порог 7), получено 355 575 ₸."
100000002748581100,peripheral,0.7500,14,0.1270,"«периферийный» 0,75: признаки ниже порога. Ближайший — конечный получатель 0,25: исходящих нет; плательщиков: 1, получено 41 180 ₸: ниже порога накопления."
100000002748761100,terminal,0.7816,10,0.4940,"Гипотеза «конечный получатель» 0,78: исходящих нет; плательщиков: 1, получено 796 800 ₸; окно после 90% суммы — 20 дн.. Альтернатива: консолидатор 0,07."
100000002750332100,peripheral,0.7500,18,0.1546,"«периферийный» 0,75: признаки ниже порога. Ближайший — конечный получатель 0,25: исходящих нет; плательщиков: 1, получено 11 360 ₸: ниже порога накопления."
100000002750956100,peripheral,0.7500,1,0.2324,"«периферийный» 0,75: признаки ниже порога. Ближайший — конечный получатель 0,25: исходящих нет; плательщиков: 1, получено 47 416 ₸: ниже порога накопления."
100000002752565100,peripheral,0.4643,3,0.1788,"«периферийный» 0,46 (снижено: исходящие не собирались): признаки ниже порога. Ближайший — консолидатор 0,07: разных плательщиков: 1 (порог 7), получено 57 000 ₸."
100000002753146100,terminal,0.6220,10,0.4464,"Гипотеза «конечный получатель» 0,62: исходящих нет; плательщиков: 1, получено 803 540 ₸; окно после 90% суммы — 11 дн.. Альтернатива: консолидатор 0,07."
100000002755292100,peripheral,0.7500,7,0.2417,"«периферийный» 0,75: признаки ниже порога. Ближайший — конечный получатель 0,25: исходящих нет; плательщиков: 1, получено 203 400 ₸: ниже порога накопления."
100000002757240100,peripheral,0.7500,3,0.1729,"«периферийный» 0,75: признаки ниже порога. Ближайший — конечный получатель 0,25: исходящих нет; плательщиков: 1, получено 51 183 ₸: ниже порога накопления."
100000002757791100,peripheral,0.7500,9,0.1596,"«периферийный» 0,75: признаки ниже порога. Ближайший — конечный получатель 0,25: исходящих нет; плательщиков: 1, получено 73 050 ₸: ниже порога накопления."
100000002757797100,peripheral,0.7500,17,0.2744,"«периферийный» 0,75: признаки ниже порога. Ближайший — конечный получатель 0,25: исходящих нет; плательщиков: 1, получено 100 000 ₸: ниже порога накопления."
100000002760175100,peripheral,0.7500,12,0.3330,"«периферийный» 0,75: признаки ниже порога. Ближайший — конечный получатель 0,25: исходящих нет; плательщиков: 1, получено 187 410 ₸: ниже порога накопления."
100000002762076100,peripheral,0.6667,11,0.4470,"«периферийный» 0,67: признаки ниже порога. Ближайший — координатор 0,33: связей с исходными клиентами: 2 (порог 3); от них 2, к ним 0."
100000002769809100,peripheral,0.7500,19,0.1844,"«периферийный» 0,75: признаки ниже порога. Ближайший — конечный получатель 0,25: исходящих нет; плательщиков: 1, получено 113 422 ₸: ниже порога накопления."
100000002773323100,peripheral,0.8571,6,0.3207,"«периферийный» 0,86: признаки ниже порога. Ближайший — консолидатор 0,14: разных плательщиков: 2 (порог 7), получено 285 000 ₸."
100000002774456100,peripheral,0.7500,12,0.2385,"«периферийный» 0,75: признаки ниже порога. Ближайший — конечный получатель 0,25: исходящих нет; плательщиков: 1, получено 50 363 ₸: ниже порога накопления."
100000002778085100,peripheral,0.7500,5,0.2523,"«периферийный» 0,75: признаки ниже порога. Ближайший — конечный получатель 0,25: исходящих нет; плательщиков: 1, получено 66 208 ₸: ниже порога накопления."
100000002779485100,peripheral,0.7500,3,0.1719,"«периферийный» 0,75: признаки ниже порога. Ближайший — конечный получатель 0,25: исходящих нет; плательщиков: 1, получено 91 000 ₸: ниже порога накопления."
100000002781227100,transit,0.7221,65,0.6086,"Гипотеза «транзит» 0,72: после поступлений другим счетам ушло 111% полученного (коридор 80%–120%). Альтернатива: координатор 0,17."
100000002784085100,peripheral,0.4167,18,0.3071,"«периферийный» 0,42 (снижено: короткое окно наблюдения): признаки ниже порога. Ближайший — координатор 0,17: связей с исходными клиентами: 1 (порог 3); от них 1, к ним 0."
100000002791494100,peripheral,0.4643,8,0.1680,"«периферийный» 0,46 (снижено: исходящие не собирались): признаки ниже порога. Ближайший — консолидатор 0,07: разных плательщиков: 1 (порог 7), получено 85 860 ₸."
100000002793851100,peripheral,0.7500,5,0.1543,"«периферийный» 0,75: признаки ниже порога. Ближайший — конечный получатель 0,25: исходящих нет; плательщиков: 1, получено 11 052 ₸: ниже порога накопления."
100000002793881100,peripheral,0.3929,6,0.4295,"«периферийный» 0,39 (снижено: короткое окно наблюдения): признаки ниже порога. Ближайший — консолидатор 0,21: разных плательщиков: 3 (порог 7), получено 785 600 ₸."
100000002794197100,peripheral,0.7500,11,0.2082,"«периферийный» 0,75: признаки ниже порога. Ближайший — конечный получатель 0,25: исходящих нет; плательщиков: 1, получено 30 100 ₸: ниже порога накопления."
100000002794374100,peripheral,0.4643,48,0.2432,"«периферийный» 0,46 (снижено: исходящие не собирались): признаки ниже порога. Ближайший — консолидатор 0,07: разных плательщиков: 1 (порог 7), получено 111 000 ₸."
100000002796853100,peripheral,0.9286,65,0.2496,"«периферийный» 0,93: признаки ниже порога. Ближайший — консолидатор 0,07: разных плательщиков: 1 (порог 7), получено 199 000 ₸."
100000002799941100,terminal,0.5345,19,0.4443,"Гипотеза «конечный получатель» 0,53: исходящих нет; плательщиков: 1, получено 600 000 ₸; окно после 90% суммы — 8 дн.. Альтернатива: консолидатор 0,07."
100000002807334100,peripheral,0.7500,7,0.1471,"«периферийный» 0,75: признаки ниже порога. Ближайший — конечный получатель 0,25: исходящих нет; плательщиков: 1, получено 54 715 ₸: ниже порога накопления."
100000002809568100,peripheral,0.7500,1,0.1491,"«периферийный» 0,75: признаки ниже порога. Ближайший — конечный получатель 0,25: исходящих нет; плательщиков: 1, получено 10 000 ₸: ниже порога накопления."
100000002809896100,peripheral,0.7500,8,0.1229,"«периферийный» 0,75: признаки ниже порога. Ближайший — конечный получатель 0,25: исходящих нет; плательщиков: 1, получено 38 000 ₸: ниже порога накопления."
100000002810870100,peripheral,0.7500,2,0.2131,"«периферийный» 0,75: признаки ниже порога. Ближайший — конечный получатель 0,25: исходящих нет; плательщиков: 1, получено 33 677 ₸: ниже порога накопления."
100000002812641100,peripheral,0.9286,18,0.0745,"«периферийный» 0,93: признаки ниже порога. Ближайший — консолидатор 0,07: разных плательщиков: 1 (порог 7), получено 10 000 ₸."
100000002815005100,peripheral,0.4319,6,0.3063,"«периферийный» 0,43: признаки ниже порога. Ближайший — конечный получатель 0,14: исходящих нет; плательщиков: 1, получено 476 500 ₸; окно после 90% суммы — 2 дн. (нужно 7)."
100000002818726100,peripheral,0.7500,13,0.1169,"«периферийный» 0,75: признаки ниже порога. Ближайший — конечный получатель 0,25: исходящих нет; плательщиков: 1, получено 10 879 ₸: ниже порога накопления."
100000002820010100,peripheral,0.4643,9,0.1398,"«периферийный» 0,46 (снижено: короткое окно наблюдения): признаки ниже порога. Ближайший — консолидатор 0,07: разных плательщиков: 1 (порог 7), получено 30 000 ₸."
100000002821425100,peripheral,0.7250,10,0.2235,"«периферийный» 0,72: признаки ниже порога. Ближайший — конечный получатель 0,28: исходящих нет; плательщиков: 1, получено 275 000 ₸: ниже порога накопления."
100000002822472100,terminal,0.7500,10,0.4868,"Гипотеза «конечный получатель» 0,75: исходящих нет; плательщиков: 2, получено 266 722 ₸; окно после 90% суммы — 24 дн.. Альтернатива: консолидатор 0,14."
100000002824176100,peripheral,0.7500,9,0.2895,"«периферийный» 0,75: признаки ниже порога. Ближайший — конечный получатель 0,25: исходящих нет; плательщиков: 1, получено 144 000 ₸: ниже порога накопления."
100000002826669100,peripheral,0.7500,1,0.2293,"«периферийный» 0,75: признаки ниже порога. Ближайший — конечный получатель 0,25: исходящих нет; плательщиков: 1, получено 159 900 ₸: ниже порога накопления."
100000002830055100,peripheral,0.7500,2,0.1605,"«периферийный» 0,75: признаки ниже порога. Ближайший — конечный получатель 0,25: исходящих нет; плательщиков: 1, получено 14 000 ₸: ниже порога накопления."
100000002831727100,peripheral,0.9286,19,0.2045,"«периферийный» 0,93: признаки ниже порога. Ближайший — консолидатор 0,07: разных плательщиков: 1 (порог 7), получено 6 000 ₸."
100000002832753100,peripheral,0.4643,15,0.0605,"«периферийный» 0,46 (снижено: исходящие не собирались): признаки ниже порога. Ближайший — консолидатор 0,07: разных плательщиков: 1 (порог 7), получено 12 500 ₸."
100000002835874100,peripheral,0.4643,6,0.1500,"«периферийный» 0,46 (снижено: исходящие не собирались): признаки ниже порога. Ближайший — консолидатор 0,07: разных плательщиков: 1 (порог 7), получено 58 700 ₸."
100000002836052100,peripheral,0.7500,3,0.0674,"«периферийный» 0,75: признаки ниже порога. Ближайший — конечный получатель 0,25: исходящих нет; плательщиков: 1, получено 15 000 ₸: ниже порога накопления."
100000002836736100,terminal,0.6444,9,0.6086,"Гипотеза «конечный получатель» 0,64: исходящих нет; плательщиков: 2, получено 509 000 ₸; окно после 90% суммы — 15 дн.. Альтернатива: координатор 0,17."
100000002838519100,peripheral,0.7500,14,0.1338,"«периферийный» 0,75: признаки ниже порога. Ближайший — конечный получатель 0,25: исходящих нет; плательщиков: 1, получено 46 900 ₸: ниже порога накопления."
100000002838861100,terminal,0.5408,18,0.6667,"Гипотеза «конечный получатель» 0,54: исходящие — 2% наблюдаемых входящих; плательщиков: 5, получено 554 524 ₸; окно после 90% суммы — 9 дн.. Альтернатива: консолидатор 0,36."
100000002842321100,peripheral,0.7500,7,0.1995,"«периферийный» 0,75: признаки ниже порога. Ближайший — конечный получатель 0,25: исходящих нет; плательщиков: 1, получено 160 000 ₸: ниже порога накопления."
100000002842337100,peripheral,0.4286,11,0.1698,"«периферийный» 0,43: признаки ниже порога. Ближайший — конечный получатель 0,14: исходящих нет; плательщиков: 1, получено 50 000 ₸; окно после 90% суммы — 4 дн. (нужно 7)."
100000002844652100,peripheral,0.7500,11,0.2493,"«периферийный» 0,75: признаки ниже порога. Ближайший — конечный получатель 0,25: исходящих нет; плательщиков: 1, получено 61 360 ₸: ниже порога накопления."
100000002844897100,peripheral,0.7500,18,0.1534,"«периферийный» 0,75: признаки ниже порога. Ближайший — конечный получатель 0,25: исходящих нет; плательщиков: 1, получено 10 800 ₸: ниже порога накопления."
100000002845605100,peripheral,0.7500,1,0.2461,"«периферийный» 0,75: признаки ниже порога. Ближайший — конечный получатель 0,25: исходящих нет; плательщиков: 1, получено 57 567 ₸: ниже порога накопления."
100000002847207100,peripheral,0.7500,4,0.2297,"«периферийный» 0,75: признаки ниже порога. Ближайший — конечный получатель 0,25: исходящих нет; плательщиков: 1, получено 46 243 ₸: ниже порога накопления."
100000002849158100,peripheral,0.7857,6,0.3915,"«периферийный» 0,79: признаки ниже порога. Ближайший — консолидатор 0,21: разных плательщиков: 3 (порог 7), получено 723 000 ₸."
100000002852402100,peripheral,0.4643,15,0.1776,"«периферийный» 0,46 (снижено: короткое окно наблюдения): признаки ниже порога. Ближайший — консолидатор 0,07: разных плательщиков: 1 (порог 7), получено 55 000 ₸."
100000002858835100,peripheral,0.7500,2,0.1926,"«периферийный» 0,75: признаки ниже порога. Ближайший — конечный получатель 0,25: исходящих нет; плательщиков: 1, получено 24 400 ₸: ниже порога накопления."
100000002860934100,peripheral,0.4643,29,0.2240,"«периферийный» 0,46 (снижено: исходящие не собирались): признаки ниже порога. Ближайший — консолидатор 0,07: разных плательщиков: 1 (порог 7), получено 279 500 ₸."
100000002861485100,peripheral,0.7500,5,0.2041,"«периферийный» 0,75: признаки ниже порога. Ближайший — конечный получатель 0,25: исходящих нет; плательщиков: 1, получено 29 323 ₸: ниже порога накопления."
100000002862113100,peripheral,0.7500,14,0.1356,"«периферийный» 0,75: признаки ниже порога. Ближайший — конечный получатель 0,25: исходящих нет; плательщиков: 1, получено 47 405 ₸: ниже порога накопления."
100000002863356100,peripheral,0.9286,2,0.2239,"«периферийный» 0,93: признаки ниже порога. Ближайший — консолидатор 0,07: разных плательщиков: 1 (порог 7), получено 45 000 ₸."
100000002864256100,peripheral,0.7500,4,0.3471,"«периферийный» 0,75: признаки ниже порога. Ближайший — конечный получатель 0,25: исходящих нет; плательщиков: 1, получено 135 780 ₸: ниже порога накопления."
100000002864680100,peripheral,0.7500,17,0.2452,"«периферийный» 0,75: признаки ниже порога. Ближайший — конечный получатель 0,25: исходящих нет; плательщиков: 1, получено 55 932 ₸: ниже порога накопления."
100000002870463100,peripheral,0.3929,9,0.2939,"«периферийный» 0,39 (снижено: поздние поступления): признаки ниже порога. Ближайший — консолидатор 0,21: разных плательщиков: 3 (порог 7), получено 207 000 ₸."
100000002870937100,peripheral,0.7500,11,0.2625,"«периферийный» 0,75: признаки ниже порога. Ближайший — конечный получатель 0,25: исходящих нет; плательщиков: 1, получено 83 700 ₸: ниже порога накопления."
100000002871199100,peripheral,0.7500,14,0.0920,"«периферийный» 0,75: признаки ниже порога. Ближайший — конечный получатель 0,25: исходящих нет; плательщиков: 1, получено 23 186 ₸: ниже порога накопления."
100000002872399100,terminal,0.6876,11,0.4726,"Гипотеза «конечный получатель» 0,69: исходящих нет; плательщиков: 1, получено 1,1 млн ₸; окно после 90% суммы — 12 дн.. Альтернатива: консолидатор 0,07."
100000002876914100,peripheral,0.4643,8,0.0589,"«периферийный» 0,46 (снижено: исходящие не собирались): признаки ниже порога. Ближайший — консолидатор 0,07: разных плательщиков: 1 (порог 7), получено 12 000 ₸."
100000002877262100,peripheral,0.7500,6,0.1777,"«периферийный» 0,75: признаки ниже порога. Ближайший — конечный получатель 0,25: исходящих нет; плательщиков: 1, получено 100 000 ₸: ниже порога накопления."
100000002878467100,terminal,0.6250,6,0.4371,"Гипотеза «конечный получатель» 0,62: исходящих нет; плательщиков: 2, получено 200 000 ₸; окно после 90% суммы — 14 дн.. Альтернатива: консолидатор 0,14."
100000002878483100,peripheral,0.4643,8,0.0416,"«периферийный» 0,46 (снижено: исходящие не собирались): признаки ниже порога. Ближайший — консолидатор 0,07: разных плательщиков: 1 (порог 7), получено 6 000 ₸."
100000002881669100,peripheral,0.7500,17,0.1765,"«периферийный» 0,75: признаки ниже порога. Ближайший — конечный получатель 0,25: исходящих нет; плательщиков: 1, получено 18 600 ₸: ниже порога накопления."
100000002883402100,peripheral,0.3929,6,0.2776,"«периферийный» 0,39 (снижено: короткое окно наблюдения): признаки ниже порога. Ближайший — консолидатор 0,21: разных плательщиков: 3 (порог 7), получено 300 000 ₸."
100000002884708100,peripheral,0.4643,6,0.2673,"«периферийный» 0,46 (снижено: исходящие не собирались): признаки ниже порога. Ближайший — консолидатор 0,07: разных плательщиков: 1 (порог 7), получено 1,2 млн ₸."
100000002886166100,peripheral,0.4643,26,0.2358,"«периферийный» 0,46 (снижено: короткое окно наблюдения): признаки ниже порога. Ближайший — консолидатор 0,07: разных плательщиков: 1 (порог 7), получено 185 000 ₸."
100000002890167100,peripheral,0.7500,5,0.2826,"«периферийный» 0,75: признаки ниже порога. Ближайший — конечный получатель 0,25: исходящих нет; плательщиков: 1, получено 118 150 ₸: ниже порога накопления."
100000002891765100,peripheral,0.7500,14,0.1483,"«периферийный» 0,75: признаки ниже порога. Ближайший — конечный получатель 0,25: исходящих нет; плательщиков: 1, получено 55 576 ₸: ниже порога накопления."
100000002893020100,peripheral,0.7500,8,0.0797,"«периферийный» 0,75: признаки ниже порога. Ближайший — конечный получатель 0,25: исходящих нет; плательщиков: 1, получено 18 340 ₸: ниже порога накопления."
100000002894076100,peripheral,0.3214,11,0.5758,"«периферийный» 0,32: признаки ниже порога. Ближайший — конечный получатель 0,36: исходящих нет; плательщиков: 4, получено 1,1 млн ₸; окно после 90% суммы — 5 дн. (нужно 7)."
100000002896506100,peripheral,0.4643,7,0.1315,"«периферийный» 0,46 (снижено: исходящие не собирались): признаки ниже порога. Ближайший — консолидатор 0,07: разных плательщиков: 1 (порог 7), получено 45 000 ₸."
100000002901457100,peripheral,0.8500,1,0.3008,"«периферийный» 0,85: признаки ниже порога. Ближайший — распределитель 0,15: разных получателей: 3 (порог 10), отправлено 119 000 ₸."
100000002904919100,peripheral,0.4107,1,0.2245,"«периферийный» 0,41: признаки ниже порога. Ближайший — конечный получатель 0,18: исходящие — 9% наблюдаемых входящих; плательщиков: 1, получено 60 325 ₸; окно после 90% суммы — 5 дн. (нужно 7)."
100000002906470100,peripheral,0.4107,19,0.2191,"«периферийный» 0,41: признаки ниже порога. Ближайший — конечный получатель 0,18: исходящих нет; плательщиков: 1, получено 130 000 ₸; окно после 90% суммы — 5 дн. (нужно 7)."
100000002908521100,peripheral,0.4643,2,0.1602,"«периферийный» 0,46 (снижено: короткое окно наблюдения): признаки ниже порога. Ближайший — консолидатор 0,07: разных плательщиков: 1 (порог 7), получено 44 500 ₸."
100000002911170100,peripheral,0.7000,31,0.2573,"«периферийный» 0,70: признаки ниже порога. Ближайший — конечный получатель 0,30: исходящих нет; плательщиков: 1, получено 300 000 ₸: ниже порога накопления."
100000002913340100,peripheral,0.7500,2,0.0929,"«периферийный» 0,75: признаки ниже порога. Ближайший — конечный получатель 0,25: исходящих нет; плательщиков: 1, получено 23 600 ₸: ниже порога накопления."
100000002914245100,peripheral,0.7500,21,0.1919,"«периферийный» 0,75: признаки ниже порога. Ближайший — конечный получатель 0,25: исходящих нет; плательщиков: 1, получено 140 611 ₸: ниже порога накопления."
100000002916006100,peripheral,0.8333,20,0.1814,"«периферийный» 0,83: признаки ниже порога. Ближайший — координатор 0,17: связей с исходными клиентами: 1 (порог 3); от них 0, к ним 1."
100000002921047100,peripheral,0.6986,11,0.4562,"«периферийный» 0,70: признаки ниже порога. Ближайший — транзит 0,30: после поступлений другим счетам ушло 48% полученного (коридор 80%–120%)."
100000002922000100,peripheral,0.4643,45,0.2430,"«периферийный» 0,46 (снижено: исходящие не собирались): признаки ниже порога. Ближайший — консолидатор 0,07: разных плательщиков: 1 (порог 7), получено 448 000 ₸."
100000002926970100,peripheral,0.7500,8,0.1671,"«периферийный» 0,75: признаки ниже порога. Ближайший — конечный получатель 0,25: исходящих нет; плательщиков: 1, получено 85 000 ₸: ниже порога накопления."
100000002933386100,peripheral,0.9286,4,0.2287,"«периферийный» 0,93: признаки ниже порога. Ближайший — консолидатор 0,07: разных плательщиков: 1 (порог 7), получено 15 000 ₸."
100000002934441100,terminal,0.7500,1,0.5134,"Гипотеза «конечный получатель» 0,75: исходящих нет; плательщиков: 2, получено 60 846 ₸; окно после 90% суммы — 29 дн.. Альтернатива: координатор 0,17."
100000002936322100,peripheral,0.4286,21,0.3286,"«периферийный» 0,43 (снижено: короткое окно наблюдения): признаки ниже порога. Ближайший — консолидатор 0,14: разных плательщиков: 2 (порог 7), получено 787 133 ₸."
100000002938501100,peripheral,0.8333,5,0.1985,"«периферийный» 0,83: признаки ниже порога. Ближайший — координатор 0,17: связей с исходными клиентами: 1 (порог 3); от них 1, к ним 0."
100000002939838100,peripheral,0.3929,5,0.4895,"«периферийный» 0,39 (снижено: короткое окно наблюдения): признаки ниже порога. Ближайший — консолидатор 0,21: разных плательщиков: 3 (порог 7), получено 571 233 ₸."
100000002941114100,peripheral,0.4167,12,0.4484,"«периферийный» 0,42 (снижено: поздние поступления): признаки ниже порога. Ближайший — координатор 0,17: связей с исходными клиентами: 1 (порог 3); от них 1, к ним 0."
100000002943472100,peripheral,0.7500,6,0.2032,"«периферийный» 0,75: признаки ниже порога. Ближайший — конечный получатель 0,25: исходящих нет; плательщиков: 1, получено 170 000 ₸: ниже порога накопления."
100000002945031100,peripheral,0.7500,13,0.0674,"«периферийный» 0,75: признаки ниже порога. Ближайший — конечный получатель 0,25: исходящих нет; плательщиков: 1, получено 15 000 ₸: ниже порога накопления."
100000002945626100,peripheral,0.3929,6,0.3932,"«периферийный» 0,39 (снижено: короткое окно наблюдения): признаки ниже порога. Ближайший — консолидатор 0,21: разных плательщиков: 3 (порог 7), получено 584 000 ₸."
100000002947299100,peripheral,0.7500,3,0.1971,"«периферийный» 0,75: признаки ниже порога. Ближайший — конечный получатель 0,25: исходящих нет; плательщиков: 1, получено 85 000 ₸: ниже порога накопления."
100000002948492100,peripheral,0.7500,14,0.0932,"«периферийный» 0,75: признаки ниже порога. Ближайший — конечный получатель 0,25: исходящих нет; плательщиков: 1, получено 23 660 ₸: ниже порога накопления."
100000002951898100,peripheral,0.7500,14,0.1247,"«периферийный» 0,75: признаки ниже порога. Ближайший — конечный получатель 0,25: исходящих нет; плательщиков: 1, получено 39 990 ₸: ниже порога накопления."
100000002952631100,peripheral,0.7500,5,0.2329,"«периферийный» 0,75: признаки ниже порога. Ближайший — конечный получатель 0,25: исходящих нет; плательщиков: 1, получено 48 050 ₸: ниже порога накопления."
100000002952756100,peripheral,0.7500,10,0.1343,"«периферийный» 0,75: признаки ниже порога. Ближайший — конечный получатель 0,25: исходящих нет; плательщиков: 1, получено 47 000 ₸: ниже порога накопления."
100000002954780100,peripheral,0.4643,6,0.1899,"«периферийный» 0,46 (снижено: короткое окно наблюдения): признаки ниже порога. Ближайший — консолидатор 0,07: разных плательщиков: 1 (порог 7), получено 133 400 ₸."
100000002956769100,peripheral,0.3929,10,0.4014,"«периферийный» 0,39 (снижено: короткое окно наблюдения): признаки ниже порога. Ближайший — консолидатор 0,21: разных плательщиков: 3 (порог 7), получено 840 000 ₸."
100000002956779100,peripheral,0.3826,4,0.2400,"«периферийный» 0,38: признаки ниже порога. Ближайший — конечный получатель 0,23: исходящих нет; плательщиков: 1, получено 411 000 ₸; окно после 90% суммы — 4 дн. (нужно 7)."
100000002956898100,peripheral,0.4286,15,0.3253,"«периферийный» 0,43 (снижено: короткое окно наблюдения): признаки ниже порога. Ближайший — консолидатор 0,14: разных плательщиков: 2 (порог 7), получено 290 240 ₸."
100000002957306100,terminal,0.5000,12,0.7114,"Гипотеза «конечный получатель» 0,50: исходящих нет; плательщиков: 2, получено 398 490 ₸; окно после 90% суммы — 7 дн.. Альтернатива: координатор 0,33."
100000002957787100,distributor,0.9000,1,0.6058,"Гипотеза «распределитель» 0,90: разных получателей: 34 (порог 10), отправлено 1,3 млн ₸. Альтернатива: консолидатор 0,29."
100000002958139100,peripheral,0.3929,6,0.2722,"«периферийный» 0,39: признаки ниже порога. Ближайший — конечный получатель 0,21: исходящих нет; плательщиков: 1, получено 209 500 ₸; окно после 90% суммы — 6 дн. (нужно 7)."
100000002958286100,peripheral,0.7430,18,0.3180,"«периферийный» 0,74: признаки ниже порога. Ближайший — конечный получатель 0,26: исходящих нет; плательщиков: 1, получено 257 000 ₸: ниже порога накопления."
100000002958343100,peripheral,0.7651,11,0.3198,"«периферийный» 0,77: признаки ниже порога. Ближайший — транзит 0,23: после поступлений другим счетам ушло 38% полученного (коридор 80%–120%); всего исходящих 48%."
100000002958345100,peripheral,0.6930,10,0.2289,"«периферийный» 0,69: признаки ниже порога. Ближайший — конечный получатель 0,31: исходящих нет; плательщиков: 1, получено 307 000 ₸: ниже порога накопления."
100000002963189100,peripheral,0.6500,14,0.3437,"«периферийный» 0,65: признаки ниже порога. Ближайший — распределитель 0,35: разных получателей: 7 (порог 10), отправлено 5,2 млн ₸."
100000002964966100,peripheral,0.7500,4,0.2104,"«периферийный» 0,75: признаки ниже порога. Ближайший — конечный получатель 0,25: исходящих нет; плательщиков: 1, получено 200 000 ₸: ниже порога накопления."
100000002968096100,peripheral,0.4643,3,0.1878,"«периферийный» 0,46 (снижено: исходящие не собирались): признаки ниже порога. Ближайший — консолидатор 0,07: разных плательщиков: 1 (порог 7), получено 70 000 ₸."
100000002969048100,peripheral,0.4643,9,0.2118,"«периферийный» 0,46 (снижено: короткое окно наблюдения): признаки ниже порога. Ближайший — консолидатор 0,07: разных плательщиков: 1 (порог 7), получено 108 470 ₸."
100000002970466100,peripheral,0.9000,1,0.2655,"«периферийный» 0,90: признаки ниже порога. Ближайший — распределитель 0,10: разных получателей: 2 (порог 10), отправлено 93 000 ₸."
100000002971593100,peripheral,0.4643,7,0.1373,"«периферийный» 0,46 (снижено: исходящие не собирались): признаки ниже порога. Ближайший — консолидатор 0,07: разных плательщиков: 1 (порог 7), получено 49 050 ₸."
100000002973903100,terminal,0.5179,17,0.5047,"Гипотеза «конечный получатель» 0,52: исходящих нет; плательщиков: 3, получено 92 880 ₸; окно после 90% суммы — 8 дн.. Альтернатива: консолидатор 0,21."
100000002974256100,peripheral,0.3929,17,0.0749,"«периферийный» 0,39: признаки ниже порога. Ближайший — конечный получатель 0,21: исходящих нет; плательщиков: 1, получено 7 200 ₸; окно после 90% суммы — 6 дн. (нужно 7)."
100000002975287100,peripheral,0.7500,16,0.0674,"«периферийный» 0,75: признаки ниже порога. Ближайший — конечный получатель 0,25: исходящих нет; плательщиков: 1, получено 15 000 ₸: ниже порога накопления."
100000002975437100,terminal,0.5374,32,0.4424,"Гипотеза «конечный получатель» 0,54: исходящие — 2% наблюдаемых входящих; плательщиков: 1, получено 530 000 ₸; окно после 90% суммы — 9 дн.. Альтернатива: консолидатор 0,07."
100000002981489100,peripheral,0.4643,7,0.0524,"«периферийный» 0,46 (снижено: исходящие не собирались): признаки ниже порога. Ближайший — консолидатор 0,07: разных плательщиков: 1 (порог 7), получено 10 000 ₸."
100000002981527100,peripheral,0.7500,18,0.2988,"«периферийный» 0,75: признаки ниже порога. Ближайший — конечный получатель 0,25: исходящих нет; плательщиков: 1, получено 168 000 ₸: ниже порога накопления."
100000002982252100,peripheral,0.7500,2,0.1839,"«периферийный» 0,75: признаки ниже порога. Ближайший — конечный получатель 0,25: исходящих нет; плательщиков: 1, получено 20 320 ₸: ниже порога накопления."
100000002983426100,peripheral,0.7500,8,0.1694,"«периферийный» 0,75: признаки ниже порога. Ближайший — конечный получатель 0,25: исходящих нет; плательщиков: 1, получено 88 945 ₸: ниже порога накопления."
100000002983879100,terminal,0.6429,3,0.4733,"Гипотеза «конечный получатель» 0,64: исходящих нет; плательщиков: 2, получено 200 050 ₸; окно после 90% суммы — 15 дн.. Альтернатива: консолидатор 0,14."
100000002984403100,peripheral,0.9286,27,0.1708,"«периферийный» 0,93: признаки ниже порога. Ближайший — консолидатор 0,07: разных плательщиков: 1 (порог 7), получено 20 000 ₸."
100000002986245100,peripheral,0.4643,8,0.0408,"«периферийный» 0,46 (снижено: исходящие не собирались): признаки ниже порога. Ближайший — консолидатор 0,07: разных плательщиков: 1 (порог 7), получено 5 750 ₸."
100000002988894100,peripheral,0.8333,4,0.4498,"«периферийный» 0,83: признаки ниже порога. Ближайший — координатор 0,17: связей с исходными клиентами: 1 (порог 3); от них 1, к ним 0."
100000002989353100,peripheral,0.5986,10,0.3108,"«периферийный» 0,60: признаки ниже порога. Ближайший — транзит 0,40: после поступлений другим счетам ушло 64% полученного (коридор 80%–120%)."
100000002990675100,peripheral,0.7500,7,0.1728,"«периферийный» 0,75: признаки ниже порога. Ближайший — конечный получатель 0,25: исходящих нет; плательщиков: 1, получено 51 143 ₸: ниже порога накопления."
100000002991079100,terminal,0.5113,5,0.4996,"Гипотеза «конечный получатель» 0,51: исходящие — 7% наблюдаемых входящих; плательщиков: 2, получено 148 900 ₸; окно после 90% суммы — 8 дн.. Альтернатива: координатор 0,17."
100000002992171100,peripheral,0.7500,2,0.1620,"«периферийный» 0,75: признаки ниже порога. Ближайший — конечный получатель 0,25: исходящих нет; плательщиков: 1, получено 14 627 ₸: ниже порога накопления."
100000002994441100,peripheral,0.4643,3,0.0367,"«периферийный» 0,46 (снижено: исходящие не собирались): признаки ниже порога. Ближайший — консолидатор 0,07: разных плательщиков: 1 (порог 7), получено 5 000 ₸."
100000002999140100,peripheral,0.4643,3,0.0524,"«периферийный» 0,46 (снижено: исходящие не собирались): признаки ниже порога. Ближайший — консолидатор 0,07: разных плательщиков: 1 (порог 7), получено 10 000 ₸."
100000003001138100,peripheral,0.4643,29,0.1098,"«периферийный» 0,46 (снижено: исходящие не собирались): признаки ниже порога. Ближайший — консолидатор 0,07: разных плательщиков: 1 (порог 7), получено 30 000 ₸."
100000003001564100,peripheral,0.8333,5,0.3477,"«периферийный» 0,83: признаки ниже порога. Ближайший — координатор 0,17: связей с исходными клиентами: 1 (порог 3); от них 1, к ним 0."
100000003001661100,peripheral,0.7500,29,0.3105,"«периферийный» 0,75: признаки ниже порога. Ближайший — распределитель 0,25: разных получателей: 5 (порог 10), отправлено 439 500 ₸."
100000003003821100,peripheral,0.7500,4,0.1254,"«периферийный» 0,75: признаки ниже порога. Ближайший — конечный получатель 0,25: исходящих нет; плательщиков: 1, получено 40 000 ₸: ниже порога накопления."
100000003004487100,peripheral,0.6516,32,0.3987,"«периферийный» 0,65: признаки ниже порога. Ближайший — транзит 0,35: после поступлений другим счетам ушло 144% полученного (коридор 80%–120%); всего исходящих 144%: баланс в выгрузке неполон."
100000003005167100,peripheral,0.4643,8,0.0442,"«периферийный» 0,46 (снижено: исходящие не собирались): признаки ниже порога. Ближайший — консолидатор 0,07: разных плательщиков: 1 (порог 7), получено 7 000 ₸."
100000003006633100,peripheral,0.7500,35,0.0524,"«периферийный» 0,75: признаки ниже порога. Ближайший — конечный получатель 0,25: исходящих нет; плательщиков: 1, получено 10 000 ₸: ниже порога накопления."
100000003009900100,peripheral,0.7500,8,0.0715,"«периферийный» 0,75: признаки ниже порога. Ближайший — конечный получатель 0,25: исходящих нет; плательщиков: 1, получено 15 998 ₸: ниже порога накопления."
100000003010908100,peripheral,0.4643,8,0.0743,"«периферийный» 0,46 (снижено: исходящие не собирались): признаки ниже порога. Ближайший — консолидатор 0,07: разных плательщиков: 1 (порог 7), получено 17 000 ₸."
100000003014659100,peripheral,0.7200,12,0.4410,"«периферийный» 0,72: признаки ниже порога. Ближайший — конечный получатель 0,28: исходящих нет; плательщиков: 1, получено 280 000 ₸: ниже порога накопления."
100000003016438100,peripheral,0.6875,6,0.2881,"«периферийный» 0,69: признаки ниже порога. Ближайший — транзит 0,31: после поступлений другим счетам ушло 100% полученного (коридор 80%–120%); всего исходящих 150%: баланс в выгрузке неполон."
100000003016635100,distributor,1.0000,5,0.6494,"Гипотеза «распределитель» 1,00: разных получателей: 73 (порог 10), отправлено 9,4 млн ₸. Альтернатива: консолидатор 0,54."
100000003016773100,peripheral,0.7500,6,0.1336,"«периферийный» 0,75: признаки ниже порога. Ближайший — конечный получатель 0,25: исходящих нет; плательщиков: 1, получено 46 555 ₸: ниже порога накопления."
100000003022835100,peripheral,0.4167,4,0.3446,"«периферийный» 0,42 (снижено: короткое окно наблюдения): признаки ниже порога. Ближайший — координатор 0,17: связей с исходными клиентами: 1 (порог 3); от них 1, к ним 0."
100000003024542100,peripheral,0.7500,4,0.0467,"«периферийный» 0,75: признаки ниже порога. Ближайший — конечный получатель 0,25: исходящих нет; плательщиков: 1, получено 8 500 ₸: ниже порога накопления."
100000003025903100,peripheral,0.4643,7,0.2375,"«периферийный» 0,46 (снижено: исходящие не собирались): признаки ниже порога. Ближайший — консолидатор 0,07: разных плательщиков: 1 (порог 7), получено 386 300 ₸."
100000003031003100,peripheral,0.3929,10,0.3348,"«периферийный» 0,39 (снижено: короткое окно наблюдения): признаки ниже порога. Ближайший — консолидатор 0,21: разных плательщиков: 3 (порог 7), получено 280 090 ₸."
100000003031633100,peripheral,0.3521,6,0.3005,"«периферийный» 0,35: признаки ниже порога. Ближайший — конечный получатель 0,30: исходящих нет; плательщиков: 1, получено 414 000 ₸; окно после 90% суммы — 5 дн. (нужно 7)."
100000003031761100,peripheral,0.5396,21,0.2451,"«периферийный» 0,54: признаки ниже порога. Ближайший — конечный получатель 0,46: исходящих нет; плательщиков: 1, получено 460 408 ₸: ниже порога накопления."
100000003031890100,peripheral,0.4643,26,0.2430,"«периферийный» 0,46 (снижено: короткое окно наблюдения): признаки ниже порога. Ближайший — консолидатор 0,07: разных плательщиков: 1 (порог 7), получено 215 000 ₸."
100000003034546100,peripheral,0.4643,18,0.2769,"«периферийный» 0,46 (снижено: короткое окно наблюдения): признаки ниже порога. Ближайший — консолидатор 0,07: разных плательщиков: 1 (порог 7), получено 486 715 ₸."
100000003035737100,terminal,0.5666,7,0.5105,"Гипотеза «конечный получатель» 0,57: исходящие — 1% наблюдаемых входящих; плательщиков: 2, получено 809 170 ₸; окно после 90% суммы — 8 дн.. Альтернатива: консолидатор 0,14."
100000003036198100,peripheral,0.7500,4,0.0674,"«периферийный» 0,75: признаки ниже порога. Ближайший — конечный получатель 0,25: исходящих нет; плательщиков: 1, получено 15 000 ₸: ниже порога накопления."
100000003037476100,peripheral,0.3929,6,0.3921,"«периферийный» 0,39 (снижено: исходящие не собирались): признаки ниже порога. Ближайший — консолидатор 0,21: разных плательщиков: 3 (порог 7), получено 555 000 ₸."
100000003037660100,peripheral,0.7500,4,0.3016,"«периферийный» 0,75: признаки ниже порога. Ближайший — конечный получатель 0,25: исходящих нет; плательщиков: 1, получено 53 000 ₸: ниже порога накопления."
100000003039473100,peripheral,0.7500,5,0.1214,"«периферийный» 0,75: признаки ниже порога. Ближайший — конечный получатель 0,25: исходящих нет; плательщиков: 1, получено 23 000 ₸: ниже порога накопления."
100000003040087100,peripheral,0.4643,8,0.1070,"«периферийный» 0,46 (снижено: исходящие не собирались): признаки ниже порога. Ближайший — консолидатор 0,07: разных плательщиков: 1 (порог 7), получено 29 000 ₸."
100000003042994100,peripheral,0.7139,5,0.3219,"«периферийный» 0,71: признаки ниже порога. Ближайший — конечный получатель 0,29: исходящих нет; плательщиков: 1, получено 286 086 ₸: ниже порога накопления."
100000003044431100,terminal,0.7500,1,0.4456,"Гипотеза «конечный получатель» 0,75: исходящих нет; плательщиков: 2, получено 60 000 ₸; окно после 90% суммы — 21 дн.. Альтернатива: консолидатор 0,14."
100000003044518100,peripheral,0.7500,11,0.2141,"«периферийный» 0,75: признаки ниже порога. Ближайший — конечный получатель 0,25: исходящих нет; плательщиков: 1, получено 34 423 ₸: ниже порога накопления."
100000003047800100,peripheral,0.4643,10,0.0595,"«периферийный» 0,46 (снижено: исходящие не собирались): признаки ниже порога. Ближайший — консолидатор 0,07: разных плательщиков: 1 (порог 7), получено 12 212 ₸."
100000003050771100,peripheral,0.7500,13,0.2754,"«периферийный» 0,75: признаки ниже порога. Ближайший — конечный получатель 0,25: исходящих нет; плательщиков: 1, получено 229 000 ₸: ниже порога накопления."
100000003054328100,peripheral,0.6148,10,0.2814,"«периферийный» 0,61: признаки ниже порога. Ближайший — транзит 0,39: после поступлений другим счетам ушло 138% полученного (коридор 80%–120%); всего исходящих 138%: баланс в выгрузке неполон."
100000003057225100,peripheral,0.7500,5,0.3141,"«периферийный» 0,75: признаки ниже порога. Ближайший — конечный получатель 0,25: исходящих нет; плательщиков: 1, получено 236 000 ₸: ниже порога накопления."
100000003060187100,peripheral,0.7500,19,0.2027,"«периферийный» 0,75: признаки ниже порога. Ближайший — конечный получатель 0,25: исходящих нет; плательщиков: 1, получено 93 046 ₸: ниже порога накопления."
100000003060517100,peripheral,0.6840,16,0.2296,"«периферийный» 0,68: признаки ниже порога. Ближайший — конечный получатель 0,32: исходящих нет; плательщиков: 1, получено 315 955 ₸: ниже порога накопления."
100000003061115100,peripheral,0.4643,1,0.1315,"«периферийный» 0,46 (снижено: исходящие не собирались): признаки ниже порога. Ближайший — консолидатор 0,07: разных плательщиков: 1 (порог 7), получено 45 000 ₸."
100000003062895100,terminal,0.5536,6,0.4359,"Гипотеза «конечный получатель» 0,55: исходящих нет; плательщиков: 2, получено 328 444 ₸; окно после 90% суммы — 10 дн.. Альтернатива: консолидатор 0,14."
100000003066385100,terminal,0.7500,1,0.4448,"Гипотеза «конечный получатель» 0,75: исходящих нет; плательщиков: 2, получено 20 000 ₸; окно после 90% суммы — 22 дн.. Альтернатива: координатор 0,17."
100000003068941100,peripheral,0.7857,1,0.3022,"«периферийный» 0,79: признаки ниже порога. Ближайший — консолидатор 0,21: разных плательщиков: 3 (порог 7), получено 94 000 ₸."
100000003069463100,peripheral,0.7239,28,0.1468,"«периферийный» 0,72: признаки ниже порога. Ближайший — транзит 0,28: после поступлений другим счетам ушло 156% полученного (коридор 80%–120%); всего исходящих 156%: баланс в выгрузке неполон."
100000003071649100,peripheral,0.7500,6,0.2069,"«периферийный» 0,75: признаки ниже порога. Ближайший — конечный получатель 0,25: исходящих нет; плательщиков: 1, получено 189 500 ₸: ниже порога накопления."
100000003071930100,peripheral,0.3929,18,0.4590,"«периферийный» 0,39 (снижено: поздние поступления): признаки ниже порога. Ближайший — консолидатор 0,21: разных плательщиков: 3 (порог 7), получено 477 610 ₸."
100000003072205100,peripheral,0.4286,6,0.2994,"«периферийный» 0,43 (снижено: исходящие не собирались): признаки ниже порога. Ближайший — консолидатор 0,14: разных плательщиков: 2 (порог 7), получено 163 000 ₸."
100000003072676100,peripheral,0.7500,16,0.1138,"«периферийный» 0,75: признаки ниже порога. Ближайший — конечный получатель 0,25: исходящих нет; плательщиков: 1, получено 31 545 ₸: ниже порога накопления."
100000003073398100,peripheral,0.4643,9,0.2025,"«периферийный» 0,46 (снижено: короткое окно наблюдения): признаки ниже порога. Ближайший — консолидатор 0,07: разных плательщиков: 1 (порог 7), получено 92 960 ₸."
100000003073635100,peripheral,0.3929,3,0.2188,"«периферийный» 0,39: признаки ниже порога. Ближайший — конечный получатель 0,21: исходящих нет; плательщиков: 1, получено 129 231 ₸; окно после 90% суммы — 6 дн. (нужно 7)."
100000003074515100,peripheral,0.4643,6,0.1806,"«периферийный» 0,46 (снижено: исходящие не собирались): признаки ниже порога. Ближайший — консолидатор 0,07: разных плательщиков: 1 (порог 7), получено 105 000 ₸."
100000003078839100,peripheral,0.4643,3,0.0938,"«периферийный» 0,46 (снижено: исходящие не собирались): признаки ниже порога. Ближайший — консолидатор 0,07: разных плательщиков: 1 (порог 7), получено 14 000 ₸."
100000003083865100,peripheral,0.4643,8,0.0674,"«периферийный» 0,46 (снижено: исходящие не собирались): признаки ниже порога. Ближайший — консолидатор 0,07: разных плательщиков: 1 (порог 7), получено 15 000 ₸."
100000003084870100,peripheral,0.4643,10,0.0428,"«периферийный» 0,46 (снижено: исходящие не собирались): признаки ниже порога. Ближайший — консолидатор 0,07: разных плательщиков: 1 (порог 7), получено 6 500 ₸."
100000003086040100,peripheral,0.7500,1,0.0564,"«периферийный» 0,75: признаки ниже порога. Ближайший — конечный получатель 0,25: исходящих нет; плательщиков: 1, получено 10 500 ₸: ниже порога накопления."
100000003087877100,peripheral,0.7500,21,0.1721,"«периферийный» 0,75: признаки ниже порога. Ближайший — конечный получатель 0,25: исходящих нет; плательщиков: 1, получено 91 486 ₸: ниже порога накопления."
100000003089018100,peripheral,0.7500,18,0.2157,"«периферийный» 0,75: признаки ниже порога. Ближайший — конечный получатель 0,25: исходящих нет; плательщиков: 1, получено 230 000 ₸: ниже порога накопления."
100000003089553100,peripheral,0.7500,6,0.1953,"«периферийный» 0,75: признаки ниже порога. Ближайший — конечный получатель 0,25: исходящих нет; плательщиков: 1, получено 150 000 ₸: ниже порога накопления."
100000003091142100,peripheral,0.4643,1,0.1554,"«периферийный» 0,46 (снижено: исходящие не собирались): признаки ниже порога. Ближайший — консолидатор 0,07: разных плательщиков: 1 (порог 7), получено 40 000 ₸."
100000003093299100,peripheral,0.7500,1,0.0974,"«периферийный» 0,75: признаки ниже порога. Ближайший — конечный получатель 0,25: исходящих нет; плательщиков: 1, получено 15 000 ₸: ниже порога накопления."
100000003095610100,peripheral,0.7500,8,0.0933,"«периферийный» 0,75: признаки ниже порога. Ближайший — конечный получатель 0,25: исходящих нет; плательщиков: 1, получено 23 665 ₸: ниже порога накопления."
100000003096787100,peripheral,0.4643,8,0.0732,"«периферийный» 0,46 (снижено: исходящие не собирались): признаки ниже порога. Ближайший — консолидатор 0,07: разных плательщиков: 1 (порог 7), получено 16 400 ₸."
100000003097324100,peripheral,0.3214,22,0.3256,"«периферийный» 0,32: признаки ниже порога. Ближайший — конечный получатель 0,36: исходящих нет; плательщиков: 2, получено 294 000 ₸; окно после 90% суммы — 5 дн. (нужно 7)."
100000003097947100,peripheral,0.4643,3,0.1446,"«периферийный» 0,46 (снижено: исходящие не собирались): признаки ниже порога. Ближайший — консолидатор 0,07: разных плательщиков: 1 (порог 7), получено 52 980 ₸."
100000003102157100,peripheral,0.7500,1,0.2719,"«периферийный» 0,75: признаки ниже порога. Ближайший — конечный получатель 0,25: исходящих нет; плательщиков: 1, получено 96 746 ₸: ниже порога накопления."
100000003104347100,peripheral,0.5820,24,0.2830,"«периферийный» 0,58: признаки ниже порога. Ближайший — конечный получатель 0,42: исходящие — 8% наблюдаемых входящих; плательщиков: 1, получено 418 000 ₸: ниже порога накопления."
100000003105089100,peripheral,0.4643,23,0.0524,"«периферийный» 0,46 (снижено: исходящие не собирались): признаки ниже порога. Ближайший — консолидатор 0,07: разных плательщиков: 1 (порог 7), получено 10 000 ₸."
100000003105929100,peripheral,0.9286,7,0.2925,"«периферийный» 0,93: признаки ниже порога. Ближайший — консолидатор 0,07: разных плательщиков: 1 (порог 7), получено 429 567 ₸."
100000003109805100,peripheral,0.7500,16,0.1510,"«периферийный» 0,75: признаки ниже порога. Ближайший — конечный получатель 0,25: исходящих нет; плательщиков: 1, получено 36 929 ₸: ниже порога накопления."
100000003111305100,terminal,0.6444,9,0.4987,"Гипотеза «конечный получатель» 0,64: исходящих нет; плательщиков: 4, получено 509 338 ₸; окно после 90% суммы — 15 дн.. Альтернатива: консолидатор 0,29."
100000003112436100,peripheral,0.7500,5,0.2377,"«периферийный» 0,75: признаки ниже порога. Ближайший — конечный получатель 0,25: исходящих нет; плательщиков: 1, получено 100 000 ₸: ниже порога накопления."
100000003112578100,peripheral,0.7500,10,0.1795,"«периферийный» 0,75: признаки ниже порога. Ближайший — конечный получатель 0,25: исходящих нет; плательщиков: 1, получено 101 080 ₸: ниже порога накопления."
100000003115284100,consolidator,0.5385,12,0.7864,"Гипотеза «консолидатор» 0,54: разных плательщиков: 8 (порог 7), получено 2,2 млн ₸. Альтернатива: координатор 0,33."
100000003116106100,peripheral,0.3588,7,0.2777,"«периферийный» 0,36: признаки ниже порога. Ближайший — конечный получатель 0,28: исходящих нет; плательщиков: 1, получено 494 050 ₸; окно после 90% суммы — 4 дн. (нужно 7)."
100000003119550100,peripheral,0.4167,2,0.1849,"«периферийный» 0,42 (снижено: короткое окно наблюдения): признаки ниже порога. Ближайший — координатор 0,17: связей с исходными клиентами: 1 (порог 3); от них 1, к ним 0."
100000003122817100,peripheral,0.5553,28,0.2427,"«периферийный» 0,56: признаки ниже порога. Ближайший — конечный получатель 0,44: исходящих нет; плательщиков: 1, получено 444 680 ₸: ниже порога накопления."
100000003123296100,peripheral,0.7500,17,0.2648,"«периферийный» 0,75: признаки ниже порога. Ближайший — конечный получатель 0,25: исходящих нет; плательщиков: 1, получено 86 200 ₸: ниже порога накопления."
100000003125997100,peripheral,0.4643,6,0.1689,"«периферийный» 0,46 (снижено: исходящие не собирались): признаки ниже порога. Ближайший — консолидатор 0,07: разных плательщиков: 1 (порог 7), получено 87 750 ₸."
100000003128638100,peripheral,0.4643,6,0.2573,"«периферийный» 0,46 (снижено: исходящие не собирались): признаки ниже порога. Ближайший — консолидатор 0,07: разных плательщиков: 1 (порог 7), получено 300 000 ₸."
100000003131016100,peripheral,0.9286,1,0.2809,"«периферийный» 0,93: признаки ниже порога. Ближайший — консолидатор 0,07: разных плательщиков: 1 (порог 7), получено 405 700 ₸."
100000003131693100,peripheral,0.6467,4,0.3906,"«периферийный» 0,65: признаки ниже порога. Ближайший — конечный получатель 0,35: исходящих нет; плательщиков: 1, получено 353 277 ₸: ниже порога накопления."
100000003132484100,peripheral,0.7500,18,0.1706,"«периферийный» 0,75: признаки ниже порога. Ближайший — конечный получатель 0,25: исходящих нет; плательщиков: 1, получено 90 000 ₸: ниже порога накопления."
100000003133045100,peripheral,0.4643,52,0.1567,"«периферийный» 0,46 (снижено: исходящие не собирались): признаки ниже порога. Ближайший — консолидатор 0,07: разных плательщиков: 1 (порог 7), получено 68 000 ₸."
100000003134474100,peripheral,0.7500,7,0.2150,"«периферийный» 0,75: признаки ниже порога. Ближайший — конечный получатель 0,25: исходящих нет; плательщиков: 1, получено 116 000 ₸: ниже порога накопления."
100000003134550100,peripheral,0.4643,6,0.1777,"«периферийный» 0,46 (снижено: исходящие не собирались): признаки ниже порога. Ближайший — консолидатор 0,07: разных плательщиков: 1 (порог 7), получено 100 000 ₸."
100000003134934100,peripheral,0.3571,3,0.3226,"«периферийный» 0,36 (снижено: короткое окно наблюдения): признаки ниже порога. Ближайший — консолидатор 0,29: разных плательщиков: 4 (порог 7), получено 379 354 ₸."
100000003134937100,peripheral,0.7500,5,0.1529,"«периферийный» 0,75: признаки ниже порога. Ближайший — конечный получатель 0,25: исходящих нет; плательщиков: 1, получено 10 286 ₸: ниже порога накопления."
100000003146511100,peripheral,0.4643,13,0.0524,"«периферийный» 0,46 (снижено: исходящие не собирались): признаки ниже порога. Ближайший — консолидатор 0,07: разных плательщиков: 1 (порог 7), получено 10 000 ₸."
100000003147719100,peripheral,0.4643,6,0.1777,"«периферийный» 0,46 (снижено: короткое окно наблюдения): признаки ниже порога. Ближайший — консолидатор 0,07: разных плательщиков: 1 (порог 7), получено 100 000 ₸."
100000003148220100,peripheral,0.8333,60,0.2732,"«периферийный» 0,83: признаки ниже порога. Ближайший — координатор 0,17: связей с исходными клиентами: 1 (порог 3); от них 1, к ним 1."
100000003149149100,peripheral,0.7500,7,0.2195,"«периферийный» 0,75: признаки ниже порога. Ближайший — конечный получатель 0,25: исходящих нет; плательщиков: 1, получено 245 000 ₸: ниже порога накопления."
100000003152964100,peripheral,0.3929,3,0.2636,"«периферийный» 0,39: признаки ниже порога. Ближайший — конечный получатель 0,21: исходящие — 4% наблюдаемых входящих; плательщиков: 1, получено 141 847 ₸; окно после 90% суммы — 6 дн. (нужно 7)."
100000003154105100,peripheral,0.6500,23,0.3014,"«периферийный» 0,65: признаки ниже порога. Ближайший — распределитель 0,35: разных получателей: 7 (порог 10), отправлено 338 000 ₸."
100000003157333100,peripheral,0.4286,9,0.1398,"«периферийный» 0,43: признаки ниже порога. Ближайший — конечный получатель 0,14: исходящих нет; плательщиков: 1, получено 30 000 ₸; окно после 90% суммы — 4 дн. (нужно 7)."
100000003157679100,peripheral,0.3571,6,0.3671,"«периферийный» 0,36 (снижено: короткое окно наблюдения): признаки ниже порога. Ближайший — консолидатор 0,29: разных плательщиков: 4 (порог 7), получено 541 000 ₸."
100000003158727100,terminal,0.5179,11,0.6274,"Гипотеза «конечный получатель» 0,52: исходящих нет; плательщиков: 3, получено 367 940 ₸; окно после 90% суммы — 8 дн.. Альтернатива: консолидатор 0,21."
100000003159641100,peripheral,0.7143,59,0.3410,"«периферийный» 0,71: признаки ниже порога. Ближайший — консолидатор 0,29: разных плательщиков: 4 (порог 7), получено 64 000 ₸."
100000003163256100,peripheral,0.8333,5,0.2418,"«периферийный» 0,83: исходящие = 111% входящих, но это встречные или более ранние переводы — транзит датами не подтверждён."
100000003163886100,terminal,0.6250,56,0.4363,"Гипотеза «конечный получатель» 0,62: исходящих нет; плательщиков: 1, получено 500 000 ₸; окно после 90% суммы — 14 дн.. Альтернатива: консолидатор 0,07."
100000003164661100,terminal,0.5696,30,0.4245,"Гипотеза «конечный получатель» 0,57: исходящих нет; плательщиков: 1, получено 596 200 ₸; окно после 90% суммы — 10 дн.. Альтернатива: консолидатор 0,07."
100000003166017100,peripheral,0.4643,8,0.0674,"«периферийный» 0,46 (снижено: исходящие не собирались): признаки ниже порога. Ближайший — консолидатор 0,07: разных плательщиков: 1 (порог 7), получено 15 000 ₸."
100000003166755100,peripheral,0.7500,4,0.1253,"«периферийный» 0,75: признаки ниже порога. Ближайший — конечный получатель 0,25: исходящих нет; плательщиков: 1, получено 24 010 ₸: ниже порога накопления."
100000003171006100,peripheral,0.2857,6,0.3461,"«периферийный» 0,29: признаки ниже порога. Ближайший — конечный получатель 0,43: исходящих нет; плательщиков: 2, получено 485 000 ₸; окно после 90% суммы — 6 дн. (нужно 7)."
100000003171587100,peripheral,0.6149,7,0.3227,"«периферийный» 0,61: признаки ниже порога. Ближайший — транзит 0,39: после поступлений другим счетам ушло 62% полученного (коридор 80%–120%)."
100000003173783100,peripheral,0.4643,31,0.0925,"«периферийный» 0,46 (снижено: исходящие не собирались): признаки ниже порога. Ближайший — консолидатор 0,07: разных плательщиков: 1 (порог 7), получено 23 500 ₸."
100000003177533100,peripheral,0.4643,3,0.0839,"«периферийный» 0,46 (снижено: исходящие не собирались): признаки ниже порога. Ближайший — консолидатор 0,07: разных плательщиков: 1 (порог 7), получено 20 000 ₸."
100000003178549100,peripheral,0.8000,16,0.3890,"«периферийный» 0,80: признаки ниже порога. Ближайший — распределитель 0,20: разных получателей: 4 (порог 10), отправлено 89 080 ₸."
100000003180305100,peripheral,0.4643,1,0.1929,"«периферийный» 0,46 (снижено: исходящие не собирались): признаки ниже порога. Ближайший — консолидатор 0,07: разных плательщиков: 1 (порог 7), получено 144 000 ₸."
100000003180820100,peripheral,0.4643,6,0.1794,"«периферийный» 0,46 (снижено: исходящие не собирались): признаки ниже порога. Ближайший — консолидатор 0,07: разных плательщиков: 1 (порог 7), получено 101 000 ₸."
100000003186579100,peripheral,0.4643,3,0.1825,"«периферийный» 0,46 (снижено: исходящие не собирались): признаки ниже порога. Ближайший — консолидатор 0,07: разных плательщиков: 1 (порог 7), получено 110 000 ₸."
100000003187359100,peripheral,0.7500,2,0.1773,"«периферийный» 0,75: признаки ниже порога. Ближайший — конечный получатель 0,25: исходящих нет; плательщиков: 1, получено 19 072 ₸: ниже порога накопления."
100000003188607100,peripheral,0.9286,11,0.1606,"«периферийный» 0,93: признаки ниже порога. Ближайший — консолидатор 0,07: разных плательщиков: 1 (порог 7), получено 18 000 ₸."
100000003190207100,peripheral,0.9286,20,0.2764,"«периферийный» 0,93: признаки ниже порога. Ближайший — консолидатор 0,07: разных плательщиков: 1 (порог 7), получено 5 000 ₸."
100000003191430100,peripheral,0.7500,5,0.2349,"«периферийный» 0,75: признаки ниже порога. Ближайший — конечный получатель 0,25: исходящих нет; плательщиков: 1, получено 180 000 ₸: ниже порога накопления."
100000003192220100,peripheral,0.7500,55,0.1514,"«периферийный» 0,75: признаки ниже порога. Ближайший — конечный получатель 0,25: исходящих нет; плательщиков: 1, получено 60 000 ₸: ниже порога накопления."
100000003192309100,peripheral,0.9286,2,0.2553,"«периферийный» 0,93: признаки ниже порога. Ближайший — консолидатор 0,07: разных плательщиков: 1 (порог 7), получено 17 200 ₸."
100000003194831100,peripheral,0.4643,10,0.0426,"«периферийный» 0,46 (снижено: исходящие не собирались): признаки ниже порога. Ближайший — консолидатор 0,07: разных плательщиков: 1 (порог 7), получено 6 265 ₸."
100000003199390100,peripheral,0.4643,7,0.2218,"«периферийный» 0,46 (снижено: исходящие не собирались): признаки ниже порога. Ближайший — консолидатор 0,07: разных плательщиков: 1 (порог 7), получено 260 000 ₸."
100000003200071100,peripheral,0.9500,70,0.1098,"«периферийный» 0,95: признаки ниже порога. Ближайший — распределитель 0,05: разных получателей: 1 (порог 10), отправлено 30 000 ₸."
100000003204491100,peripheral,0.5536,1,0.2878,"«периферийный» 0,55: признаки ниже порога. Ближайший — транзит 0,45: после поступлений другим счетам ушло 71% полученного (коридор 80%–120%)."
100000003205210100,peripheral,0.7500,4,0.3474,"«периферийный» 0,75: признаки ниже порога. Ближайший — конечный получатель 0,25: исходящих нет; плательщиков: 1, получено 137 563 ₸: ниже порога накопления."
100000003207060100,peripheral,0.4643,1,0.1449,"«периферийный» 0,46 (снижено: исходящие не собирались): признаки ниже порога. Ближайший — консолидатор 0,07: разных плательщиков: 1 (порог 7), получено 53 000 ₸."
100000003213473100,distributor,0.5167,1,0.6092,"Гипотеза «распределитель» 0,52: разных получателей: 11 (порог 10), отправлено 240 000 ₸. Альтернатива: координатор 0,33."
100000003214786100,peripheral,0.4643,1,0.0367,"«периферийный» 0,46 (снижено: исходящие не собирались): признаки ниже порога. Ближайший — консолидатор 0,07: разных плательщиков: 1 (порог 7), получено 5 000 ₸."
100000003215448100,peripheral,0.9000,3,0.2936,"«периферийный» 0,90: признаки ниже порога. Ближайший — распределитель 0,10: разных получателей: 2 (порог 10), отправлено 124 000 ₸."
100000003216073100,peripheral,0.9286,21,0.2206,"«периферийный» 0,93: признаки ниже порога. Ближайший — консолидатор 0,07: разных плательщиков: 1 (порог 7), получено 37 001 ₸."
100000003218308100,peripheral,0.7500,1,0.0879,"«периферийный» 0,75: признаки ниже порога. Ближайший — конечный получатель 0,25: исходящих нет; плательщиков: 1, получено 11 165 ₸: ниже порога накопления."
100000003219438100,peripheral,0.7500,34,0.1447,"«периферийный» 0,75: признаки ниже порога. Ближайший — конечный получатель 0,25: исходящих нет; плательщиков: 1, получено 32 000 ₸: ниже порога накопления."
100000003220685100,peripheral,0.4643,7,0.2683,"«периферийный» 0,46 (снижено: исходящие не собирались): признаки ниже порога. Ближайший — консолидатор 0,07: разных плательщиков: 1 (порог 7), получено 1,3 млн ₸."
100000003221384100,peripheral,0.3929,15,0.2797,"«периферийный» 0,39: признаки ниже порога. Ближайший — конечный получатель 0,21: исходящих нет; плательщиков: 1, получено 511 200 ₸; окно после 90% суммы — 3 дн. (нужно 7)."
100000003221510100,peripheral,0.9000,63,0.2731,"«периферийный» 0,90: признаки ниже порога. Ближайший — распределитель 0,10: разных получателей: 2 (порог 10), отправлено 120 000 ₸."
100000003230328100,peripheral,0.3929,3,0.1834,"«периферийный» 0,39 (снижено: исходящие не собирались): признаки ниже порога. Ближайший — консолидатор 0,21: разных плательщиков: 3 (порог 7), получено 26 572 ₸."
100000003230329100,peripheral,0.4643,6,0.2425,"«периферийный» 0,46 (снижено: исходящие не собирались): признаки ниже порога. Ближайший — консолидатор 0,07: разных плательщиков: 1 (порог 7), получено 110 000 ₸."
100000003232675100,peripheral,0.4643,13,0.1294,"«периферийный» 0,46 (снижено: исходящие не собирались): признаки ниже порога. Ближайший — консолидатор 0,07: разных плательщиков: 1 (порог 7), получено 44 000 ₸."
100000003235780100,terminal,0.7143,1,0.5048,"Гипотеза «конечный получатель» 0,71: исходящих нет; плательщиков: 2, получено 65 000 ₸; окно после 90% суммы — 19 дн.. Альтернатива: координатор 0,17."
100000003237045100,peripheral,0.9286,5,0.2775,"«периферийный» 0,93: признаки ниже порога. Ближайший — консолидатор 0,07: разных плательщиков: 1 (порог 7), получено 340 200 ₸."
100000003239379100,peripheral,0.7500,17,0.2689,"«периферийный» 0,75: признаки ниже порога. Ближайший — конечный получатель 0,25: исходящих нет; плательщиков: 1, получено 92 500 ₸: ниже порога накопления."
100000003239859100,peripheral,0.7500,17,0.1765,"«периферийный» 0,75: признаки ниже порога. Ближайший — конечный получатель 0,25: исходящих нет; плательщиков: 1, получено 18 600 ₸: ниже порога накопления."
100000003241965100,peripheral,0.7500,8,0.0674,"«периферийный» 0,75: признаки ниже порога. Ближайший — конечный получатель 0,25: исходящих нет; плательщиков: 1, получено 15 000 ₸: ниже порога накопления."
100000003242289100,distributor,0.7167,16,0.5896,"Гипотеза «распределитель» 0,72: разных получателей: 23 (порог 10), отправлено 2,4 млн ₸. Альтернатива: консолидатор 0,21."
100000003242795100,peripheral,0.7500,7,0.2132,"«периферийный» 0,75: признаки ниже порога. Ближайший — конечный получатель 0,25: исходящих нет; плательщиков: 1, получено 111 000 ₸: ниже порога накопления."
100000003246024100,peripheral,0.7500,1,0.1491,"«периферийный» 0,75: признаки ниже порога. Ближайший — конечный получатель 0,25: исходящие — 20% наблюдаемых входящих; плательщиков: 1, получено 25 000 ₸: ниже порога накопления."
100000003247600100,peripheral,0.4643,4,0.1496,"«периферийный» 0,46 (снижено: исходящие не собирались): признаки ниже порога. Ближайший — консолидатор 0,07: разных плательщиков: 1 (порог 7), получено 58 000 ₸."
100000003249054100,consolidator,0.5000,4,0.4575,"Гипотеза «консолидатор» 0,50: разных плательщиков: 7 (порог 7), получено 99 700 ₸. Альтернатива: транзит 0,09."
100000003252446100,peripheral,0.4643,6,0.1819,"«периферийный» 0,46 (снижено: исходящие не собирались): признаки ниже порога. Ближайший — консолидатор 0,07: разных плательщиков: 1 (порог 7), получено 108 600 ₸."
100000003254277100,transit,0.5955,1,0.3911,"Гипотеза «транзит» 0,60: после поступлений другим счетам ушло 91% полученного (коридор 80%–120%); операций мало: входящих 1, исходящих 1. Альтернатива: консолидатор 0,07."
100000003254723100,peripheral,0.4229,4,0.3132,"«периферийный» 0,42: признаки ниже порога. Ближайший — конечный получатель 0,15: исходящих нет; плательщиков: 1, получено 269 850 ₸; окно после 90% суммы — 4 дн. (нужно 7)."
100000003265158100,transit,0.8614,17,0.7387,"Гипотеза «транзит» 0,86: после поступлений другим счетам ушло 106% полученного (коридор 80%–120%). Альтернатива: координатор 0,33."
100000003265658100,peripheral,0.0000,75,0.0000,"«периферийный» 0,00: в выгрузке нет переводов счёта, роль не оценивается."
100000003270419100,peripheral,0.7500,13,0.1953,"«периферийный» 0,75: признаки ниже порога. Ближайший — конечный получатель 0,25: исходящих нет; плательщиков: 1, получено 150 000 ₸: ниже порога накопления."
100000003271151100,peripheral,0.7500,3,0.2185,"«периферийный» 0,75: признаки ниже порога. Ближайший — конечный получатель 0,25: исходящих нет; плательщиков: 1, получено 127 294 ₸: ниже порога накопления."
100000003275398100,peripheral,0.7000,26,0.2693,"«периферийный» 0,70: признаки ниже порога. Ближайший — конечный получатель 0,30: исходящие — 7% наблюдаемых входящих; плательщиков: 1, получено 300 000 ₸: ниже порога накопления."
100000003278020100,peripheral,0.7500,1,0.2072,"«периферийный» 0,75: признаки ниже порога. Ближайший — конечный получатель 0,25: исходящих нет; плательщиков: 1, получено 190 000 ₸: ниже порога накопления."
100000003284932100,peripheral,0.7500,4,0.2838,"«периферийный» 0,75: признаки ниже порога. Ближайший — конечный получатель 0,25: исходящих нет; плательщиков: 1, получено 69 925 ₸: ниже порога накопления."
100000003286537100,peripheral,0.3929,6,0.3265,"«периферийный» 0,39: признаки ниже порога. Ближайший — конечный получатель 0,21: исходящих нет; плательщиков: 2, получено 153 000 ₸; окно после 90% суммы — 3 дн. (нужно 7)."
100000003289281100,peripheral,0.4643,1,0.1254,"«периферийный» 0,46 (снижено: исходящие не собирались): признаки ниже порога. Ближайший — консолидатор 0,07: разных плательщиков: 1 (порог 7), получено 40 000 ₸."
100000003289405100,peripheral,0.6450,4,0.2342,"«периферийный» 0,65: признаки ниже порога. Ближайший — конечный получатель 0,35: исходящих нет; плательщиков: 1, получено 355 000 ₸: ниже порога накопления."
100000003292191100,peripheral,0.4643,22,0.2136,"«периферийный» 0,46 (снижено: короткое окно наблюдения): признаки ниже порога. Ближайший — консолидатор 0,07: разных плательщиков: 1 (порог 7), получено 112 000 ₸."
100000003292979100,peripheral,0.7500,4,0.1369,"«периферийный» 0,75: признаки ниже порога. Ближайший — конечный получатель 0,25: исходящих нет; плательщиков: 1, получено 48 950 ₸: ниже порога накопления."
100000003293377100,peripheral,0.7500,7,0.1398,"«периферийный» 0,75: признаки ниже порога. Ближайший — конечный получатель 0,25: исходящих нет; плательщиков: 1, получено 50 000 ₸: ниже порога накопления."
100000003299365100,peripheral,0.8333,4,0.3958,"«периферийный» 0,83: исходящие = 100% входящих, но это встречные или более ранние переводы — транзит датами не подтверждён."
100000003321423100,peripheral,0.4643,12,0.3277,"«периферийный» 0,46 (снижено: короткое окно наблюдения): признаки ниже порога. Ближайший — консолидатор 0,07: разных плательщиков: 1 (порог 7), получено 100 000 ₸."
100000003321895100,peripheral,0.9000,64,0.3030,"«периферийный» 0,90: признаки ниже порога. Ближайший — распределитель 0,10: разных получателей: 2 (порог 10), отправлено 553 830 ₸."
100000003336565100,peripheral,0.7500,2,0.1039,"«периферийный» 0,75: признаки ниже порога. Ближайший — конечный получатель 0,25: исходящих нет; плательщиков: 1, получено 16 550 ₸: ниже порога накопления."
100000003338583100,peripheral,0.4286,26,0.1194,"«периферийный» 0,43: признаки ниже порога. Ближайший — конечный получатель 0,14: исходящих нет; плательщиков: 1, получено 21 765 ₸; окно после 90% суммы — 4 дн. (нужно 7)."
100000003345947100,peripheral,0.4643,3,0.1626,"«периферийный» 0,46 (снижено: исходящие не собирались): признаки ниже порога. Ближайший — консолидатор 0,07: разных плательщиков: 1 (порог 7), получено 79 500 ₸."
100000003349739100,peripheral,0.0000,76,0.0000,"«периферийный» 0,00: в выгрузке нет переводов счёта, роль не оценивается."
100000003360542100,terminal,0.5163,12,0.5606,"Гипотеза «конечный получатель» 0,52: исходящие — 16% наблюдаемых входящих; плательщиков: 2, получено 317 000 ₸; окно после 90% суммы — 12 дн.. Альтернатива: консолидатор 0,14."
100000003366154100,peripheral,0.8333,4,0.4231,"«периферийный» 0,83: признаки ниже порога. Ближайший — координатор 0,17: связей с исходными клиентами: 1 (порог 3); от них 1, к ним 0."
100000003366471100,peripheral,0.3929,3,0.3132,"«периферийный» 0,39: признаки ниже порога. Ближайший — конечный получатель 0,21: исходящие — 6% наблюдаемых входящих; плательщиков: 2, получено 329 789 ₸; окно после 90% суммы — 3 дн. (нужно 7)."
100000003370425100,peripheral,0.4643,13,0.0839,"«периферийный» 0,46 (снижено: исходящие не собирались): признаки ниже порога. Ближайший — консолидатор 0,07: разных плательщиков: 1 (порог 7), получено 20 000 ₸."
100000003377795100,peripheral,0.7500,11,0.1409,"«периферийный» 0,75: признаки ниже порога. Ближайший — конечный получатель 0,25: исходящих нет; плательщиков: 1, получено 7 000 ₸: ниже порога накопления."
100000003390036100,peripheral,0.8325,12,0.4021,"«периферийный» 0,83: признаки ниже порога. Ближайший — транзит 0,17: после поступлений другим счетам ушло 27% полученного (коридор 80%–120%)."
100000003404627100,terminal,0.7594,40,0.7320,"Гипотеза «конечный получатель» 0,76: исходящих нет; плательщиков: 4, получено 877 700 ₸; окно после 90% суммы — 18 дн.. Альтернатива: консолидатор 0,29."
100000003406094100,peripheral,0.7589,5,0.2658,"«периферийный» 0,76: признаки ниже порога. Ближайший — транзит 0,24: после поступлений другим счетам ушло 39% полученного (коридор 80%–120%); всего исходящих 67%."
100000003447411100,peripheral,0.4643,3,0.2585,"«периферийный» 0,46 (снижено: исходящие не собирались): признаки ниже порога. Ближайший — консолидатор 0,07: разных плательщиков: 1 (порог 7), получено 302 000 ₸."
100000003448713100,peripheral,0.4643,3,0.2227,"«периферийный» 0,46 (снижено: исходящие не собирались): признаки ниже порога. Ближайший — консолидатор 0,07: разных плательщиков: 1 (порог 7), получено 266 750 ₸."
100000003449074100,peripheral,0.7500,1,0.1491,"«периферийный» 0,75: признаки ниже порога. Ближайший — конечный получатель 0,25: исходящих нет; плательщиков: 1, получено 10 000 ₸: ниже порога накопления."
100000003457710100,peripheral,0.9286,7,0.3415,"«периферийный» 0,93: признаки ниже порога. Ближайший — консолидатор 0,07: разных плательщиков: 1 (порог 7), получено 326 555 ₸."
100000003470579100,peripheral,0.4643,28,0.2345,"«периферийный» 0,46 (снижено: исходящие не собирались): признаки ниже порога. Ближайший — консолидатор 0,07: разных плательщиков: 1 (порог 7), получено 357 000 ₸."
100000003476560100,peripheral,0.7500,4,0.2365,"«периферийный» 0,75: признаки ниже порога. Ближайший — конечный получатель 0,25: исходящих нет; плательщиков: 1, получено 50 000 ₸: ниже порога накопления."
100000003481025100,peripheral,0.4643,1,0.0477,"«периферийный» 0,46 (снижено: исходящие не собирались): признаки ниже порога. Ближайший — консолидатор 0,07: разных плательщиков: 1 (порог 7), получено 9 000 ₸."
100000003484058100,peripheral,0.7500,14,0.2243,"«периферийный» 0,75: признаки ниже порога. Ближайший — конечный получатель 0,25: исходящие — 5% наблюдаемых входящих; плательщиков: 1, получено 110 000 ₸: ниже порога накопления."
100000003486846100,peripheral,0.4643,5,0.1041,"«периферийный» 0,46 (снижено: исходящие не собирались): признаки ниже порога. Ближайший — консолидатор 0,07: разных плательщиков: 1 (порог 7), получено 27 000 ₸."
100000003486970100,peripheral,0.7500,7,0.2253,"«периферийный» 0,75: признаки ниже порога. Ближайший — конечный получатель 0,25: исходящих нет; плательщиков: 1, получено 150 000 ₸: ниже порога накопления."
100000003497735100,peripheral,0.4107,19,0.2179,"«периферийный» 0,41: признаки ниже порога. Ближайший — конечный получатель 0,18: исходящих нет; плательщиков: 1, получено 125 000 ₸; окно после 90% суммы — 5 дн. (нужно 7)."
100000003500764100,peripheral,0.4643,16,0.0882,"«периферийный» 0,46 (снижено: исходящие не собирались): признаки ниже порога. Ближайший — консолидатор 0,07: разных плательщиков: 1 (порог 7), получено 21 000 ₸."
100000003509750100,transit,0.8818,9,0.5502,"Гипотеза «транзит» 0,88: после поступлений другим счетам ушло 95% полученного (коридор 80%–120%). Альтернатива: консолидатор 0,21."
100000003528285100,peripheral,0.7143,4,0.4156,"«периферийный» 0,71: признаки ниже порога. Ближайший — консолидатор 0,29: разных плательщиков: 4 (порог 7), получено 118 870 ₸."
100000003557488100,peripheral,0.8891,32,0.3290,"«периферийный» 0,89: признаки ниже порога. Ближайший — транзит 0,11: после поступлений другим счетам ушло 18% полученного (коридор 80%–120%); всего исходящих 21%."
100000003561031100,peripheral,0.9286,3,0.1488,"«периферийный» 0,93: признаки ниже порога. Ближайший — консолидатор 0,07: разных плательщиков: 1 (порог 7), получено 13 300 ₸."
100000003567087100,peripheral,0.7500,2,0.2498,"«периферийный» 0,75: признаки ниже порога. Ближайший — конечный получатель 0,25: исходящих нет; плательщиков: 1, получено 62 115 ₸: ниже порога накопления."
100000003568904100,peripheral,0.4643,13,0.1371,"«периферийный» 0,46 (снижено: исходящие не собирались): признаки ниже порога. Ближайший — консолидатор 0,07: разных плательщиков: 1 (порог 7), получено 49 000 ₸."
100000003574895100,peripheral,0.5531,1,0.2053,"«периферийный» 0,55: признаки ниже порога. Ближайший — транзит 0,45: после поступлений другим счетам ушло 72% полученного (коридор 80%–120%)."
100000003581109100,peripheral,0.7500,1,0.1284,"«периферийный» 0,75: признаки ниже порога. Ближайший — конечный получатель 0,25: исходящих нет; плательщиков: 1, получено 42 750 ₸: ниже порога накопления."
100000003582677100,peripheral,0.8000,3,0.3251,"«периферийный» 0,80: признаки ниже порога. Ближайший — распределитель 0,20: разных получателей: 4 (порог 10), отправлено 56 000 ₸."
100000003589877100,peripheral,0.7000,6,0.4129,"«периферийный» 0,70: признаки ниже порога. Ближайший — распределитель 0,30: разных получателей: 6 (порог 10), отправлено 416 129 ₸."
100000003594472100,peripheral,0.4464,32,0.1139,"«периферийный» 0,45: признаки ниже порога. Ближайший — конечный получатель 0,11: исходящих нет; плательщиков: 1, получено 20 000 ₸; окно после 90% суммы — 3 дн. (нужно 7)."
100000003603979100,peripheral,0.7500,26,0.2012,"«периферийный» 0,75: признаки ниже порога. Ближайший — конечный получатель 0,25: исходящих нет; плательщиков: 1, получено 165 000 ₸: ниже порога накопления."
100000003610172100,peripheral,0.7500,7,0.1578,"«периферийный» 0,75: признаки ниже порога. Ближайший — конечный получатель 0,25: исходящих нет; плательщиков: 1, получено 70 000 ₸: ниже порога накопления."
100000003616818100,peripheral,0.7857,26,0.3823,"«периферийный» 0,79: признаки ниже порога. Ближайший — консолидатор 0,21: разных плательщиков: 3 (порог 7), получено 78 000 ₸."
100000003617552100,peripheral,0.7500,30,0.1278,"«периферийный» 0,75: признаки ниже порога. Ближайший — конечный получатель 0,25: исходящих нет; плательщиков: 1, получено 25 000 ₸: ниже порога накопления."
100000003622955100,peripheral,0.4643,12,0.0674,"«периферийный» 0,46 (снижено: исходящие не собирались): признаки ниже порога. Ближайший — консолидатор 0,07: разных плательщиков: 1 (порог 7), получено 15 000 ₸."
100000003626268100,peripheral,0.4643,3,0.0367,"«периферийный» 0,46 (снижено: исходящие не собирались): признаки ниже порога. Ближайший — консолидатор 0,07: разных плательщиков: 1 (порог 7), получено 5 000 ₸."
100000003631015100,peripheral,0.4643,41,0.2225,"«периферийный» 0,46 (снижено: исходящие не собирались): признаки ниже порога. Ближайший — консолидатор 0,07: разных плательщиков: 1 (порог 7), получено 266 000 ₸."
100000003632533100,peripheral,0.4643,7,0.0824,"«периферийный» 0,46 (снижено: исходящие не собирались): признаки ниже порога. Ближайший — консолидатор 0,07: разных плательщиков: 1 (порог 7), получено 10 000 ₸."
100000003635170100,peripheral,0.7323,12,0.5260,"«периферийный» 0,73: признаки ниже порога. Ближайший — транзит 0,27: после поступлений другим счетам ушло 43% полученного (коридор 80%–120%); всего исходящих 94%."
100000003635660100,peripheral,0.7500,1,0.0801,"«периферийный» 0,75: признаки ниже порога. Ближайший — конечный получатель 0,25: исходящих нет; плательщиков: 1, получено 18 985 ₸: ниже порога накопления."
100000003636627100,peripheral,0.4464,9,0.1985,"«периферийный» 0,45: признаки ниже порога. Ближайший — конечный получатель 0,11: исходящие — 13% наблюдаемых входящих; плательщиков: 1, получено 77 000 ₸; окно после 90% суммы — 3 дн. (нужно 7)."
100000003646145100,peripheral,0.4643,4,0.0367,"«периферийный» 0,46 (снижено: исходящие не собирались): признаки ниже порога. Ближайший — консолидатор 0,07: разных плательщиков: 1 (порог 7), получено 5 000 ₸."
100000003647799100,peripheral,0.7500,7,0.1777,"«периферийный» 0,75: признаки ниже порога. Ближайший — конечный получатель 0,25: исходящих нет; плательщиков: 1, получено 100 000 ₸: ниже порога накопления."
100000003650146100,peripheral,0.7500,5,0.0649,"«периферийный» 0,75: признаки ниже порога. Ближайший — конечный получатель 0,25: исходящих нет; плательщиков: 1, получено 14 400 ₸: ниже порога накопления."
100000003664994100,peripheral,0.4643,42,0.2315,"«периферийный» 0,46 (снижено: исходящие не собирались): признаки ниже порога. Ближайший — консолидатор 0,07: разных плательщиков: 1 (порог 7), получено 338 271 ₸."
100000003671721100,peripheral,0.7500,8,0.0367,"«периферийный» 0,75: признаки ниже порога. Ближайший — конечный получатель 0,25: исходящих нет; плательщиков: 1, получено 5 000 ₸: ниже порога накопления."
100000003677936100,peripheral,0.7500,11,0.2053,"«периферийный» 0,75: признаки ниже порога. Ближайший — конечный получатель 0,25: исходящие — 18% наблюдаемых входящих; плательщиков: 1, получено 71 000 ₸: ниже порога накопления."
100000003684369100,distributor,1.0000,4,0.8062,"Гипотеза «распределитель» 1,00: разных получателей: 62 (порог 10), отправлено 8,6 млн ₸. Альтернатива: консолидатор 1,00."
100000003692843100,peripheral,0.4643,64,0.2496,"«периферийный» 0,46 (снижено: исходящие не собирались): признаки ниже порога. Ближайший — консолидатор 0,07: разных плательщиков: 1 (порог 7), получено 510 000 ₸."
100000003696422100,peripheral,0.4643,32,0.2158,"«периферийный» 0,46 (снижено: исходящие не собирались): признаки ниже порога. Ближайший — консолидатор 0,07: разных плательщиков: 1 (порог 7), получено 118 000 ₸."
100000003701161100,peripheral,0.7143,24,0.4601,"«периферийный» 0,71: признаки ниже порога. Ближайший — консолидатор 0,29: разных плательщиков: 4 (порог 7), получено 1,5 млн ₸."
100000003711830100,peripheral,0.4643,3,0.1698,"«периферийный» 0,46 (снижено: короткое окно наблюдения): признаки ниже порога. Ближайший — консолидатор 0,07: разных плательщиков: 1 (порог 7), получено 50 000 ₸."
100000003713616100,peripheral,0.7500,5,0.1680,"«периферийный» 0,75: признаки ниже порога. Ближайший — конечный получатель 0,25: исходящих нет; плательщиков: 1, получено 15 893 ₸: ниже порога накопления."
100000003718221100,peripheral,0.5062,24,0.3448,"«периферийный» 0,51: признаки ниже порога. Ближайший — транзит 0,49: после поступлений другим счетам ушло 119% полученного (коридор 80%–120%); всего исходящих 121%: баланс в выгрузке неполон."
100000003718715100,peripheral,0.4643,13,0.2930,"«периферийный» 0,46 (снижено: исходящие не собирались): признаки ниже порога. Ближайший — консолидатор 0,07: разных плательщиков: 1 (порог 7), получено 915 000 ₸."
100000003724440100,terminal,0.6964,1,0.4180,"Гипотеза «конечный получатель» 0,70: исходящих нет; плательщиков: 2, получено 50 000 ₸; окно после 90% суммы — 18 дн.. Альтернатива: консолидатор 0,14."
100000003736419100,peripheral,0.7318,1,0.1853,"«периферийный» 0,73: признаки ниже порога. Ближайший — транзит 0,27: после поступлений другим счетам ушло 43% полученного (коридор 80%–120%)."
100000003739818100,peripheral,0.7500,4,0.3058,"«периферийный» 0,75: признаки ниже порога. Ближайший — конечный получатель 0,25: исходящих нет; плательщиков: 1, получено 57 293 ₸: ниже порога накопления."
100000003741418100,consolidator,0.5769,1,0.4450,"Гипотеза «консолидатор» 0,58: разных плательщиков: 9 (порог 7), получено 151 900 ₸. Альтернатива: распределитель 0,15."
100000003747133100,transit,0.7424,47,0.5617,"Гипотеза «транзит» 0,74: после поступлений другим счетам ушло 105% полученного (коридор 80%–120%); операций мало: входящих 8, исходящих 2. Альтернатива: консолидатор 0,36."
100000003760160100,peripheral,0.7500,7,0.2104,"«периферийный» 0,75: признаки ниже порога. Ближайший — конечный получатель 0,25: исходящих нет; плательщиков: 1, получено 104 470 ₸: ниже порога накопления."
100000003770083100,peripheral,0.0000,77,0.0000,"«периферийный» 0,00: в выгрузке нет переводов счёта, роль не оценивается."
100000003781406100,peripheral,0.7500,17,0.1615,"«периферийный» 0,75: признаки ниже порога. Ближайший — конечный получатель 0,25: исходящих нет; плательщиков: 1, получено 45 000 ₸: ниже порога накопления."
100000003782913100,peripheral,0.4643,14,0.2104,"«периферийный» 0,46 (снижено: исходящие не собирались): признаки ниже порога. Ближайший — консолидатор 0,07: разных плательщиков: 1 (порог 7), получено 200 000 ₸."
100000003786516100,peripheral,0.4643,1,0.0967,"«периферийный» 0,46 (снижено: исходящие не собирались): признаки ниже порога. Ближайший — консолидатор 0,07: разных плательщиков: 1 (порог 7), получено 5 000 ₸."
100000003792647100,peripheral,0.4643,7,0.0759,"«периферийный» 0,46 (снижено: исходящие не собирались): признаки ниже порога. Ближайший — консолидатор 0,07: разных плательщиков: 1 (порог 7), получено 8 000 ₸."
100000003795588100,peripheral,0.6000,1,0.2691,"«периферийный» 0,60: признаки ниже порога. Ближайший — конечный получатель 0,40: исходящих нет; плательщиков: 1, получено 400 000 ₸: ниже порога накопления."
100000003796063100,distributor,0.5833,1,0.6375,"Гипотеза «распределитель» 0,58: разных получателей: 15 (порог 10), отправлено 959 150 ₸. Альтернатива: координатор 0,33."
100000003798151100,peripheral,0.6500,5,0.2631,"«периферийный» 0,65: признаки ниже порога. Ближайший — конечный получатель 0,35: исходящих нет; плательщиков: 1, получено 350 000 ₸: ниже порога накопления."
100000003809101100,peripheral,0.8333,12,0.4814,"«периферийный» 0,83: признаки ниже порога. Ближайший — координатор 0,17: связей с исходными клиентами: 1 (порог 3); от них 1, к ним 0."
100000003814002100,peripheral,0.7500,7,0.1398,"«периферийный» 0,75: признаки ниже порога. Ближайший — конечный получатель 0,25: исходящих нет; плательщиков: 1, получено 30 000 ₸: ниже порога накопления."
100000003819173100,peripheral,0.4643,3,0.1925,"«периферийный» 0,46 (снижено: исходящие не собирались): признаки ниже порога. Ближайший — консолидатор 0,07: разных плательщиков: 1 (порог 7), получено 143 777 ₸."
100000003823811100,coordinator,0.5000,20,0.6409,"Гипотеза «координатор» 0,50: связей с исходными клиентами: 3 (порог 3); от них 0, к ним 3. Альтернатива: распределитель 0,15."
100000003824464100,peripheral,0.7500,24,0.2104,"«периферийный» 0,75: признаки ниже порога. Ближайший — конечный получатель 0,25: исходящих нет; плательщиков: 1, получено 200 000 ₸: ниже порога накопления."
100000003831201100,peripheral,0.7500,1,0.1565,"«периферийный» 0,75: признаки ниже порога. Ближайший — конечный получатель 0,25: исходящих нет; плательщиков: 1, получено 40 500 ₸: ниже порога накопления."
100000003831324100,terminal,0.5179,11,0.5186,"Гипотеза «конечный получатель» 0,52: исходящих нет; плательщиков: 2, получено 300 000 ₸; окно после 90% суммы — 8 дн.. Альтернатива: координатор 0,17."
100000003832231100,peripheral,0.7500,4,0.2153,"«периферийный» 0,75: признаки ниже порога. Ближайший — конечный получатель 0,25: исходящих нет; плательщиков: 1, получено 35 000 ₸: ниже порога накопления."
100000003834495100,peripheral,0.3929,1,0.3407,"«периферийный» 0,39 (снижено: поздние поступления): признаки ниже порога. Ближайший — консолидатор 0,21: разных плательщиков: 3 (порог 7), получено 602 441 ₸."
100000003835149100,peripheral,0.8333,25,0.4282,"«периферийный» 0,83: признаки ниже порога. Ближайший — координатор 0,17: связей с исходными клиентами: 1 (порог 3); от них 1, к ним 0."
100000003838587100,peripheral,0.4643,14,0.0416,"«периферийный» 0,46 (снижено: исходящие не собирались): признаки ниже порога. Ближайший — консолидатор 0,07: разных плательщиков: 1 (порог 7), получено 6 000 ₸."
100000003843844100,peripheral,0.9286,13,0.2603,"«периферийный» 0,93: признаки ниже порога. Ближайший — консолидатор 0,07: разных плательщиков: 1 (порог 7), получено 16 680 ₸."
100000003854444100,distributor,0.5667,19,0.5424,"Гипотеза «распределитель» 0,57: разных получателей: 14 (порог 10), отправлено 2,3 млн ₸. Альтернатива: консолидатор 0,07."
100000003865939100,peripheral,0.4167,71,0.2607,"«периферийный» 0,42 (снижено: короткое окно наблюдения): признаки ниже порога. Ближайший — координатор 0,17: связей с исходными клиентами: 1 (порог 3); от них 1, к ним 0."
100000003873332100,peripheral,0.8000,19,0.3847,"«периферийный» 0,80: признаки ниже порога. Ближайший — распределитель 0,20: разных получателей: 4 (порог 10), отправлено 286 000 ₸."
100000003877908100,peripheral,0.4107,4,0.2820,"«периферийный» 0,41: признаки ниже порога. Ближайший — конечный получатель 0,18: исходящих нет; плательщиков: 1, получено 40 000 ₸; окно после 90% суммы — 5 дн. (нужно 7)."
100000003880331100,distributor,0.6000,3,0.6220,"Гипотеза «распределитель» 0,60: разных получателей: 16 (порог 10), отправлено 3,9 млн ₸. Альтернатива: координатор 0,17."
100000003886323100,terminal,0.6277,5,0.4921,"Гипотеза «конечный получатель» 0,63: исходящие — 10% наблюдаемых входящих; плательщиков: 2, получено 78 168 ₸; окно после 90% суммы — 21 дн.. Альтернатива: координатор 0,17."
100000003888197100,peripheral,0.7500,7,0.1655,"«периферийный» 0,75: признаки ниже порога. Ближайший — конечный получатель 0,25: исходящих нет; плательщиков: 1, получено 83 167 ₸: ниже порога накопления."
100000003888271100,peripheral,0.8333,44,0.2585,"«периферийный» 0,83: признаки ниже порога. Ближайший — координатор 0,17: связей с исходными клиентами: 1 (порог 3); от них 1, к ним 1."
100000003888527100,peripheral,0.7500,42,0.1398,"«периферийный» 0,75: признаки ниже порога. Ближайший — конечный получатель 0,25: исходящих нет; плательщиков: 1, получено 30 000 ₸: ниже порога накопления."
100000003896956100,peripheral,0.9286,5,0.1605,"«периферийный» 0,93: признаки ниже порога. Ближайший — консолидатор 0,07: разных плательщиков: 1 (порог 7), получено 10 000 ₸."
100000003899325100,peripheral,0.7500,3,0.1415,"«периферийный» 0,75: признаки ниже порога. Ближайший — конечный получатель 0,25: исходящих нет; плательщиков: 1, получено 50 120 ₸: ниже порога накопления."
100000003899899100,terminal,0.6515,5,0.4610,"Гипотеза «конечный получатель» 0,65: исходящие — 5% наблюдаемых входящих; плательщиков: 2, получено 218 500 ₸; окно после 90% суммы — 18 дн.. Альтернатива: консолидатор 0,14."
100000003900547100,peripheral,0.7500,5,0.1906,"«периферийный» 0,75: признаки ниже порога. Ближайший — конечный получатель 0,25: исходящих нет; плательщиков: 1, получено 23 700 ₸: ниже порога накопления."
100000003904497100,peripheral,0.4643,6,0.0524,"«периферийный» 0,46 (снижено: исходящие не собирались): признаки ниже порога. Ближайший — консолидатор 0,07: разных плательщиков: 1 (порог 7), получено 10 000 ₸."
100000003917461100,peripheral,0.9000,17,0.2346,"«периферийный» 0,90: признаки ниже порога. Ближайший — распределитель 0,10: разных получателей: 2 (порог 10), отправлено 140 000 ₸."
100000003920950100,peripheral,0.6767,11,0.2602,"«периферийный» 0,68: признаки ниже порога. Ближайший — конечный получатель 0,32: исходящих нет; плательщиков: 1, получено 323 290 ₸: ниже порога накопления."
100000003922499100,peripheral,0.7500,17,0.1398,"«периферийный» 0,75: признаки ниже порога. Ближайший — конечный получатель 0,25: исходящих нет; плательщиков: 1, получено 50 000 ₸: ниже порога накопления."
100000003923946100,peripheral,0.8000,9,0.4163,"«периферийный» 0,80: признаки ниже порога. Ближайший — распределитель 0,20: разных получателей: 4 (порог 10), отправлено 675 000 ₸."
100000003927792100,peripheral,0.4643,15,0.1220,"«периферийный» 0,46 (снижено: короткое окно наблюдения): признаки ниже порога. Ближайший — консолидатор 0,07: разных плательщиков: 1 (порог 7), получено 13 067 ₸."
100000003934614100,peripheral,0.5772,34,0.1564,"«периферийный» 0,58: признаки ниже порога. Ближайший — транзит 0,42: после поступлений другим счетам ушло 68% полученного (коридор 80%–120%)."
100000003942602100,peripheral,0.8333,2,0.2481,"«периферийный» 0,83: исходящие = 100% входящих, но это встречные или более ранние переводы — транзит датами не подтверждён."
100000003943247100,peripheral,0.7500,1,0.1254,"«периферийный» 0,75: признаки ниже порога. Ближайший — конечный получатель 0,25: исходящих нет; плательщиков: 1, получено 40 000 ₸: ниже порога накопления."
100000003943483100,peripheral,0.7500,17,0.0524,"«периферийный» 0,75: признаки ниже порога. Ближайший — конечный получатель 0,25: исходящих нет; плательщиков: 1, получено 10 000 ₸: ниже порога накопления."
100000003946524100,transit,0.6619,4,0.6293,"Гипотеза «транзит» 0,66: после поступлений другим счетам ушло 90% полученного (коридор 80%–120%); всего исходящих 108%; операций мало: входящих 2, исходящих 2. Альтернатива: координатор 0,17."
100000003950749100,peripheral,0.4643,5,0.0742,"«периферийный» 0,46 (снижено: исходящие не собирались): признаки ниже порога. Ближайший — консолидатор 0,07: разных плательщиков: 1 (порог 7), получено 7 000 ₸."
100000003951827100,peripheral,0.9000,1,0.1508,"«периферийный» 0,90: признаки ниже порога. Ближайший — распределитель 0,10: разных получателей: 2 (порог 10), отправлено 17 000 ₸."
100000003962994100,peripheral,0.4643,38,0.0824,"«периферийный» 0,46 (снижено: короткое окно наблюдения): признаки ниже порога. Ближайший — консолидатор 0,07: разных плательщиков: 1 (порог 7), получено 10 000 ₸."
100000003964910100,terminal,0.8333,16,0.5537,"Гипотеза «конечный получатель» 0,83: исходящих нет; плательщиков: 2, получено 1,0 млн ₸; окно после 90% суммы — 29 дн.. Альтернатива: консолидатор 0,14."
100000003968044100,peripheral,0.8500,3,0.2896,"«периферийный» 0,85: признаки ниже порога. Ближайший — распределитель 0,15: разных получателей: 3 (порог 10), отправлено 311 000 ₸."
100000003970394100,peripheral,0.7500,17,0.2638,"«периферийный» 0,75: признаки ниже порога. Ближайший — конечный получатель 0,25: исходящих нет; плательщиков: 1, получено 85 000 ₸: ниже порога накопления."
100000003971049100,peripheral,0.4643,1,0.1784,"«периферийный» 0,46 (снижено: короткое окно наблюдения): признаки ниже порога. Ближайший — консолидатор 0,07: разных плательщиков: 1 (порог 7), получено 55 900 ₸."
100000003975102100,peripheral,0.6667,5,0.3982,"«периферийный» 0,67: признаки ниже порога. Ближайший — координатор 0,33: связей с исходными клиентами: 2 (порог 3); от них 0, к ним 2."
100000003977183100,peripheral,0.8000,9,0.4177,"«периферийный» 0,80: признаки ниже порога. Ближайший — распределитель 0,20: разных получателей: 4 (порог 10), отправлено 766 000 ₸."
100000003980083100,peripheral,0.7500,70,0.2065,"«периферийный» 0,75: признаки ниже порога. Ближайший — конечный получатель 0,25: исходящих нет; плательщиков: 1, получено 30 000 ₸: ниже порога накопления."
100000003985389100,peripheral,0.4643,3,0.2709,"«периферийный» 0,46 (снижено: исходящие не собирались): признаки ниже порога. Ближайший — консолидатор 0,07: разных плательщиков: 1 (порог 7), получено 422 698 ₸."
100000003986141100,peripheral,0.7500,16,0.0392,"«периферийный» 0,75: признаки ниже порога. Ближайший — конечный получатель 0,25: исходящих нет; плательщиков: 1, получено 5 286 ₸: ниже порога накопления."
100000003988112100,peripheral,0.9286,20,0.2587,"«периферийный» 0,93: признаки ниже порога. Ближайший — консолидатор 0,07: разных плательщиков: 1 (порог 7), получено 92 000 ₸."
100000003989033100,peripheral,0.4643,10,0.2360,"«периферийный» 0,46 (снижено: исходящие не собирались): признаки ниже порога. Ближайший — консолидатор 0,07: разных плательщиков: 1 (порог 7), получено 373 400 ₸."
100000003996562100,peripheral,0.7500,33,0.0452,"«периферийный» 0,75: признаки ниже порога. Ближайший — конечный получатель 0,25: исходящих нет; плательщиков: 1, получено 7 700 ₸: ниже порога накопления."
100000004004621100,terminal,0.5714,13,0.5093,"Гипотеза «конечный получатель» 0,57: исходящих нет; плательщиков: 3, получено 75 389 ₸; окно после 90% суммы — 11 дн.. Альтернатива: консолидатор 0,21."
100000004005964100,peripheral,0.5403,26,0.3554,"«периферийный» 0,54: признаки ниже порога. Ближайший — транзит 0,46: после поступлений другим счетам ушло 74% полученного (коридор 80%–120%)."
100000004006327100,peripheral,0.4643,6,0.2273,"«периферийный» 0,46 (снижено: исходящие не собирались): признаки ниже порога. Ближайший — консолидатор 0,07: разных плательщиков: 1 (порог 7), получено 300 000 ₸."
100000004007116100,peripheral,0.7857,26,0.3216,"«периферийный» 0,79: признаки ниже порога. Ближайший — консолидатор 0,21: разных плательщиков: 3 (порог 7), получено 764 704 ₸."
100000004007197100,peripheral,0.4643,26,0.0859,"«периферийный» 0,46 (снижено: короткое окно наблюдения): признаки ниже порога. Ближайший — консолидатор 0,07: разных плательщиков: 1 (порог 7), получено 10 048 ₸."
100000004013952100,peripheral,0.4643,1,0.0402,"«периферийный» 0,46 (снижено: исходящие не собирались): признаки ниже порога. Ближайший — консолидатор 0,07: разных плательщиков: 1 (порог 7), получено 5 500 ₸."
100000004015047100,consolidator,0.5769,9,0.7904,"Гипотеза «консолидатор» 0,58: разных плательщиков: 9 (порог 7), получено 919 104 ₸. Конечный получатель 0,58 не слабее, но признаки веера приоритетнее."
100000004017410100,peripheral,0.7500,34,0.3602,"«периферийный» 0,75: признаки ниже порога. Ближайший — распределитель 0,25: разных получателей: 5 (порог 10), отправлено 1,3 млн ₸."
100000004019056100,peripheral,0.4643,13,0.1398,"«периферийный» 0,46 (снижено: исходящие не собирались): признаки ниже порога. Ближайший — консолидатор 0,07: разных плательщиков: 1 (порог 7), получено 50 000 ₸."
100000004019124100,terminal,0.6607,5,0.7400,"Гипотеза «конечный получатель» 0,66: исходящих нет; плательщиков: 3, получено 193 000 ₸; окно после 90% суммы — 16 дн.. Альтернатива: координатор 0,33."
100000004021459100,peripheral,0.0000,78,0.0000,"«периферийный» 0,00: в выгрузке нет переводов счёта, роль не оценивается."
100000004030553100,peripheral,0.4643,21,0.1578,"«периферийный» 0,46 (снижено: исходящие не собирались): признаки ниже порога. Ближайший — консолидатор 0,07: разных плательщиков: 1 (порог 7), получено 70 000 ₸."
100000004035925100,peripheral,0.4643,66,0.2665,"«периферийный» 0,46 (снижено: исходящие не собирались): признаки ниже порога. Ближайший — консолидатор 0,07: разных плательщиков: 1 (порог 7), получено 1,1 млн ₸."
100000004041163100,peripheral,0.6667,20,0.5857,"«периферийный» 0,67: признаки ниже порога. Ближайший — координатор 0,33: связей с исходными клиентами: 2 (порог 3); от них 1, к ним 2."
100000004041294100,peripheral,0.4643,27,0.0775,"«периферийный» 0,46 (снижено: исходящие не собирались): признаки ниже порога. Ближайший — консолидатор 0,07: разных плательщиков: 1 (порог 7), получено 17 800 ₸."
100000004047887100,peripheral,0.4643,39,0.1098,"«периферийный» 0,46 (снижено: исходящие не собирались): признаки ниже порога. Ближайший — консолидатор 0,07: разных плательщиков: 1 (порог 7), получено 30 000 ₸."
100000004049912100,peripheral,0.4643,19,0.0524,"«периферийный» 0,46 (снижено: исходящие не собирались): признаки ниже порога. Ближайший — консолидатор 0,07: разных плательщиков: 1 (порог 7), получено 10 000 ₸."
100000004058740100,peripheral,0.7500,2,0.2065,"«периферийный» 0,75: признаки ниже порога. Ближайший — конечный получатель 0,25: исходящих нет; плательщиков: 1, получено 30 000 ₸: ниже порога накопления."
100000004064431100,peripheral,0.7596,26,0.1896,"«периферийный» 0,76: признаки ниже порога. Ближайший — транзит 0,24: после поступлений другим счетам ушло 38% полученного (коридор 80%–120%)."
100000004066370100,peripheral,0.4643,37,0.1546,"«периферийный» 0,46 (снижено: исходящие не собирались): признаки ниже порога. Ближайший — консолидатор 0,07: разных плательщиков: 1 (порог 7), получено 65 000 ₸."
100000004066647100,peripheral,0.7500,19,0.1724,"«периферийный» 0,75: признаки ниже порога. Ближайший — конечный получатель 0,25: исходящих нет; плательщиков: 1, получено 51 000 ₸: ниже порога накопления."
100000004070318100,distributor,0.6500,1,0.7493,"Гипотеза «распределитель» 0,65: разных получателей: 19 (порог 10), отправлено 551 860 ₸. Альтернатива: координатор 0,50."
100000004070530100,peripheral,0.4643,39,0.0839,"«периферийный» 0,46 (снижено: исходящие не собирались): признаки ниже порога. Ближайший — консолидатор 0,07: разных плательщиков: 1 (порог 7), получено 20 000 ₸."
100000004071070100,terminal,0.5240,1,0.3608,"Гипотеза «конечный получатель» 0,52: исходящие — 15% наблюдаемых входящих; плательщиков: 2, получено 41 000 ₸; окно после 90% суммы — 12 дн.. Альтернатива: консолидатор 0,14."
100000004071080100,consolidator,0.5769,1,0.5586,"Гипотеза «консолидатор» 0,58: разных плательщиков: 9 (порог 7), получено 238 600 ₸. Альтернатива: конечный получатель 0,50."
100000004071444100,peripheral,0.9286,1,0.3018,"«периферийный» 0,93: признаки ниже порога. Ближайший — консолидатор 0,07: разных плательщиков: 1 (порог 7), получено 247 350 ₸."
100000004076740100,peripheral,0.5878,34,0.3724,"«периферийный» 0,59: признаки ниже порога. Ближайший — транзит 0,41: после поступлений другим счетам ушло 134% полученного (коридор 80%–120%); всего исходящих 134%: баланс в выгрузке неполон."
100000004077081100,peripheral,0.8000,3,0.4140,"«периферийный» 0,80: признаки ниже порога. Ближайший — распределитель 0,20: разных получателей: 4 (порог 10), отправлено 615 000 ₸."
100000004094958100,transit,0.6453,49,0.4920,"Гипотеза «транзит» 0,65: после поступлений другим счетам ушло 103% полученного (коридор 80%–120%); операций мало: входящих 1, исходящих 1. Альтернатива: координатор 0,17."
100000004096559100,peripheral,0.4107,11,0.1329,"«периферийный» 0,41: признаки ниже порога. Ближайший — конечный получатель 0,18: исходящих нет; плательщиков: 1, получено 46 200 ₸; окно после 90% суммы — 5 дн. (нужно 7)."
100000004097972100,peripheral,0.7500,1,0.2389,"«периферийный» 0,75: признаки ниже порога. Ближайший — конечный получатель 0,25: исходящие — 8% наблюдаемых входящих; плательщиков: 1, получено 118 878 ₸: ниже порога накопления."
100000004099450100,peripheral,0.3929,3,0.1426,"«периферийный» 0,39: признаки ниже порога. Ближайший — конечный получатель 0,21: исходящих нет; плательщиков: 1, получено 31 000 ₸; окно после 90% суммы — 6 дн. (нужно 7)."
100000004105288100,terminal,0.5893,4,0.6457,"Гипотеза «конечный получатель» 0,59: исходящих нет; плательщиков: 2, получено 215 000 ₸; окно после 90% суммы — 12 дн.. Альтернатива: координатор 0,17."
100000004107228100,peripheral,0.4643,4,0.0367,"«периферийный» 0,46 (снижено: исходящие не собирались): признаки ниже порога. Ближайший — консолидатор 0,07: разных плательщиков: 1 (порог 7), получено 5 000 ₸."
100000004114962100,terminal,0.7500,7,0.4654,"Гипотеза «конечный получатель» 0,75: исходящих нет; плательщиков: 2, получено 165 000 ₸; окно после 90% суммы — 24 дн.. Альтернатива: консолидатор 0,14."
100000004130144100,peripheral,0.7500,11,0.3071,"«периферийный» 0,75: признаки ниже порога. Ближайший — конечный получатель 0,25: исходящих нет; плательщиков: 1, получено 200 000 ₸: ниже порога накопления."
100000004134060100,peripheral,0.7500,21,0.1693,"«периферийный» 0,75: признаки ниже порога. Ближайший — конечный получатель 0,25: исходящих нет; плательщиков: 1, получено 88 179 ₸: ниже порога накопления."
100000004135268100,peripheral,0.5712,53,0.4233,"«периферийный» 0,57: признаки ниже порога. Ближайший — транзит 0,43: после поступлений другим счетам ушло 69% полученного (коридор 80%–120%); всего исходящих 81%."
100000004140487100,distributor,0.5000,4,0.5365,"Гипотеза «распределитель» 0,50: разных получателей: 10 (порог 10), отправлено 262 600 ₸. Альтернатива: координатор 0,17."
100000004140994100,peripheral,0.7500,2,0.0800,"«периферийный» 0,75: признаки ниже порога. Ближайший — конечный получатель 0,25: исходящих нет; плательщиков: 1, получено 18 650 ₸: ниже порога накопления."
100000004144536100,peripheral,0.3571,26,0.3547,"«периферийный» 0,36 (снижено: короткое окно наблюдения): признаки ниже порога. Ближайший — консолидатор 0,29: разных плательщиков: 4 (порог 7), получено 168 000 ₸."
100000004150593100,distributor,0.5167,5,0.4829,"Гипотеза «распределитель» 0,52: разных получателей: 11 (порог 10), отправлено 871 165 ₸. Альтернатива: консолидатор 0,07."
100000004156082100,distributor,0.7667,15,0.7611,"Гипотеза «распределитель» 0,77: разных получателей: 26 (порог 10), отправлено 2,3 млн ₸. Альтернатива: консолидатор 0,36."
100000004158362100,peripheral,0.7500,1,0.0589,"«периферийный» 0,75: признаки ниже порога. Ближайший — конечный получатель 0,25: исходящих нет; плательщиков: 1, получено 12 000 ₸: ниже порога накопления."
100000004159526100,peripheral,0.7143,14,0.3906,"«периферийный» 0,71: признаки ниже порога. Ближайший — консолидатор 0,29: разных плательщиков: 4 (порог 7), получено 275 037 ₸."
100000004160650100,distributor,0.5000,26,0.5821,"Гипотеза «распределитель» 0,50: разных получателей: 10 (порог 10), отправлено 1,5 млн ₸. Альтернатива: координатор 0,17."
100000004167082100,peripheral,0.4643,13,0.0624,"«периферийный» 0,46 (снижено: исходящие не собирались): признаки ниже порога. Ближайший — консолидатор 0,07: разных плательщиков: 1 (порог 7), получено 13 300 ₸."
100000004174835100,peripheral,0.0000,79,0.0000,"«периферийный» 0,00: в выгрузке нет переводов счёта, роль не оценивается."
100000004177936100,peripheral,0.4643,3,0.0524,"«периферийный» 0,46 (снижено: исходящие не собирались): признаки ниже порога. Ближайший — консолидатор 0,07: разных плательщиков: 1 (порог 7), получено 10 000 ₸."
100000004180097100,peripheral,0.7151,1,0.3496,"«периферийный» 0,72: признаки ниже порога. Ближайший — транзит 0,28: после поступлений другим счетам ушло 46% полученного (коридор 80%–120%)."
100000004183610100,peripheral,0.9286,13,0.3327,"«периферийный» 0,93: признаки ниже порога. Ближайший — консолидатор 0,07: разных плательщиков: 1 (порог 7), получено 22 000 ₸."
100000004184158100,peripheral,0.7500,1,0.2419,"«периферийный» 0,75: признаки ниже порога. Ближайший — конечный получатель 0,25: исходящих нет; плательщиков: 1, получено 203 805 ₸: ниже порога накопления."
100000004185681100,peripheral,0.7500,4,0.0824,"«периферийный» 0,75: признаки ниже порога. Ближайший — конечный получатель 0,25: исходящих нет; плательщиков: 1, получено 10 000 ₸: ниже порога накопления."
100000004186824100,terminal,0.5659,5,0.5614,"Гипотеза «конечный получатель» 0,57: исходящие — 2% наблюдаемых входящих; плательщиков: 2, получено 451 700 ₸; окно после 90% суммы — 11 дн.. Альтернатива: координатор 0,17."
100000004188160100,peripheral,0.7021,5,0.3720,"«периферийный» 0,70: признаки ниже порога. Ближайший — транзит 0,30: после поступлений другим счетам ушло 132% полученного (коридор 80%–120%); всего исходящих 152%: баланс в выгрузке неполон."
100000004192107100,peripheral,0.4643,4,0.1578,"«периферийный» 0,46 (снижено: короткое окно наблюдения): признаки ниже порога. Ближайший — консолидатор 0,07: разных плательщиков: 1 (порог 7), получено 25 000 ₸."
100000004192865100,peripheral,0.7500,30,0.1559,"«периферийный» 0,75: признаки ниже порога. Ближайший — конечный получатель 0,25: исходящих нет; плательщиков: 1, получено 66 666 ₸: ниже порога накопления."
100000004193835100,peripheral,0.8333,5,0.2495,"«периферийный» 0,83: признаки ниже порога. Ближайший — координатор 0,17: связей с исходными клиентами: 1 (порог 3); от них 0, к ним 1."
100000004200745100,peripheral,0.4643,17,0.1891,"«периферийный» 0,46 (снижено: исходящие не собирались): признаки ниже порога. Ближайший — консолидатор 0,07: разных плательщиков: 1 (порог 7), получено 130 000 ₸."
100000004206046100,peripheral,0.7500,5,0.1544,"«периферийный» 0,75: признаки ниже порога. Ближайший — конечный получатель 0,25: исходящих нет; плательщиков: 1, получено 11 075 ₸: ниже порога накопления."
100000004209339100,peripheral,0.9000,12,0.2757,"«периферийный» 0,90: признаки ниже порога. Ближайший — распределитель 0,10: разных получателей: 2 (порог 10), отправлено 238 500 ₸."
100000004213658100,peripheral,0.7500,2,0.1965,"«периферийный» 0,75: признаки ниже порога. Ближайший — конечный получатель 0,25: исходящих нет; плательщиков: 1, получено 25 347 ₸: ниже порога накопления."
100000004217419100,terminal,0.5120,3,0.4222,"Гипотеза «конечный получатель» 0,51: исходящие — 7% наблюдаемых входящих; плательщиков: 2, получено 118 200 ₸; окно после 90% суммы — 8 дн.. Альтернатива: консолидатор 0,14."
100000004218576100,peripheral,0.7500,2,0.1977,"«периферийный» 0,75: признаки ниже порога. Ближайший — конечный получатель 0,25: исходящих нет; плательщиков: 1, получено 26 144 ₸: ниже порога накопления."
100000004221668100,peripheral,0.5948,9,0.3630,"«периферийный» 0,59: признаки ниже порога. Ближайший — транзит 0,41: после поступлений другим счетам ушло 65% полученного (коридор 80%–120%)."
100000004222274100,peripheral,0.4643,1,0.0695,"«периферийный» 0,46 (снижено: исходящие не собирались): признаки ниже порога. Ближайший — консолидатор 0,07: разных плательщиков: 1 (порог 7), получено 15 500 ₸."
100000004225615100,peripheral,0.7500,18,0.1706,"«периферийный» 0,75: признаки ниже порога. Ближайший — конечный получатель 0,25: исходящих нет; плательщиков: 1, получено 90 000 ₸: ниже порога накопления."
100000004226848100,peripheral,0.4167,4,0.4150,"«периферийный» 0,42 (снижено: короткое окно наблюдения): признаки ниже порога. Ближайший — координатор 0,17: связей с исходными клиентами: 1 (порог 3); от них 1, к ним 0."
100000004232712100,peripheral,0.4643,7,0.0605,"«периферийный» 0,46 (снижено: исходящие не собирались): признаки ниже порога. Ближайший — консолидатор 0,07: разных плательщиков: 1 (порог 7), получено 12 500 ₸."
100000004235471100,peripheral,0.4643,7,0.2349,"«периферийный» 0,46 (снижено: исходящие не собирались): признаки ниже порога. Ближайший — консолидатор 0,07: разных плательщиков: 1 (порог 7), получено 180 000 ₸."
100000004241142100,peripheral,0.4643,1,0.1047,"«периферийный» 0,46 (снижено: исходящие не собирались): признаки ниже порога. Ближайший — консолидатор 0,07: разных плательщиков: 1 (порог 7), получено 27 102 ₸."
100000004254434100,peripheral,0.7500,2,0.2266,"«периферийный» 0,75: признаки ниже порога. Ближайший — конечный получатель 0,25: исходящих нет; плательщиков: 1, получено 44 445 ₸: ниже порога накопления."
100000004257714100,peripheral,0.7500,2,0.1439,"«периферийный» 0,75: признаки ниже порога. Ближайший — конечный получатель 0,25: исходящих нет; плательщиков: 1, получено 52 220 ₸: ниже порога накопления."
100000004260869100,peripheral,0.4643,5,0.0524,"«периферийный» 0,46 (снижено: исходящие не собирались): признаки ниже порога. Ближайший — консолидатор 0,07: разных плательщиков: 1 (порог 7), получено 10 000 ₸."
100000004261340100,peripheral,0.4643,1,0.1365,"«периферийный» 0,46 (снижено: исходящие не собирались): признаки ниже порога. Ближайший — консолидатор 0,07: разных плательщиков: 1 (порог 7), получено 48 500 ₸."
100000004263867100,peripheral,0.4643,8,0.0477,"«периферийный» 0,46 (снижено: исходящие не собирались): признаки ниже порога. Ближайший — консолидатор 0,07: разных плательщиков: 1 (порог 7), получено 9 000 ₸."
100000004265639100,peripheral,0.4643,3,0.0524,"«периферийный» 0,46 (снижено: исходящие не собирались): признаки ниже порога. Ближайший — консолидатор 0,07: разных плательщиков: 1 (порог 7), получено 10 000 ₸."
100000004268036100,peripheral,0.4643,8,0.0402,"«периферийный» 0,46 (снижено: исходящие не собирались): признаки ниже порога. Ближайший — консолидатор 0,07: разных плательщиков: 1 (порог 7), получено 5 500 ₸."
100000004269433100,peripheral,0.8333,15,0.3361,"«периферийный» 0,83: признаки ниже порога. Ближайший — координатор 0,17: связей с исходными клиентами: 1 (порог 3); от них 0, к ним 1."
100000004272302100,peripheral,0.4643,47,0.0824,"«периферийный» 0,46 (снижено: исходящие не собирались): признаки ниже порога. Ближайший — консолидатор 0,07: разных плательщиков: 1 (порог 7), получено 10 000 ₸."
100000004278574100,peripheral,0.6875,7,0.1614,"«периферийный» 0,69: признаки ниже порога. Ближайший — транзит 0,31: после поступлений другим счетам ушло 50% полученного (коридор 80%–120%)."
100000004285800100,peripheral,0.9286,1,0.1231,"«периферийный» 0,93: признаки ниже порога. Ближайший — консолидатор 0,07: разных плательщиков: 1 (порог 7), получено 5 000 ₸."
100000004286573100,peripheral,0.7500,17,0.1707,"«периферийный» 0,75: признаки ниже порога. Ближайший — конечный получатель 0,25: исходящих нет; плательщиков: 1, получено 16 590 ₸: ниже порога накопления."
100000004291560100,peripheral,0.7500,1,0.1652,"«периферийный» 0,75: признаки ниже порога. Ближайший — конечный получатель 0,25: исходящих нет; плательщиков: 1, получено 47 190 ₸: ниже порога накопления."
100000004291663100,peripheral,0.4643,1,0.1278,"«периферийный» 0,46 (снижено: исходящие не собирались): признаки ниже порога. Ближайший — консолидатор 0,07: разных плательщиков: 1 (порог 7), получено 25 000 ₸."
100000004292885100,peripheral,0.7500,2,0.1839,"«периферийный» 0,75: признаки ниже порога. Ближайший — конечный получатель 0,25: исходящих нет; плательщиков: 1, получено 112 700 ₸: ниже порога накопления."
100000004299488100,terminal,0.5056,1,0.5863,"Гипотеза «конечный получатель» 0,51: исходящие — 20% наблюдаемых входящих; плательщиков: 6, получено 1,7 млн ₸; окно после 90% суммы — 18 дн.. Альтернатива: консолидатор 0,43."
100000004315838100,peripheral,0.8333,4,0.3637,"«периферийный» 0,83: признаки ниже порога. Ближайший — координатор 0,17: связей с исходными клиентами: 1 (порог 3); от них 1, к ним 0."
100000004318918100,peripheral,0.7500,12,0.3778,"«периферийный» 0,75: признаки ниже порога. Ближайший — конечный получатель 0,25: исходящих нет; плательщиков: 1, получено 75 600 ₸: ниже порога накопления."
100000004321983100,peripheral,0.9000,9,0.1850,"«периферийный» 0,90: признаки ниже порога. Ближайший — распределитель 0,10: разных получателей: 2 (порог 10), отправлено 36 200 ₸."
100000004325327100,transit,0.6571,1,0.5360,"Гипотеза «транзит» 0,66: после поступлений другим счетам ушло 99% полученного (коридор 80%–120%); операций мало: входящих 3, исходящих 1. Альтернатива: координатор 0,17."
100000004326224100,peripheral,0.4643,7,0.1514,"«периферийный» 0,46 (снижено: исходящие не собирались): признаки ниже порога. Ближайший — консолидатор 0,07: разных плательщиков: 1 (порог 7), получено 60 000 ₸."
100000004330371100,peripheral,0.8304,5,0.3701,"«периферийный» 0,83: признаки ниже порога. Ближайший — транзит 0,17: после поступлений другим счетам ушло 27% полученного (коридор 80%–120%); всего исходящих 34%."
100000004331458100,terminal,0.6429,49,0.4525,"Гипотеза «конечный получатель» 0,64: исходящих нет; плательщиков: 2, получено 250 000 ₸; окно после 90% суммы — 15 дн.. Альтернатива: консолидатор 0,14."
100000004336228100,peripheral,0.4286,3,0.1730,"«периферийный» 0,43: признаки ниже порога. Ближайший — конечный получатель 0,14: исходящих нет; плательщиков: 1, получено 51 407 ₸; окно после 90% суммы — 4 дн. (нужно 7)."
100000004336312100,transit,0.5088,34,0.4388,"Гипотеза «транзит» 0,51: после поступлений другим счетам ушло 80% полученного (коридор 80%–120%). Альтернатива: консолидатор 0,21."
100000004340038100,peripheral,0.9286,13,0.1894,"«периферийный» 0,93: признаки ниже порога. Ближайший — консолидатор 0,07: разных плательщиков: 1 (порог 7), получено 9 978 ₸."
100000004350094100,peripheral,0.4643,19,0.0839,"«периферийный» 0,46 (снижено: исходящие не собирались): признаки ниже порога. Ближайший — консолидатор 0,07: разных плательщиков: 1 (порог 7), получено 20 000 ₸."
100000004351795100,distributor,0.5667,1,0.6723,"Гипотеза «распределитель» 0,57: разных получателей: 14 (порог 10), отправлено 1,7 млн ₸. Альтернатива: координатор 0,33."
100000004356593100,peripheral,0.7500,4,0.2206,"«периферийный» 0,75: признаки ниже порога. Ближайший — конечный получатель 0,25: исходящие — 20% наблюдаемых входящих; плательщиков: 1, получено 50 000 ₸: ниже порога накопления."
100000004358004100,distributor,0.5167,4,0.5497,"Гипотеза «распределитель» 0,52: разных получателей: 11 (порог 10), отправлено 980 850 ₸. Альтернатива: координатор 0,17."
100000004360785100,peripheral,0.7500,5,0.2704,"«периферийный» 0,75: признаки ниже порога. Ближайший — конечный получатель 0,25: исходящих нет; плательщиков: 1, получено 94 705 ₸: ниже порога накопления."
100000004368189100,peripheral,0.6154,10,0.2905,"«периферийный» 0,62: признаки ниже порога. Ближайший — конечный получатель 0,38: исходящие — 7% наблюдаемых входящих; плательщиков: 1, получено 384 600 ₸: ниже порога накопления."
100000004377043100,peripheral,0.4643,29,0.0407,"«периферийный» 0,46 (снижено: исходящие не собирались): признаки ниже порога. Ближайший — консолидатор 0,07: разных плательщиков: 1 (порог 7), получено 5 700 ₸."
100000004379306100,peripheral,0.4643,3,0.0674,"«периферийный» 0,46 (снижено: исходящие не собирались): признаки ниже порога. Ближайший — консолидатор 0,07: разных плательщиков: 1 (порог 7), получено 15 000 ₸."
100000004386258100,peripheral,0.5948,17,0.2956,"«периферийный» 0,59: признаки ниже порога. Ближайший — транзит 0,41: после поступлений другим счетам ушло 65% полученного (коридор 80%–120%)."
100000004386286100,peripheral,0.4643,17,0.0605,"«периферийный» 0,46 (снижено: исходящие не собирались): признаки ниже порога. Ближайший — консолидатор 0,07: разных плательщиков: 1 (порог 7), получено 12 500 ₸."
100000004386331100,peripheral,0.9000,17,0.1614,"«периферийный» 0,90: исходящие = 88% входящих, но это встречные или более ранние переводы — транзит датами не подтверждён."
100000004388209100,peripheral,0.4167,2,0.1550,"«периферийный» 0,42 (снижено: короткое окно наблюдения): признаки ниже порога. Ближайший — координатор 0,17: связей с исходными клиентами: 1 (порог 3); от них 1, к ним 0."
100000004388353100,terminal,0.5893,12,0.5861,"Гипотеза «конечный получатель» 0,59: исходящих нет; плательщиков: 2, получено 62 960 ₸; окно после 90% суммы — 12 дн.. Альтернатива: координатор 0,17."
100000004388983100,peripheral,0.9000,67,0.2833,"«периферийный» 0,90: признаки ниже порога. Ближайший — распределитель 0,10: разных получателей: 2 (порог 10), отправлено 450 816 ₸."
100000004390333100,peripheral,0.5500,1,0.4796,"«периферийный» 0,55: признаки ниже порога. Ближайший — распределитель 0,45: разных получателей: 9 (порог 10), отправлено 506 500 ₸."
100000004394765100,coordinator,0.5000,5,0.6956,"Гипотеза «координатор» 0,50: связей с исходными клиентами: 3 (порог 3); от них 1, к ним 2. Конечный получатель 0,55 сильнее, но признаки веера приоритетнее."
100000004398811100,peripheral,0.8500,4,0.3566,"«периферийный» 0,85: признаки ниже порога. Ближайший — распределитель 0,15: разных получателей: 3 (порог 10), отправлено 1,0 млн ₸."
100000004399686100,terminal,0.8010,25,0.5302,"Гипотеза «конечный получатель» 0,80: исходящих нет; плательщиков: 1, получено 806 000 ₸; окно после 90% суммы — 22 дн.. Альтернатива: консолидатор 0,07."
100000004400305100,distributor,1.0000,1,0.6790,"Гипотеза «распределитель» 1,00: разных получателей: 82 (порог 10), отправлено 5,8 млн ₸. Альтернатива: консолидатор 0,50."
100000004400361100,peripheral,0.7500,5,0.0524,"«периферийный» 0,75: признаки ниже порога. Ближайший — конечный получатель 0,25: исходящих нет; плательщиков: 1, получено 10 000 ₸: ниже порога накопления."
100000004400480100,peripheral,0.4643,10,0.0893,"«периферийный» 0,46 (снижено: исходящие не собирались): признаки ниже порога. Ближайший — консолидатор 0,07: разных плательщиков: 1 (порог 7), получено 21 700 ₸."
100000004403548100,peripheral,0.4643,3,0.0367,"«периферийный» 0,46 (снижено: исходящие не собирались): признаки ниже порога. Ближайший — консолидатор 0,07: разных плательщиков: 1 (порог 7), получено 5 000 ₸."
100000004403641100,peripheral,0.4643,10,0.2637,"«периферийный» 0,46 (снижено: исходящие не собирались): признаки ниже порога. Ближайший — консолидатор 0,07: разных плательщиков: 1 (порог 7), получено 171 500 ₸."
100000004403675100,coordinator,0.5000,20,0.7157,"Гипотеза «координатор» 0,50: связей с исходными клиентами: 3 (порог 3); от них 2, к ним 1. Альтернатива: транзит 0,35."
100000004407753100,peripheral,0.9286,29,0.2631,"«периферийный» 0,93: признаки ниже порога. Ближайший — консолидатор 0,07: разных плательщиков: 1 (порог 7), получено 250 000 ₸."
100000004408683100,terminal,0.6786,5,0.5235,"Гипотеза «конечный получатель» 0,68: исходящих нет; плательщиков: 2, получено 112 920 ₸; окно после 90% суммы — 17 дн.. Альтернатива: координатор 0,17."
100000004410489100,peripheral,0.7500,1,0.1765,"«периферийный» 0,75: признаки ниже порога. Ближайший — конечный получатель 0,25: исходящих нет; плательщиков: 1, получено 54 000 ₸: ниже порога накопления."
100000004417753100,peripheral,0.4286,4,0.2773,"«периферийный» 0,43 (снижено: короткое окно наблюдения): признаки ниже порога. Ближайший — консолидатор 0,14: разных плательщиков: 2 (порог 7), получено 192 099 ₸."
100000004418967100,peripheral,0.4643,6,0.1777,"«периферийный» 0,46 (снижено: исходящие не собирались): признаки ниже порога. Ближайший — консолидатор 0,07: разных плательщиков: 1 (порог 7), получено 100 000 ₸."
100000004420041100,peripheral,0.6500,3,0.3503,"«периферийный» 0,65: признаки ниже порога. Ближайший — распределитель 0,35: разных получателей: 7 (порог 10), отправлено 651 830 ₸."
100000004424023100,peripheral,0.9286,10,0.2346,"«периферийный» 0,93: признаки ниже порога. Ближайший — консолидатор 0,07: разных плательщиков: 1 (порог 7), получено 50 000 ₸."
100000004433250100,peripheral,0.4643,1,0.0759,"«периферийный» 0,46 (снижено: исходящие не собирались): признаки ниже порога. Ближайший — консолидатор 0,07: разных плательщиков: 1 (порог 7), получено 8 000 ₸."
100000004435304100,peripheral,0.4643,2,0.1323,"«периферийный» 0,46 (снижено: короткое окно наблюдения): признаки ниже порога. Ближайший — консолидатор 0,07: разных плательщиков: 1 (порог 7), получено 26 200 ₸."
100000004441291100,peripheral,0.7500,4,0.0839,"«периферийный» 0,75: признаки ниже порога. Ближайший — конечный получатель 0,25: исходящих нет; плательщиков: 1, получено 20 000 ₸: ниже порога накопления."
100000004445291100,peripheral,0.7500,27,0.0810,"«периферийный» 0,75: признаки ниже порога. Ближайший — конечный получатель 0,25: исходящих нет; плательщиков: 1, получено 19 500 ₸: ниже порога накопления."
100000004449824100,peripheral,0.4643,8,0.0477,"«периферийный» 0,46 (снижено: исходящие не собирались): признаки ниже порога. Ближайший — консолидатор 0,07: разных плательщиков: 1 (порог 7), получено 9 000 ₸."
100000004450649100,peripheral,0.8333,7,0.3707,"«периферийный» 0,83: признаки ниже порога. Ближайший — координатор 0,17: связей с исходными клиентами: 1 (порог 3); от них 0, к ним 1."
100000004451012100,peripheral,0.8500,19,0.2847,"«периферийный» 0,85: признаки ниже порога. Ближайший — распределитель 0,15: разных получателей: 3 (порог 10), отправлено 65 740 ₸."
100000004456564100,peripheral,0.4286,14,0.0824,"«периферийный» 0,43: признаки ниже порога. Ближайший — конечный получатель 0,14: исходящих нет; плательщиков: 1, получено 10 000 ₸; окно после 90% суммы — 4 дн. (нужно 7)."
100000004463277100,peripheral,0.7500,30,0.1186,"«периферийный» 0,75: признаки ниже порога. Ближайший — конечный получатель 0,25: исходящих нет; плательщиков: 1, получено 35 000 ₸: ниже порога накопления."
100000004467157100,peripheral,0.9286,34,0.1341,"«периферийный» 0,93: признаки ниже порога. Ближайший — консолидатор 0,07: разных плательщиков: 1 (порог 7), получено 20 000 ₸."
100000004472936100,peripheral,0.4643,13,0.0367,"«периферийный» 0,46 (снижено: исходящие не собирались): признаки ниже порога. Ближайший — консолидатор 0,07: разных плательщиков: 1 (порог 7), получено 5 000 ₸."
100000004475818100,peripheral,0.8500,7,0.2063,"«периферийный» 0,85: признаки ниже порога. Ближайший — распределитель 0,15: разных получателей: 3 (порог 10), отправлено 53 989 ₸."
100000004479404100,peripheral,0.8571,45,0.3425,"«периферийный» 0,86: признаки ниже порога. Ближайший — консолидатор 0,14: разных плательщиков: 2 (порог 7), получено 1,5 млн ₸."
100000004480280100,peripheral,0.6667,4,0.5160,"«периферийный» 0,67: признаки ниже порога. Ближайший — координатор 0,33: связей с исходными клиентами: 2 (порог 3); от них 1, к ним 1."
100000004486525100,consolidator,0.5385,1,0.5106,"Гипотеза «консолидатор» 0,54: разных плательщиков: 8 (порог 7), получено 360 924 ₸. Альтернатива: транзит 0,47."
100000004488265100,peripheral,0.7500,3,0.1534,"«периферийный» 0,75: признаки ниже порога. Ближайший — конечный получатель 0,25: исходящих нет; плательщиков: 1, получено 38 740 ₸: ниже порога накопления."
100000004491749100,peripheral,0.4643,9,0.1698,"«периферийный» 0,46 (снижено: короткое окно наблюдения): признаки ниже порога. Ближайший — консолидатор 0,07: разных плательщиков: 1 (порог 7), получено 50 000 ₸."
100000004491881100,peripheral,0.7500,2,0.1716,"«периферийный» 0,75: признаки ниже порога. Ближайший — конечный получатель 0,25: исходящих нет; плательщиков: 1, получено 17 144 ₸: ниже порога накопления."
100000004493586100,peripheral,0.7500,1,0.0450,"«периферийный» 0,75: признаки ниже порога. Ближайший — конечный получатель 0,25: исходящих нет; плательщиков: 1, получено 7 500 ₸: ниже порога накопления."
100000004494983100,peripheral,0.7500,2,0.2153,"«периферийный» 0,75: признаки ниже порога. Ближайший — конечный получатель 0,25: исходящих нет; плательщиков: 1, получено 35 000 ₸: ниже порога накопления."
100000004497606100,peripheral,0.7500,2,0.1666,"«периферийный» 0,75: признаки ниже порога. Ближайший — конечный получатель 0,25: исходящих нет; плательщиков: 1, получено 15 534 ₸: ниже порога накопления."
100000004500444100,peripheral,0.7431,14,0.2711,"«периферийный» 0,74: признаки ниже порога. Ближайший — транзит 0,26: после поступлений другим счетам ушло 41% полученного (коридор 80%–120%)."
100000004500781100,peripheral,0.4643,14,0.1601,"«периферийный» 0,46 (снижено: исходящие не собирались): признаки ниже порога. Ближайший — консолидатор 0,07: разных плательщиков: 1 (порог 7), получено 74 000 ₸."
100000004502048100,peripheral,0.4643,19,0.0631,"«периферийный» 0,46 (снижено: исходящие не собирались): признаки ниже порога. Ближайший — консолидатор 0,07: разных плательщиков: 1 (порог 7), получено 13 888 ₸."
100000004508696100,peripheral,0.8500,38,0.2361,"«периферийный» 0,85: признаки ниже порога. Ближайший — распределитель 0,15: разных получателей: 3 (порог 10), отправлено 111 000 ₸."
100000004509286100,peripheral,0.7500,4,0.2820,"«периферийный» 0,75: признаки ниже порога. Ближайший — конечный получатель 0,25: исходящих нет; плательщиков: 1, получено 40 000 ₸: ниже порога накопления."
100000004526651100,peripheral,0.4643,6,0.1158,"«периферийный» 0,46 (снижено: исходящие не собирались): признаки ниже порога. Ближайший — консолидатор 0,07: разных плательщиков: 1 (порог 7), получено 33 000 ₸."
100000004527381100,peripheral,0.9286,15,0.3072,"«периферийный» 0,93: признаки ниже порога. Ближайший — консолидатор 0,07: разных плательщиков: 1 (порог 7), получено 119 333 ₸."
100000004539443100,terminal,0.6071,4,0.3741,"Гипотеза «конечный получатель» 0,61: исходящих нет; плательщиков: 2, получено 61 990 ₸; окно после 90% суммы — 13 дн.. Альтернатива: консолидатор 0,14."
100000004544958100,peripheral,0.7500,12,0.2767,"«периферийный» 0,75: признаки ниже порога. Ближайший — конечный получатель 0,25: исходящие — 14% наблюдаемых входящих; плательщиков: 1, получено 168 000 ₸: ниже порога накопления."
100000004549591100,peripheral,0.4643,38,0.1371,"«периферийный» 0,46 (снижено: исходящие не собирались): признаки ниже порога. Ближайший — консолидатор 0,07: разных плательщиков: 1 (порог 7), получено 49 000 ₸."
100000004552204100,peripheral,0.9000,4,0.1546,"«периферийный» 0,90: признаки ниже порога. Ближайший — распределитель 0,10: разных получателей: 2 (порог 10), отправлено 10 000 ₸."
100000004553349100,peripheral,0.7500,7,0.0454,"«периферийный» 0,75: признаки ниже порога. Ближайший — конечный получатель 0,25: исходящих нет; плательщиков: 1, получено 7 755 ₸: ниже порога накопления."
100000004559194100,peripheral,0.7179,5,0.3213,"«периферийный» 0,72: признаки ниже порога. Ближайший — конечный получатель 0,28: исходящих нет; плательщиков: 1, получено 282 145 ₸: ниже порога накопления."
100000004564736100,peripheral,0.7500,24,0.0974,"«периферийный» 0,75: признаки ниже порога. Ближайший — конечный получатель 0,25: исходящих нет; плательщиков: 1, получено 15 000 ₸: ниже порога накопления."
100000004569484100,peripheral,0.7417,8,0.2768,"«периферийный» 0,74: признаки ниже порога. Ближайший — транзит 0,26: после поступлений другим счетам ушло 119% полученного (коридор 80%–120%); всего исходящих 159%: баланс в выгрузке неполон."
100000004569637100,peripheral,0.4643,3,0.0702,"«периферийный» 0,46 (снижено: исходящие не собирались): признаки ниже порога. Ближайший — консолидатор 0,07: разных плательщиков: 1 (порог 7), получено 5 500 ₸."
100000004571634100,peripheral,0.4643,12,0.0839,"«периферийный» 0,46 (снижено: исходящие не собирались): признаки ниже порога. Ближайший — консолидатор 0,07: разных плательщиков: 1 (порог 7), получено 20 000 ₸."
100000004573782100,peripheral,0.4107,11,0.0974,"«периферийный» 0,41: признаки ниже порога. Ближайший — конечный получатель 0,18: исходящих нет; плательщиков: 1, получено 15 000 ₸; окно после 90% суммы — 5 дн. (нужно 7)."
100000004580202100,peripheral,0.8500,24,0.2324,"«периферийный» 0,85: признаки ниже порога. Ближайший — распределитель 0,15: разных получателей: 3 (порог 10), отправлено 45 000 ₸."
100000004580254100,terminal,0.5893,16,0.3509,"Гипотеза «конечный получатель» 0,59: исходящих нет; плательщиков: 2, получено 27 940 ₸; окно после 90% суммы — 12 дн.. Альтернатива: консолидатор 0,14."
100000004584730100,peripheral,0.4643,45,0.1643,"«периферийный» 0,46 (снижено: исходящие не собирались): признаки ниже порога. Ближайший — консолидатор 0,07: разных плательщиков: 1 (порог 7), получено 47 000 ₸."
100000004586598100,peripheral,0.4643,69,0.2886,"«периферийный» 0,46 (снижено: исходящие не собирались): признаки ниже порога. Ближайший — консолидатор 0,07: разных плательщиков: 1 (порог 7), получено 761 255 ₸."
100000004587414100,terminal,0.6842,7,0.4955,"Гипотеза «конечный получатель» 0,68: исходящих нет; плательщиков: 2, получено 533 603 ₸; окно после 90% суммы — 17 дн.. Альтернатива: консолидатор 0,14."
100000004588479100,peripheral,0.7500,5,0.3011,"«периферийный» 0,75: признаки ниже порога. Ближайший — конечный получатель 0,25: исходящих нет; плательщиков: 1, получено 177 633 ₸: ниже порога накопления."
100000004591973100,peripheral,0.9286,17,0.2218,"«периферийный» 0,93: признаки ниже порога. Ближайший — консолидатор 0,07: разных плательщиков: 1 (порог 7), получено 10 000 ₸."
100000004592467100,peripheral,0.4286,4,0.0742,"«периферийный» 0,43: признаки ниже порога. Ближайший — конечный получатель 0,14: исходящих нет; плательщиков: 1, получено 7 000 ₸; окно после 90% суммы — 4 дн. (нужно 7)."
100000004596284100,peripheral,0.4643,5,0.1098,"«периферийный» 0,46 (снижено: исходящие не собирались): признаки ниже порога. Ближайший — консолидатор 0,07: разных плательщиков: 1 (порог 7), получено 30 000 ₸."
100000004601193100,peripheral,0.4643,12,0.1660,"«периферийный» 0,46 (снижено: исходящие не собирались): признаки ниже порога. Ближайший — консолидатор 0,07: разных плательщиков: 1 (порог 7), получено 84 000 ₸."
100000004603109100,terminal,0.6337,25,0.5248,"Гипотеза «конечный получатель» 0,63: исходящие — 15% наблюдаемых входящих; плательщиков: 3, получено 2,7 млн ₸; окно после 90% суммы — 23 дн.. Альтернатива: консолидатор 0,21."
100000004610802100,peripheral,0.4643,61,0.2188,"«периферийный» 0,46 (снижено: исходящие не собирались): признаки ниже порога. Ближайший — консолидатор 0,07: разных плательщиков: 1 (порог 7), получено 241 000 ₸."
100000004611571100,peripheral,0.7500,1,0.0906,"«периферийный» 0,75: признаки ниже порога. Ближайший — конечный получатель 0,25: исходящих нет; плательщиков: 1, получено 22 550 ₸: ниже порога накопления."
100000004613582100,peripheral,0.9286,11,0.1043,"«периферийный» 0,93: признаки ниже порога. Ближайший — консолидатор 0,07: разных плательщиков: 1 (порог 7), получено 5 000 ₸."
100000004616845100,peripheral,0.4643,58,0.0869,"«периферийный» 0,46 (снижено: исходящие не собирались): признаки ниже порога. Ближайший — консолидатор 0,07: разных плательщиков: 1 (порог 7), получено 20 200 ₸."
100000004622227100,peripheral,0.5237,1,0.2818,"«периферийный» 0,52: признаки ниже порога. Ближайший — транзит 0,48: после поступлений другим счетам ушло 76% полученного (коридор 80%–120%)."
100000004629688100,peripheral,0.9286,15,0.0839,"«периферийный» 0,93: признаки ниже порога. Ближайший — консолидатор 0,07: разных плательщиков: 1 (порог 7), получено 5 000 ₸."
100000004634420100,peripheral,0.7500,2,0.1015,"«периферийный» 0,75: признаки ниже порога. Ближайший — конечный получатель 0,25: исходящих нет; плательщиков: 1, получено 26 150 ₸: ниже порога накопления."
100000004635886100,peripheral,0.7500,5,0.0914,"«периферийный» 0,75: признаки ниже порога. Ближайший — конечный получатель 0,25: исходящих нет; плательщиков: 1, получено 23 000 ₸: ниже порога накопления."
100000004644615100,peripheral,0.9000,10,0.2918,"«периферийный» 0,90: признаки ниже порога. Ближайший — распределитель 0,10: разных получателей: 2 (порог 10), отправлено 379 665 ₸."
100000004652395100,peripheral,0.3929,1,0.2599,"«периферийный» 0,39 (снижено: исходящие не собирались): признаки ниже порога. Ближайший — консолидатор 0,21: разных плательщиков: 3 (порог 7), получено 101 528 ₸."
100000004655046100,peripheral,0.4643,8,0.0948,"«периферийный» 0,46 (снижено: исходящие не собирались): признаки ниже порога. Ближайший — консолидатор 0,07: разных плательщиков: 1 (порог 7), получено 24 000 ₸."
100000004657034100,peripheral,0.7500,7,0.2223,"«периферийный» 0,75: признаки ниже порога. Ближайший — конечный получатель 0,25: исходящих нет; плательщиков: 1, получено 141 250 ₸: ниже порога накопления."
100000004659919100,peripheral,0.7784,51,0.2338,"«периферийный» 0,78: признаки ниже порога. Ближайший — транзит 0,22: после поступлений другим счетам ушло 35% полученного (коридор 80%–120%)."
100000004662806100,peripheral,0.6488,17,0.3543,"«периферийный» 0,65: признаки ниже порога. Ближайший — транзит 0,35: после поступлений другим счетам ушло 56% полученного (коридор 80%–120%)."
100000004664515100,peripheral,0.7500,1,0.2191,"«периферийный» 0,75: признаки ниже порога. Ближайший — конечный получатель 0,25: исходящих нет; плательщиков: 1, получено 37 691 ₸: ниже порога накопления."
100000004664905100,terminal,0.5536,5,0.5327,"Гипотеза «конечный получатель» 0,55: исходящих нет; плательщиков: 2, получено 329 020 ₸; окно после 90% суммы — 10 дн.. Альтернатива: координатор 0,17."
100000004666651100,peripheral,0.4080,68,0.3314,"«периферийный» 0,41: признаки ниже порога. Ближайший — конечный получатель 0,18: исходящих нет; плательщиков: 1, получено 429 250 ₸; окно после 90% суммы — 3 дн. (нужно 7)."
100000004670388100,peripheral,0.9000,50,0.3012,"«периферийный» 0,90: признаки ниже порога. Ближайший — распределитель 0,10: разных получателей: 2 (порог 10), отправлено 720 000 ₸."
100000004671609100,peripheral,0.4643,10,0.1777,"«периферийный» 0,46 (снижено: короткое окно наблюдения): признаки ниже порога. Ближайший — консолидатор 0,07: разных плательщиков: 1 (порог 7), получено 100 000 ₸."
100000004673335100,peripheral,0.4643,31,0.1629,"«периферийный» 0,46 (снижено: исходящие не собирались): признаки ниже порога. Ближайший — консолидатор 0,07: разных плательщиков: 1 (порог 7), получено 80 000 ₸."
100000004674178100,peripheral,0.4643,27,0.0839,"«периферийный» 0,46 (снижено: исходящие не собирались): признаки ниже порога. Ближайший — консолидатор 0,07: разных плательщиков: 1 (порог 7), получено 20 000 ₸."
100000004674389100,peripheral,0.4643,12,0.0674,"«периферийный» 0,46 (снижено: исходящие не собирались): признаки ниже порога. Ближайший — консолидатор 0,07: разных плательщиков: 1 (порог 7), получено 15 000 ₸."
100000004674412100,peripheral,0.4643,12,0.1628,"«периферийный» 0,46 (снижено: исходящие не собирались): признаки ниже порога. Ближайший — консолидатор 0,07: разных плательщиков: 1 (порог 7), получено 46 000 ₸."
100000004674799100,peripheral,0.7500,1,0.2215,"«периферийный» 0,75: признаки ниже порога. Ближайший — конечный получатель 0,25: исходящих нет; плательщиков: 1, получено 140 000 ₸: ниже порога накопления."
100000004676985100,transit,0.5334,1,0.3497,"Гипотеза «транзит» 0,53: после поступлений другим счетам ушло 84% полученного (коридор 80%–120%); операций мало: входящих 1, исходящих 1. Альтернатива: консолидатор 0,07."
100000004677680100,peripheral,0.8333,12,0.3521,"«периферийный» 0,83: признаки ниже порога. Ближайший — координатор 0,17: связей с исходными клиентами: 1 (порог 3); от них 1, к ним 0."
100000004679953100,terminal,0.5899,3,0.5710,"Гипотеза «конечный получатель» 0,59: исходящие — 10% наблюдаемых входящих; плательщиков: 3, получено 343 538 ₸; окно после 90% суммы — 17 дн.. Альтернатива: консолидатор 0,21."
100000004687099100,peripheral,0.7500,11,0.1398,"«периферийный» 0,75: признаки ниже порога. Ближайший — конечный получатель 0,25: исходящих нет; плательщиков: 1, получено 30 000 ₸: ниже порога накопления."
100000004687282100,peripheral,0.7500,5,0.1139,"«периферийный» 0,75: признаки ниже порога. Ближайший — конечный получатель 0,25: исходящих нет; плательщиков: 1, получено 20 000 ₸: ниже порога накопления."
100000004689658100,peripheral,0.5439,3,0.3146,"«периферийный» 0,54: признаки ниже порога. Ближайший — конечный получатель 0,46: исходящие — 2% наблюдаемых входящих; плательщиков: 1, получено 456 100 ₸: ниже порога накопления."
100000004691350100,peripheral,0.4643,50,0.0624,"«периферийный» 0,46 (снижено: исходящие не собирались): признаки ниже порога. Ближайший — консолидатор 0,07: разных плательщиков: 1 (порог 7), получено 13 300 ₸."
100000004692798100,terminal,0.5000,17,0.5070,"Гипотеза «конечный получатель» 0,50: исходящие — 6% наблюдаемых входящих; плательщиков: 2, получено 240 305 ₸; окно после 90% суммы — 7 дн.. Альтернатива: координатор 0,17."
100000004697956100,peripheral,0.9286,9,0.0839,"«периферийный» 0,93: исходящие = 100% входящих, но это встречные или более ранние переводы — транзит датами не подтверждён."
100000004698193100,peripheral,0.3929,9,0.3079,"«периферийный» 0,39: признаки ниже порога. Ближайший — конечный получатель 0,21: исходящие — 17% наблюдаемых входящих; плательщиков: 2, получено 222 700 ₸; окно после 90% суммы — 3 дн. (нужно 7)."
100000004707703100,coordinator,0.5000,5,0.6878,"Гипотеза «координатор» 0,50: связей с исходными клиентами: 3 (порог 3); от них 1, к ним 2. Транзит 0,92 сильнее, но признаки веера приоритетнее."
100000004713684100,peripheral,0.7500,1,0.1521,"«периферийный» 0,75: признаки ниже порога. Ближайший — конечный получатель 0,25: исходящих нет; плательщиков: 1, получено 37 500 ₸: ниже порога накопления."
100000004714705100,peripheral,0.8333,20,0.1874,"«периферийный» 0,83: признаки ниже порога. Ближайший — координатор 0,17: связей с исходными клиентами: 1 (порог 3); от них 0, к ним 1."
100000004715209100,peripheral,0.7500,52,0.2933,"«периферийный» 0,75: признаки ниже порога. Ближайший — распределитель 0,25: разных получателей: 5 (порог 10), отправлено 350 450 ₸."
100000004717647100,peripheral,0.7500,45,0.3664,"«периферийный» 0,75: признаки ниже порога. Ближайший — распределитель 0,25: разных получателей: 5 (порог 10), отправлено 2,2 млн ₸."
100000004722630100,peripheral,0.4643,50,0.2317,"«периферийный» 0,46 (снижено: исходящие не собирались): признаки ниже порога. Ближайший — консолидатор 0,07: разных плательщиков: 1 (порог 7), получено 340 000 ₸."
100000004722765100,peripheral,0.8500,47,0.3629,"«периферийный» 0,85: признаки ниже порога. Ближайший — распределитель 0,15: разных получателей: 3 (порог 10), отправлено 2,3 млн ₸."
100000004723755100,peripheral,0.9500,4,0.1744,"«периферийный» 0,95: признаки ниже порога. Ближайший — распределитель 0,05: разных получателей: 1 (порог 10), отправлено 95 000 ₸."
100000004726132100,peripheral,0.6510,1,0.2752,"«периферийный» 0,65: признаки ниже порога. Ближайший — конечный получатель 0,35: исходящие — 7% наблюдаемых входящих; плательщиков: 1, получено 349 000 ₸: ниже порога накопления."
100000004732589100,peripheral,0.7500,8,0.2151,"«периферийный» 0,75: признаки ниже порога. Ближайший — конечный получатель 0,25: исходящих нет; плательщиков: 1, получено 227 520 ₸: ниже порога накопления."
100000004737477100,peripheral,0.7417,1,0.3180,"«периферийный» 0,74: признаки ниже порога. Ближайший — транзит 0,26: после поступлений другим счетам ушло 41% полученного (коридор 80%–120%); всего исходящих 82%."
100000004737764100,peripheral,0.4643,4,0.2840,"«периферийный» 0,46 (снижено: короткое окно наблюдения): признаки ниже порога. Ближайший — консолидатор 0,07: разных плательщиков: 1 (порог 7), получено 600 000 ₸."
100000004739664100,peripheral,0.8333,2,0.2258,"«периферийный» 0,83: исходящие = 83% входящих, но это встречные или более ранние переводы — транзит датами не подтверждён."
100000004741837100,peripheral,0.7500,5,0.1969,"«периферийный» 0,75: признаки ниже порога. Ближайший — конечный получатель 0,25: исходящих нет; плательщиков: 1, получено 25 596 ₸: ниже порога накопления."
100000004744306100,peripheral,0.5833,20,0.4135,"«периферийный» 0,58: признаки ниже порога. Ближайший — транзит 0,42: после поступлений другим счетам ушло 133% полученного (коридор 80%–120%); всего исходящих 133%: баланс в выгрузке неполон."
100000004746397100,peripheral,0.4643,7,0.2841,"«периферийный» 0,46 (снижено: поздние поступления): признаки ниже порога. Ближайший — консолидатор 0,07: разных плательщиков: 1 (порог 7), получено 219 520 ₸."
100000004747154100,peripheral,0.4643,52,0.1563,"«периферийный» 0,46 (снижено: исходящие не собирались): признаки ниже порога. Ближайший — консолидатор 0,07: разных плательщиков: 1 (порог 7), получено 67 000 ₸."
100000004750321100,peripheral,0.4286,8,0.1809,"«периферийный» 0,43 (снижено: короткое окно наблюдения): признаки ниже порога. Ближайший — консолидатор 0,14: разных плательщиков: 2 (порог 7), получено 50 185 ₸."
100000004750897100,peripheral,0.7500,15,0.0524,"«периферийный» 0,75: признаки ниже порога. Ближайший — конечный получатель 0,25: исходящих нет; плательщиков: 1, получено 10 000 ₸: ниже порога накопления."
100000004756901100,peripheral,0.7500,5,0.1974,"«периферийный» 0,75: признаки ниже порога. Ближайший — конечный получатель 0,25: исходящих нет; плательщиков: 1, получено 153 248 ₸: ниже порога накопления."
100000004759121100,peripheral,0.5714,1,0.4238,"«периферийный» 0,57: признаки ниже порога. Ближайший — консолидатор 0,43: разных плательщиков: 6 (порог 7), получено 710 000 ₸."
100000004765639100,peripheral,0.9000,1,0.1414,"«периферийный» 0,90: признаки ниже порога. Ближайший — распределитель 0,10: разных получателей: 2 (порог 10), отправлено 11 000 ₸."
100000004770073100,transit,0.6660,1,0.2960,"Гипотеза «транзит» 0,67: после поступлений другим счетам ушло 100% полученного (коридор 80%–120%); операций мало: входящих 1, исходящих 1. Альтернатива: консолидатор 0,07."
100000004777215100,peripheral,0.4643,23,0.1814,"«периферийный» 0,46 (снижено: исходящие не собирались): признаки ниже порога. Ближайший — консолидатор 0,07: разных плательщиков: 1 (порог 7), получено 60 000 ₸."
100000004779204100,peripheral,0.7947,1,0.2112,"«периферийный» 0,79: признаки ниже порога. Ближайший — транзит 0,21: после поступлений другим счетам ушло 33% полученного (коридор 80%–120%); всего исходящих 66%."
100000004780083100,peripheral,0.4643,61,0.0490,"«периферийный» 0,46 (снижено: исходящие не собирались): признаки ниже порога. Ближайший — консолидатор 0,07: разных плательщиков: 1 (порог 7), получено 9 999 ₸."
100000004780327100,peripheral,0.4643,8,0.0589,"«периферийный» 0,46 (снижено: исходящие не собирались): признаки ниже порога. Ближайший — консолидатор 0,07: разных плательщиков: 1 (порог 7), получено 12 000 ₸."
100000004783447100,peripheral,0.7500,2,0.1990,"«периферийный» 0,75: признаки ниже порога. Ближайший — конечный получатель 0,25: исходящих нет; плательщиков: 1, получено 26 200 ₸: ниже порога накопления."
100000004784224100,peripheral,0.8333,25,0.3233,"«периферийный» 0,83: признаки ниже порога. Ближайший — координатор 0,17: связей с исходными клиентами: 1 (порог 3); от них 1, к ним 0."
100000004788983100,peripheral,0.4643,1,0.1041,"«периферийный» 0,46 (снижено: исходящие не собирались): признаки ниже порога. Ближайший — консолидатор 0,07: разных плательщиков: 1 (порог 7), получено 27 000 ₸."
100000004790991100,peripheral,0.7500,5,0.3150,"«периферийный» 0,75: признаки ниже порога. Ближайший — конечный получатель 0,25: исходящих нет; плательщиков: 1, получено 239 413 ₸: ниже порога накопления."
100000004791226100,peripheral,0.4643,1,0.0839,"«периферийный» 0,46 (снижено: исходящие не собирались): признаки ниже порога. Ближайший — консолидатор 0,07: разных плательщиков: 1 (порог 7), получено 20 000 ₸."
100000004792397100,peripheral,0.4167,2,0.2566,"«периферийный» 0,42 (снижено: короткое окно наблюдения): признаки ниже порога. Ближайший — координатор 0,17: связей с исходными клиентами: 1 (порог 3); от них 1, к ним 0."
100000004797167100,peripheral,0.4643,21,0.1126,"«периферийный» 0,46 (снижено: исходящие не собирались): признаки ниже порога. Ближайший — консолидатор 0,07: разных плательщиков: 1 (порог 7), получено 31 000 ₸."
100000004798515100,peripheral,0.4643,3,0.2104,"«периферийный» 0,46 (снижено: исходящие не собирались): признаки ниже порога. Ближайший — консолидатор 0,07: разных плательщиков: 1 (порог 7), получено 200 000 ₸."
100000004800452100,peripheral,0.4643,7,0.0731,"«периферийный» 0,46 (снижено: исходящие не собирались): признаки ниже порога. Ближайший — консолидатор 0,07: разных плательщиков: 1 (порог 7), получено 6 545 ₸."
100000004800648100,peripheral,0.4643,3,0.1894,"«периферийный» 0,46 (снижено: исходящие не собирались): признаки ниже порога. Ближайший — консолидатор 0,07: разных плательщиков: 1 (порог 7), получено 131 000 ₸."
100000004806903100,peripheral,0.7500,4,0.0786,"«периферийный» 0,75: признаки ниже порога. Ближайший — конечный получатель 0,25: исходящих нет; плательщиков: 1, получено 18 000 ₸: ниже порога накопления."
100000004813068100,peripheral,0.8500,25,0.2768,"«периферийный» 0,85: признаки ниже порога. Ближайший — распределитель 0,15: разных получателей: 3 (порог 10), отправлено 297 000 ₸."
100000004816564100,peripheral,0.4592,15,0.3254,"«периферийный» 0,46: признаки ниже порога. Ближайший — конечный получатель 0,08: исходящие — 2% наблюдаемых входящих; плательщиков: 1, получено 285 480 ₸; окно после 90% суммы — 2 дн. (нужно 7)."
100000004820260100,peripheral,0.7878,15,0.3537,"«периферийный» 0,79: признаки ниже порога. Ближайший — транзит 0,21: после поступлений другим счетам ушло 34% полученного (коридор 80%–120%); всего исходящих 92%."
100000004825069100,peripheral,0.4464,2,0.1398,"«периферийный» 0,45: признаки ниже порога. Ближайший — конечный получатель 0,11: исходящих нет; плательщиков: 1, получено 30 000 ₸; окно после 90% суммы — 3 дн. (нужно 7)."
100000004840086100,peripheral,0.4643,1,0.1777,"«периферийный» 0,46 (снижено: исходящие не собирались): признаки ниже порога. Ближайший — консолидатор 0,07: разных плательщиков: 1 (порог 7), получено 100 000 ₸."
100000004841728100,peripheral,0.7500,2,0.2405,"«периферийный» 0,75: признаки ниже порога. Ближайший — конечный получатель 0,25: исходящих нет; плательщиков: 1, получено 52 208 ₸: ниже порога накопления."
100000004847758100,distributor,0.5833,1,0.6582,"Гипотеза «распределитель» 0,58: разных получателей: 15 (порог 10), отправлено 488 800 ₸. Альтернатива: координатор 0,33."
100000004848236100,peripheral,0.4643,1,0.0450,"«периферийный» 0,46 (снижено: исходящие не собирались): признаки ниже порога. Ближайший — консолидатор 0,07: разных плательщиков: 1 (порог 7), получено 7 500 ₸."
100000004850609100,peripheral,0.4643,1,0.0524,"«периферийный» 0,46 (снижено: исходящие не собирались): признаки ниже порога. Ближайший — консолидатор 0,07: разных плательщиков: 1 (порог 7), получено 10 000 ₸."
100000004856746100,peripheral,0.4643,34,0.1139,"«периферийный» 0,46 (снижено: исходящие не собирались): признаки ниже порога. Ближайший — консолидатор 0,07: разных плательщиков: 1 (порог 7), получено 20 000 ₸."
100000004877085100,peripheral,0.8500,13,0.2430,"«периферийный» 0,85: признаки ниже порога. Ближайший — распределитель 0,15: разных получателей: 3 (порог 10), отправлено 95 600 ₸."
100000004889043100,terminal,0.5536,1,0.4587,"Гипотеза «конечный получатель» 0,55: исходящих нет; плательщиков: 2, получено 272 000 ₸; окно после 90% суммы — 10 дн.. Альтернатива: консолидатор 0,14."
100000004890713100,peripheral,0.4643,8,0.1264,"«периферийный» 0,46 (снижено: исходящие не собирались): признаки ниже порога. Ближайший — консолидатор 0,07: разных плательщиков: 1 (порог 7), получено 40 485 ₸."
100000004891562100,peripheral,0.4643,8,0.1801,"«периферийный» 0,46 (снижено: исходящие не собирались): признаки ниже порога. Ближайший — консолидатор 0,07: разных плательщиков: 1 (порог 7), получено 103 400 ₸."
100000004892144100,terminal,0.8142,25,0.5945,"Гипотеза «конечный получатель» 0,81: исходящие — 4% наблюдаемых входящих; плательщиков: 2, получено 4,5 млн ₸; окно после 90% суммы — 15 дн.. Альтернатива: консолидатор 0,14."
100000004904960100,terminal,0.7500,1,0.3789,"Гипотеза «конечный получатель» 0,75: исходящих нет; плательщиков: 2, получено 32 000 ₸; окно после 90% суммы — 25 дн.. Альтернатива: консолидатор 0,14."
100000004905207100,peripheral,0.3371,14,0.2970,"«периферийный» 0,34: признаки ниже порога. Ближайший — конечный получатель 0,33: исходящих нет; плательщиков: 1, получено 380 000 ₸; окно после 90% суммы — 6 дн. (нужно 7)."
100000004906181100,peripheral,0.6500,36,0.3406,"«периферийный» 0,65: признаки ниже порога. Ближайший — распределитель 0,35: разных получателей: 7 (порог 10), отправлено 2,5 млн ₸."
100000004908173100,peripheral,0.4643,6,0.0882,"«периферийный» 0,46 (снижено: исходящие не собирались): признаки ниже порога. Ближайший — консолидатор 0,07: разных плательщиков: 1 (порог 7), получено 21 000 ₸."
100000004911971100,peripheral,0.4643,36,0.1186,"«периферийный» 0,46 (снижено: исходящие не собирались): признаки ниже порога. Ближайший — консолидатор 0,07: разных плательщиков: 1 (порог 7), получено 35 000 ₸."
100000004917367100,terminal,0.5179,7,0.4113,"Гипотеза «конечный получатель» 0,52: исходящих нет; плательщиков: 2, получено 120 000 ₸; окно после 90% суммы — 8 дн.. Альтернатива: консолидатор 0,14."
100000004921657100,peripheral,0.9286,4,0.1511,"«периферийный» 0,93: признаки ниже порога. Ближайший — консолидатор 0,07: разных плательщиков: 1 (порог 7), получено 8 300 ₸."
100000004931931100,peripheral,0.9249,1,0.1962,"«периферийный» 0,92: признаки ниже порога. Ближайший — транзит 0,08: после поступлений другим счетам ушло 188% полученного (коридор 80%–120%); всего исходящих 188%: баланс в выгрузке неполон."
100000004948177100,terminal,0.7500,5,0.6138,"Гипотеза «конечный получатель» 0,75: исходящих нет; плательщиков: 3, получено 437 163 ₸; окно после 90% суммы — 21 дн.. Альтернатива: консолидатор 0,21."
100000004950490100,peripheral,0.4643,11,0.0824,"«периферийный» 0,46 (снижено: короткое окно наблюдения): признаки ниже порога. Ближайший — консолидатор 0,07: разных плательщиков: 1 (порог 7), получено 10 000 ₸."
100000004959752100,peripheral,0.4643,3,0.2103,"«периферийный» 0,46 (снижено: короткое окно наблюдения): признаки ниже порога. Ближайший — консолидатор 0,07: разных плательщиков: 1 (порог 7), получено 22 200 ₸."
100000004962193100,consolidator,0.5385,1,0.5169,"Гипотеза «консолидатор» 0,54: разных плательщиков: 8 (порог 7), получено 900 468 ₸. Конечный получатель 0,82 сильнее, но признаки веера приоритетнее."
100000004970752100,peripheral,0.7500,1,0.0524,"«периферийный» 0,75: признаки ниже порога. Ближайший — конечный получатель 0,25: исходящих нет; плательщиков: 1, получено 10 000 ₸: ниже порога накопления."
100000004971871100,peripheral,0.9286,60,0.1128,"«периферийный» 0,93: признаки ниже порога. Ближайший — консолидатор 0,07: разных плательщиков: 1 (порог 7), получено 25 400 ₸."
100000004975919100,peripheral,0.9000,3,0.2021,"«периферийный» 0,90: признаки ниже порога. Ближайший — распределитель 0,10: разных получателей: 2 (порог 10), отправлено 15 000 ₸."
100000004976946100,peripheral,0.4643,41,0.2198,"«периферийный» 0,46 (снижено: исходящие не собирались): признаки ниже порога. Ближайший — консолидатор 0,07: разных плательщиков: 1 (порог 7), получено 246 000 ₸."
100000004979264100,peripheral,0.4643,6,0.1246,"«периферийный» 0,46 (снижено: исходящие не собирались): признаки ниже порога. Ближайший — консолидатор 0,07: разных плательщиков: 1 (порог 7), получено 39 800 ₸."
100000004979283100,peripheral,0.7500,8,0.1261,"«периферийный» 0,75: признаки ниже порога. Ближайший — конечный получатель 0,25: исходящих нет; плательщиков: 1, получено 40 132 ₸: ниже порога накопления."
100000004979498100,peripheral,0.8214,53,0.3984,"«периферийный» 0,82: признаки ниже порога. Ближайший — транзит 0,18: после поступлений другим счетам ушло 29% полученного (коридор 80%–120%)."
100000004981068100,peripheral,0.4643,3,0.0524,"«периферийный» 0,46 (снижено: исходящие не собирались): признаки ниже порога. Ближайший — консолидатор 0,07: разных плательщиков: 1 (порог 7), получено 10 000 ₸."
100000004984689100,peripheral,0.7500,3,0.1752,"«периферийный» 0,75: признаки ниже порога. Ближайший — конечный получатель 0,25: исходящих нет; плательщиков: 1, получено 53 030 ₸: ниже порога накопления."
100000004988240100,peripheral,0.4643,1,0.0839,"«периферийный» 0,46 (снижено: исходящие не собирались): признаки ниже порога. Ближайший — консолидатор 0,07: разных плательщиков: 1 (порог 7), получено 20 000 ₸."
100000004991593100,peripheral,0.4643,3,0.1315,"«периферийный» 0,46 (снижено: исходящие не собирались): признаки ниже порога. Ближайший — консолидатор 0,07: разных плательщиков: 1 (порог 7), получено 45 000 ₸."
100000004991812100,peripheral,0.7500,24,0.0824,"«периферийный» 0,75: признаки ниже порога. Ближайший — конечный получатель 0,25: исходящих нет; плательщиков: 1, получено 10 000 ₸: ниже порога накопления."
100000004993576100,peripheral,0.4643,15,0.2620,"«периферийный» 0,46 (снижено: короткое окно наблюдения): признаки ниже порога. Ближайший — консолидатор 0,07: разных плательщиков: 1 (порог 7), получено 167 000 ₸."
100000004997515100,peripheral,0.3571,6,0.3961,"«периферийный» 0,36 (снижено: поздние поступления): признаки ниже порога. Ближайший — консолидатор 0,29: разных плательщиков: 4 (порог 7), получено 395 000 ₸."
100000005008589100,peripheral,0.7500,1,0.1287,"«периферийный» 0,75: признаки ниже порога. Ближайший — конечный получатель 0,25: исходящих нет; плательщиков: 1, получено 42 807 ₸: ниже порога накопления."
100000005010159100,peripheral,0.4643,3,0.0447,"«периферийный» 0,46 (снижено: исходящие не собирались): признаки ниже порога. Ближайший — консолидатор 0,07: разных плательщиков: 1 (порог 7), получено 7 092 ₸."
100000005017150100,peripheral,0.0000,80,0.0000,"«периферийный» 0,00: в выгрузке нет переводов счёта, роль не оценивается."
100000005022552100,peripheral,0.7500,5,0.2590,"«периферийный» 0,75: признаки ниже порога. Ближайший — конечный получатель 0,25: исходящие — 2% наблюдаемых входящих; плательщиков: 1, получено 241 000 ₸: ниже порога накопления."
100000005022964100,peripheral,0.4107,4,0.1739,"«периферийный» 0,41: признаки ниже порога. Ближайший — конечный получатель 0,18: исходящих нет; плательщиков: 1, получено 20 000 ₸; окно после 90% суммы — 5 дн. (нужно 7)."
100000005025629100,peripheral,0.4643,7,0.0691,"«периферийный» 0,46 (снижено: исходящие не собирались): признаки ниже порога. Ближайший — консолидатор 0,07: разных плательщиков: 1 (порог 7), получено 5 227 ₸."
100000005030592100,peripheral,0.4643,15,0.1124,"«периферийный» 0,46 (снижено: короткое окно наблюдения): признаки ниже порога. Ближайший — консолидатор 0,07: разных плательщиков: 1 (порог 7), получено 10 000 ₸."
100000005031696100,peripheral,0.9000,51,0.2370,"«периферийный» 0,90: признаки ниже порога. Ближайший — распределитель 0,10: разных получателей: 2 (порог 10), отправлено 115 000 ₸."
100000005032294100,peripheral,0.7500,14,0.0524,"«периферийный» 0,75: признаки ниже порога. Ближайший — конечный получатель 0,25: исходящих нет; плательщиков: 1, получено 10 000 ₸: ниже порога накопления."
100000005034574100,peripheral,0.4167,67,0.3182,"«периферийный» 0,42 (снижено: короткое окно наблюдения): признаки ниже порога. Ближайший — координатор 0,17: связей с исходными клиентами: 1 (порог 3); от них 1, к ним 0."
100000005037490100,peripheral,0.9000,13,0.2008,"«периферийный» 0,90: признаки ниже порога. Ближайший — распределитель 0,10: разных получателей: 2 (порог 10), отправлено 30 000 ₸."
100000005041147100,peripheral,0.4643,1,0.0524,"«периферийный» 0,46 (снижено: исходящие не собирались): признаки ниже порога. Ближайший — консолидатор 0,07: разных плательщиков: 1 (порог 7), получено 10 000 ₸."
100000005041905100,peripheral,0.9286,2,0.2962,"«периферийный» 0,93: признаки ниже порога. Ближайший — консолидатор 0,07: разных плательщиков: 1 (порог 7), получено 5 000 ₸."
100000005042822100,peripheral,0.4643,32,0.2644,"«периферийный» 0,46 (снижено: исходящие не собирались): признаки ниже порога. Ближайший — консолидатор 0,07: разных плательщиков: 1 (порог 7), получено 1,0 млн ₸."
100000005048668100,peripheral,0.6000,3,0.2975,"«периферийный» 0,60: признаки ниже порога. Ближайший — распределитель 0,40: разных получателей: 8 (порог 10), отправлено 159 400 ₸."
100000005049404100,peripheral,0.4643,7,0.1760,"«периферийный» 0,46 (снижено: исходящие не собирались): признаки ниже порога. Ближайший — консолидатор 0,07: разных плательщиков: 1 (порог 7), получено 98 000 ₸."
100000005052998100,peripheral,0.9286,1,0.1620,"«периферийный» 0,93: признаки ниже порога. Ближайший — консолидатор 0,07: разных плательщиков: 1 (порог 7), получено 9 500 ₸."
100000005053653100,peripheral,0.8571,13,0.2495,"«периферийный» 0,86: признаки ниже порога. Ближайший — консолидатор 0,14: разных плательщиков: 2 (порог 7), получено 63 073 ₸."
100000005055454100,peripheral,0.7500,30,0.0428,"«периферийный» 0,75: признаки ниже порога. Ближайший — конечный получатель 0,25: исходящих нет; плательщиков: 1, получено 6 500 ₸: ниже порога накопления."
100000005056870100,peripheral,0.7500,46,0.1806,"«периферийный» 0,75: признаки ниже порога. Ближайший — конечный получатель 0,25: исходящих нет; плательщиков: 1, получено 20 000 ₸: ниже порога накопления."
100000005059998100,peripheral,0.7500,1,0.0786,"«периферийный» 0,75: признаки ниже порога. Ближайший — конечный получатель 0,25: исходящих нет; плательщиков: 1, получено 18 000 ₸: ниже порога накопления."
100000005061890100,peripheral,0.3929,4,0.2006,"«периферийный» 0,39: признаки ниже порога. Ближайший — конечный получатель 0,21: исходящих нет; плательщиков: 1, получено 90 000 ₸; окно после 90% суммы — 6 дн. (нужно 7)."
100000005074393100,peripheral,0.6886,13,0.4874,"«периферийный» 0,69: признаки ниже порога. Ближайший — транзит 0,31: после поступлений другим счетам ушло 50% полученного (коридор 80%–120%); всего исходящих 122%: баланс в выгрузке неполон."
100000005075949100,peripheral,0.4643,47,0.3063,"«периферийный» 0,46 (снижено: исходящие не собирались): признаки ниже порога. Ближайший — консолидатор 0,07: разных плательщиков: 1 (порог 7), получено 2,2 млн ₸."
100000005077484100,peripheral,0.7500,30,0.2398,"«периферийный» 0,75: признаки ниже порога. Ближайший — конечный получатель 0,25: исходящие — 9% наблюдаемых входящих; плательщиков: 1, получено 150 000 ₸: ниже порога накопления."
100000005079473100,peripheral,0.4643,3,0.1240,"«периферийный» 0,46 (снижено: исходящие не собирались): признаки ниже порога. Ближайший — консолидатор 0,07: разных плательщиков: 1 (порог 7), получено 39 312 ₸."
100000005079754100,peripheral,0.8333,4,0.4148,"«периферийный» 0,83: признаки ниже порога. Ближайший — координатор 0,17: связей с исходными клиентами: 1 (порог 3); от них 1, к ним 0."
100000005082652100,peripheral,0.7500,11,0.1098,"«периферийный» 0,75: признаки ниже порога. Ближайший — конечный получатель 0,25: исходящих нет; плательщиков: 1, получено 30 000 ₸: ниже порога накопления."
100000005087431100,peripheral,0.0000,81,0.0000,"«периферийный» 0,00: в выгрузке нет переводов счёта, роль не оценивается."
100000005087923100,peripheral,0.4643,9,0.0839,"«периферийный» 0,46 (снижено: исходящие не собирались): признаки ниже порога. Ближайший — консолидатор 0,07: разных плательщиков: 1 (порог 7), получено 20 000 ₸."
100000005089460100,peripheral,0.7500,2,0.0600,"«периферийный» 0,75: признаки ниже порога. Ближайший — конечный получатель 0,25: исходящих нет; плательщиков: 1, получено 12 300 ₸: ниже порога накопления."
100000005092518100,peripheral,0.7500,2,0.1977,"«периферийный» 0,75: признаки ниже порога. Ближайший — конечный получатель 0,25: исходящих нет; плательщиков: 1, получено 26 144 ₸: ниже порога накопления."
100000005093521100,peripheral,0.7500,4,0.2256,"«периферийный» 0,75: признаки ниже порога. Ближайший — конечный получатель 0,25: исходящих нет; плательщиков: 1, получено 15 200 ₸: ниже порога накопления."
100000005100475100,peripheral,0.7500,9,0.1254,"«периферийный» 0,75: признаки ниже порога. Ближайший — конечный получатель 0,25: исходящих нет; плательщиков: 1, получено 40 000 ₸: ниже порога накопления."
100000005105153100,peripheral,0.7500,1,0.1098,"«периферийный» 0,75: признаки ниже порога. Ближайший — конечный получатель 0,25: исходящих нет; плательщиков: 1, получено 30 000 ₸: ниже порога накопления."
100000005124479100,terminal,0.5144,1,0.5660,"Гипотеза «конечный получатель» 0,51: исходящие — 16% наблюдаемых входящих; плательщиков: 2, получено 137 753 ₸; окно после 90% суммы — 11 дн.. Альтернатива: координатор 0,17."
100000005127767100,peripheral,0.7500,38,0.0442,"«периферийный» 0,75: признаки ниже порога. Ближайший — конечный получатель 0,25: исходящих нет; плательщиков: 1, получено 7 000 ₸: ниже порога накопления."
100000005133757100,terminal,0.5714,3,0.4620,"Гипотеза «конечный получатель» 0,57: исходящих нет; плательщиков: 2, получено 65 000 ₸; окно после 90% суммы — 11 дн.. Альтернатива: координатор 0,17."
100000005140601100,peripheral,0.7857,3,0.3003,"«периферийный» 0,79: признаки ниже порога. Ближайший — консолидатор 0,21: разных плательщиков: 3 (порог 7), получено 52 685 ₸."
100000005142492100,peripheral,0.9286,9,0.1563,"«периферийный» 0,93: признаки ниже порога. Ближайший — консолидатор 0,07: разных плательщиков: 1 (порог 7), получено 10 000 ₸."
100000005142589100,peripheral,0.4107,1,0.1698,"«периферийный» 0,41: признаки ниже порога. Ближайший — конечный получатель 0,18: исходящих нет; плательщиков: 1, получено 50 000 ₸; окно после 90% суммы — 5 дн. (нужно 7)."
100000005146665100,peripheral,0.4643,58,0.0402,"«периферийный» 0,46 (снижено: исходящие не собирались): признаки ниже порога. Ближайший — консолидатор 0,07: разных плательщиков: 1 (порог 7), получено 5 500 ₸."
100000005168487100,peripheral,0.9286,12,0.3361,"«периферийный» 0,93: признаки ниже порога. Ближайший — консолидатор 0,07: разных плательщиков: 1 (порог 7), получено 15 000 ₸."
100000005171642100,transit,0.9526,9,0.5945,"Гипотеза «транзит» 0,95: после поступлений другим счетам ушло 98% полученного (коридор 80%–120%). Альтернатива: консолидатор 0,14."
100000005172860100,peripheral,0.7500,1,0.0691,"«периферийный» 0,75: признаки ниже порога. Ближайший — конечный получатель 0,25: исходящих нет; плательщиков: 1, получено 15 209 ₸: ниже порога накопления."
100000005175148100,terminal,0.5018,15,0.3928,"Гипотеза «конечный получатель» 0,50: исходящие — 19% наблюдаемых входящих; плательщиков: 2, получено 79 000 ₸; окно после 90% суммы — 9 дн.. Альтернатива: консолидатор 0,14."
100000005182219100,terminal,0.6786,7,0.4204,"Гипотеза «конечный получатель» 0,68: исходящих нет; плательщиков: 2, получено 55 000 ₸; окно после 90% суммы — 17 дн.. Альтернатива: консолидатор 0,14."
100000005183943100,terminal,0.5659,44,0.5230,"Гипотеза «конечный получатель» 0,57: исходящих нет; плательщиков: 1, получено 680 900 ₸; окно после 90% суммы — 9 дн.. Альтернатива: координатор 0,17."
100000005186109100,peripheral,0.4643,15,0.0967,"«периферийный» 0,46 (снижено: короткое окно наблюдения): признаки ниже порога. Ближайший — консолидатор 0,07: разных плательщиков: 1 (порог 7), получено 5 000 ₸."
100000005186131100,transit,0.6667,1,0.3231,"Гипотеза «транзит» 0,67: после поступлений другим счетам ушло 100% полученного (коридор 80%–120%); операций мало: входящих 1, исходящих 1. Альтернатива: консолидатор 0,07."
100000005187208100,peripheral,0.7500,7,0.0645,"«периферийный» 0,75: признаки ниже порога. Ближайший — конечный получатель 0,25: исходящих нет; плательщиков: 1, получено 14 160 ₸: ниже порога накопления."
100000005189258100,peripheral,0.4643,1,0.1398,"«периферийный» 0,46 (снижено: исходящие не собирались): признаки ниже порога. Ближайший — консолидатор 0,07: разных плательщиков: 1 (порог 7), получено 50 000 ₸."
100000005198498100,peripheral,0.7500,2,0.1066,"«периферийный» 0,75: признаки ниже порога. Ближайший — конечный получатель 0,25: исходящих нет; плательщиков: 1, получено 28 800 ₸: ниже порога накопления."
100000005198906100,peripheral,0.9286,7,0.2950,"«периферийный» 0,93: признаки ниже порога. Ближайший — консолидатор 0,07: разных плательщиков: 1 (порог 7), получено 227 970 ₸."
100000005203590100,peripheral,0.4107,9,0.1706,"«периферийный» 0,41: признаки ниже порога. Ближайший — конечный получатель 0,18: исходящих нет; плательщиков: 1, получено 90 000 ₸; окно после 90% суммы — 5 дн. (нужно 7)."
100000005205745100,peripheral,0.7500,9,0.0416,"«периферийный» 0,75: признаки ниже порога. Ближайший — конечный получатель 0,25: исходящих нет; плательщиков: 1, получено 6 000 ₸: ниже порога накопления."
100000005209352100,peripheral,0.4643,1,0.0367,"«периферийный» 0,46 (снижено: исходящие не собирались): признаки ниже порога. Ближайший — консолидатор 0,07: разных плательщиков: 1 (порог 7), получено 5 000 ₸."
100000005222360100,peripheral,0.9286,14,0.1539,"«периферийный» 0,93: признаки ниже порога. Ближайший — консолидатор 0,07: разных плательщиков: 1 (порог 7), получено 5 000 ₸."
100000005226217100,peripheral,0.4643,6,0.0764,"«периферийный» 0,46 (снижено: исходящие не собирались): признаки ниже порога. Ближайший — консолидатор 0,07: разных плательщиков: 1 (порог 7), получено 17 500 ₸."
100000005228059100,peripheral,0.7500,2,0.1972,"«периферийный» 0,75: признаки ниже порога. Ближайший — конечный получатель 0,25: исходящих нет; плательщиков: 1, получено 26 000 ₸: ниже порога накопления."
100000005233755100,peripheral,0.7500,16,0.1491,"«периферийный» 0,75: признаки ниже порога. Ближайший — конечный получатель 0,25: исходящие — 20% наблюдаемых входящих; плательщиков: 1, получено 25 000 ₸: ниже порога накопления."
100000005235389100,peripheral,0.0000,82,0.0000,"«периферийный» 0,00: в выгрузке нет переводов счёта, роль не оценивается."
100000005237935150,peripheral,0.7500,10,0.1476,"«периферийный» 0,75: признаки ниже порога. Ближайший — конечный получатель 0,25: исходящих нет; плательщиков: 1, получено 34 508 ₸: ниже порога накопления."
100000005241556100,peripheral,0.7500,21,0.1777,"«периферийный» 0,75: признаки ниже порога. Ближайший — конечный получатель 0,25: исходящих нет; плательщиков: 1, получено 100 000 ₸: ниже порога накопления."
100000005242320100,distributor,0.6833,10,0.5533,"Гипотеза «распределитель» 0,68: разных получателей: 21 (порог 10), отправлено 8,9 млн ₸. Альтернатива: консолидатор 0,14."
100000005264874100,peripheral,0.9000,37,0.2509,"«периферийный» 0,90: признаки ниже порога. Ближайший — распределитель 0,10: разных получателей: 2 (порог 10), отправлено 78 000 ₸."
100000005264990100,peripheral,0.8333,20,0.3080,"«периферийный» 0,83: признаки ниже порога. Ближайший — координатор 0,17: связей с исходными клиентами: 1 (порог 3); от них 0, к ним 1."
100000005265073100,peripheral,0.9286,20,0.1031,"«периферийный» 0,93: признаки ниже порога. Ближайший — консолидатор 0,07: разных плательщиков: 1 (порог 7), получено 5 000 ₸."
100000005268319100,peripheral,0.7500,1,0.2419,"«периферийный» 0,75: признаки ниже порога. Ближайший — распределитель 0,25: разных получателей: 5 (порог 10), отправлено 91 000 ₸."
100000005272139100,peripheral,0.4643,5,0.2012,"«периферийный» 0,46 (снижено: исходящие не собирались): признаки ниже порога. Ближайший — консолидатор 0,07: разных плательщиков: 1 (порог 7), получено 165 000 ₸."
100000005287097100,peripheral,0.5500,5,0.5176,"«периферийный» 0,55: признаки ниже порога. Ближайший — распределитель 0,45: разных получателей: 9 (порог 10), отправлено 697 300 ₸."
100000005293969100,peripheral,0.4643,1,0.0397,"«периферийный» 0,46 (снижено: исходящие не собирались): признаки ниже порога. Ближайший — консолидатор 0,07: разных плательщиков: 1 (порог 7), получено 5 467 ₸."
100000005308954100,peripheral,0.7283,5,0.2154,"«периферийный» 0,73: признаки ниже порога. Ближайший — транзит 0,27: после поступлений другим счетам ушло 43% полученного (коридор 80%–120%)."
100000005314565100,peripheral,0.7500,1,0.2140,"«периферийный» 0,75: признаки ниже порога. Ближайший — конечный получатель 0,25: исходящих нет; плательщиков: 1, получено 218 500 ₸: ниже порога накопления."
100000005316708100,peripheral,0.6667,10,0.4463,"«периферийный» 0,67: признаки ниже порога. Ближайший — координатор 0,33: связей с исходными клиентами: 2 (порог 3); от них 1, к ним 1."
100000005317181100,peripheral,0.7500,1,0.2678,"«периферийный» 0,75: признаки ниже порога. Ближайший — конечный получатель 0,25: исходящие — 10% наблюдаемых входящих; плательщиков: 1, получено 141 250 ₸: ниже порога накопления."
100000005326681100,peripheral,0.4286,15,0.1134,"«периферийный» 0,43: признаки ниже порога. Ближайший — конечный получатель 0,14: исходящих нет; плательщиков: 1, получено 31 228 ₸; окно после 90% суммы — 4 дн. (нужно 7)."
100000005328215100,peripheral,0.7500,8,0.1041,"«периферийный» 0,75: признаки ниже порога. Ближайший — конечный получатель 0,25: исходящих нет; плательщиков: 1, получено 27 000 ₸: ниже порога накопления."
100000005339662100,peripheral,0.6590,15,0.5022,"«периферийный» 0,66: признаки ниже порога. Ближайший — транзит 0,34: после поступлений другим счетам ушло 145% полученного (коридор 80%–120%); всего исходящих 145%: баланс в выгрузке неполон."
100000005342513100,peripheral,0.7500,2,0.2522,"«периферийный» 0,75: признаки ниже порога. Ближайший — конечный получатель 0,25: исходящие — 13% наблюдаемых входящих; плательщиков: 1, получено 235 000 ₸: ниже порога накопления."
100000005357034100,peripheral,0.7500,1,0.0789,"«периферийный» 0,75: признаки ниже порога. Ближайший — конечный получатель 0,25: исходящих нет; плательщиков: 1, получено 9 754 ₸: ниже порога накопления."
100000005357705100,peripheral,0.8000,3,0.3309,"«периферийный» 0,80: признаки ниже порога. Ближайший — распределитель 0,20: разных получателей: 4 (порог 10), отправлено 387 080 ₸."
100000005360814100,peripheral,0.4643,3,0.1929,"«периферийный» 0,46 (снижено: исходящие не собирались): признаки ниже порога. Ближайший — консолидатор 0,07: разных плательщиков: 1 (порог 7), получено 144 000 ₸."
100000005362848100,peripheral,0.7500,8,0.1070,"«периферийный» 0,75: признаки ниже порога. Ближайший — конечный получатель 0,25: исходящих нет; плательщиков: 1, получено 29 000 ₸: ниже порога накопления."
100000005363908100,transit,0.6667,49,0.4596,"Гипотеза «транзит» 0,67: после поступлений другим счетам ушло 100% полученного (коридор 80%–120%); операций мало: входящих 1, исходящих 1. Альтернатива: координатор 0,17."
100000005367180100,peripheral,0.4643,3,0.0452,"«периферийный» 0,46 (снижено: исходящие не собирались): признаки ниже порога. Ближайший — консолидатор 0,07: разных плательщиков: 1 (порог 7), получено 7 700 ₸."
100000005367284100,peripheral,0.9000,1,0.2032,"«периферийный» 0,90: признаки ниже порога. Ближайший — распределитель 0,10: разных получателей: 2 (порог 10), отправлено 48 300 ₸."
100000005367445100,peripheral,0.9286,6,0.0524,"«периферийный» 0,93: исходящие = 100% входящих, но это встречные или более ранние переводы — транзит датами не подтверждён."
100000005370558100,peripheral,0.4643,1,0.0367,"«периферийный» 0,46 (снижено: исходящие не собирались): признаки ниже порога. Ближайший — консолидатор 0,07: разных плательщиков: 1 (порог 7), получено 5 000 ₸."
100000005370580100,peripheral,0.4464,13,0.1257,"«периферийный» 0,45: признаки ниже порога. Ближайший — конечный получатель 0,11: исходящих нет; плательщиков: 1, получено 24 075 ₸; окно после 90% суммы — 3 дн. (нужно 7)."
100000005375968100,peripheral,0.8898,1,0.3015,"«периферийный» 0,89: признаки ниже порога. Ближайший — транзит 0,11: после поступлений другим счетам ушло 18% полученного (коридор 80%–120%); всего исходящих 51%."
100000005382566100,coordinator,0.8000,20,0.8943,"Гипотеза «координатор» 0,80: связей с исходными клиентами: 6 (порог 3); от них 6, к ним 1. Альтернатива: консолидатор 0,50."
100000005386383100,peripheral,0.8333,20,0.3027,"«периферийный» 0,83: признаки ниже порога. Ближайший — координатор 0,17: связей с исходными клиентами: 1 (порог 3); от них 0, к ним 1."
100000005392290100,peripheral,0.9500,71,0.1640,"«периферийный» 0,95: признаки ниже порога. Ближайший — распределитель 0,05: разных получателей: 1 (порог 10), отправлено 81 465 ₸."
100000005394708100,peripheral,0.6667,20,0.3744,"«периферийный» 0,67: признаки ниже порога. Ближайший — координатор 0,33: связей с исходными клиентами: 2 (порог 3); от них 1, к ним 1."
100000005395727100,peripheral,0.4643,15,0.1343,"«периферийный» 0,46 (снижено: короткое окно наблюдения): признаки ниже порога. Ближайший — консолидатор 0,07: разных плательщиков: 1 (порог 7), получено 17 000 ₸."
100000005402643100,peripheral,0.9286,18,0.2830,"«периферийный» 0,93: признаки ниже порога. Ближайший — консолидатор 0,07: разных плательщиков: 1 (порог 7), получено 127 800 ₸."
100000005409156100,terminal,0.6250,7,0.4787,"Гипотеза «конечный получатель» 0,62: исходящих нет; плательщиков: 2, получено 260 080 ₸; окно после 90% суммы — 14 дн.. Альтернатива: консолидатор 0,14."
100000005409680100,terminal,0.7500,19,0.4123,"Гипотеза «конечный получатель» 0,75: исходящих нет; плательщиков: 2, получено 55 060 ₸; окно после 90% суммы — 29 дн.. Альтернатива: консолидатор 0,14."
100000005413948100,terminal,0.5020,6,0.3058,"Гипотеза «конечный получатель» 0,50: исходящие — 18% наблюдаемых входящих; плательщиков: 2, получено 28 215 ₸; окно после 90% суммы — 8 дн.. Альтернатива: консолидатор 0,14."
100000005417257100,peripheral,0.8333,20,0.2871,"«периферийный» 0,83: признаки ниже порога. Ближайший — координатор 0,17: связей с исходными клиентами: 1 (порог 3); от них 0, к ним 1."
100000005432267100,terminal,0.5357,4,0.5899,"Гипотеза «конечный получатель» 0,54: исходящих нет; плательщиков: 2, получено 350 001 ₸; окно после 90% суммы — 9 дн.. Альтернатива: координатор 0,17."
100000005454368100,terminal,0.5714,13,0.3474,"Гипотеза «конечный получатель» 0,57: исходящих нет; плательщиков: 2, получено 48 600 ₸; окно после 90% суммы — 11 дн.. Альтернатива: консолидатор 0,14."
100000005456919100,terminal,0.6185,43,0.5682,"Гипотеза «конечный получатель» 0,62: исходящие — 1% наблюдаемых входящих; плательщиков: 2, получено 479 950 ₸; окно после 90% суммы — 14 дн.. Альтернатива: координатор 0,17."
100000005473151100,terminal,0.5177,8,0.5830,"Гипотеза «конечный получатель» 0,52: исходящие — 18% наблюдаемых входящих; плательщиков: 3, получено 1,2 млн ₸; окно после 90% суммы — 13 дн.. Альтернатива: консолидатор 0,21."
100000005474472100,peripheral,0.7500,25,0.2077,"«периферийный» 0,75: признаки ниже порога. Ближайший — конечный получатель 0,25: исходящих нет; плательщиков: 1, получено 100 000 ₸: ниже порога накопления."
100000005475379100,peripheral,0.7347,12,0.2926,"«периферийный» 0,73: признаки ниже порога. Ближайший — транзит 0,27: после поступлений другим счетам ушло 42% полученного (коридор 80%–120%); всего исходящих 75%."
100000005480435100,peripheral,0.0000,83,0.0000,"«периферийный» 0,00: в выгрузке нет переводов счёта, роль не оценивается."
100000005481280100,peripheral,0.6667,15,0.4141,"«периферийный» 0,67: признаки ниже порога. Ближайший — координатор 0,33: связей с исходными клиентами: 2 (порог 3); от них 0, к ним 2."
100000005485830100,peripheral,0.7500,46,0.2826,"«периферийный» 0,75: признаки ниже порога. Ближайший — распределитель 0,25: разных получателей: 5 (порог 10), отправлено 275 885 ₸."
100000005493505100,terminal,0.5179,4,0.5453,"Гипотеза «конечный получатель» 0,52: исходящих нет; плательщиков: 3, получено 62 020 ₸; окно после 90% суммы — 8 дн.. Альтернатива: консолидатор 0,21."
100000005495211100,peripheral,0.4643,1,0.0650,"«периферийный» 0,46 (снижено: исходящие не собирались): признаки ниже порога. Ближайший — консолидатор 0,07: разных плательщиков: 1 (порог 7), получено 14 500 ₸."
100000005495722100,peripheral,0.0000,84,0.0000,"«периферийный» 0,00: в выгрузке нет переводов счёта, роль не оценивается."
100000005496254100,peripheral,0.7500,1,0.1575,"«периферийный» 0,75: признаки ниже порога. Ближайший — конечный получатель 0,25: исходящих нет; плательщиков: 1, получено 12 700 ₸: ниже порога накопления."
100000005497148100,peripheral,0.4643,7,0.0948,"«периферийный» 0,46 (снижено: исходящие не собирались): признаки ниже порога. Ближайший — консолидатор 0,07: разных плательщиков: 1 (порог 7), получено 24 000 ₸."
100000005498992100,distributor,0.6000,18,0.5220,"Гипотеза «распределитель» 0,60: разных получателей: 16 (порог 10), отправлено 2,3 млн ₸. Альтернатива: периферийный 0,40."
100000005505655100,peripheral,0.6220,27,0.2813,"«периферийный» 0,62: признаки ниже порога. Ближайший — транзит 0,38: после поступлений другим счетам ушло 60% полученного (коридор 80%–120%)."
100000005507142100,peripheral,0.7857,37,0.2823,"«периферийный» 0,79: признаки ниже порога. Ближайший — консолидатор 0,21: разных плательщиков: 3 (порог 7), получено 51 000 ₸."
100000005514161100,peripheral,0.3571,10,0.4597,"«периферийный» 0,36 (снижено: поздние поступления): признаки ниже порога. Ближайший — консолидатор 0,29: разных плательщиков: 4 (порог 7), получено 401 500 ₸."
100000005519347100,peripheral,0.6667,5,0.4774,"«периферийный» 0,67: признаки ниже порога. Ближайший — координатор 0,33: связей с исходными клиентами: 2 (порог 3); от них 1, к ним 1."
100000005519998100,peripheral,0.6806,34,0.3216,"«периферийный» 0,68: признаки ниже порога. Ближайший — транзит 0,32: после поступлений другим счетам ушло 51% полученного (коридор 80%–120%); всего исходящих 103%."
100000005523088100,terminal,0.7833,20,0.5886,"Гипотеза «конечный получатель» 0,78: исходящих нет; плательщиков: 1, получено 700 000 ₸; окно после 90% суммы — 26 дн.. Альтернатива: координатор 0,17."
100000005527892100,peripheral,0.6000,21,0.4197,"«периферийный» 0,60: признаки ниже порога. Ближайший — распределитель 0,40: разных получателей: 8 (порог 10), отправлено 552 419 ₸."
100000005530114100,terminal,0.5172,16,0.4054,"Гипотеза «конечный получатель» 0,52: исходящие — 18% наблюдаемых входящих; плательщиков: 2, получено 136 970 ₸; окно после 90% суммы — 18 дн.. Альтернатива: консолидатор 0,14."
100000005532138100,peripheral,0.7500,11,0.1293,"«периферийный» 0,75: признаки ниже порога. Ближайший — конечный получатель 0,25: исходящих нет; плательщиков: 1, получено 25 046 ₸: ниже порога накопления."
100000005539201100,peripheral,0.8333,5,0.2948,"«периферийный» 0,83: признаки ниже порога. Ближайший — координатор 0,17: связей с исходными клиентами: 1 (порог 3); от них 1, к ним 0."
100000005539910100,peripheral,0.8652,4,0.2378,"«периферийный» 0,87: признаки ниже порога. Ближайший — транзит 0,13: после поступлений другим счетам ушло 22% полученного (коридор 80%–120%)."
100000005543136100,peripheral,0.8333,4,0.1191,"«периферийный» 0,83: признаки ниже порога. Ближайший — координатор 0,17: связей с исходными клиентами: 1 (порог 3); от них 0, к ним 1."
100000005546031100,terminal,0.6003,49,0.4874,"Гипотеза «конечный получатель» 0,60: исходящие — 12% наблюдаемых входящих; плательщиков: 3, получено 66 800 ₸; окно после 90% суммы — 25 дн.. Альтернатива: консолидатор 0,21."
100000005547096100,peripheral,0.9000,49,0.2861,"«периферийный» 0,90: признаки ниже порога. Ближайший — распределитель 0,10: разных получателей: 2 (порог 10), отправлено 226 300 ₸."
100000005550592100,peripheral,0.0000,85,0.0000,"«периферийный» 0,00: в выгрузке нет переводов счёта, роль не оценивается."
100000005553088100,peripheral,0.4643,3,0.0764,"«периферийный» 0,46 (снижено: исходящие не собирались): признаки ниже порога. Ближайший — консолидатор 0,07: разных плательщиков: 1 (порог 7), получено 17 500 ₸."
100000005560900100,peripheral,0.0000,86,0.0000,"«периферийный» 0,00: в выгрузке нет переводов счёта, роль не оценивается."
100000005561741100,peripheral,0.7500,8,0.0978,"«периферийный» 0,75: признаки ниже порога. Ближайший — конечный получатель 0,25: исходящих нет; плательщиков: 1, получено 25 000 ₸: ниже порога накопления."
100000005567828100,peripheral,0.4643,8,0.1730,"«периферийный» 0,46 (снижено: исходящие не собирались): признаки ниже порога. Ближайший — консолидатор 0,07: разных плательщиков: 1 (порог 7), получено 94 000 ₸."
100000005568407100,peripheral,0.0000,87,0.0000,"«периферийный» 0,00: в выгрузке нет переводов счёта, роль не оценивается."
100000005572303100,peripheral,0.9286,5,0.2136,"«периферийный» 0,93: признаки ниже порога. Ближайший — консолидатор 0,07: разных плательщиков: 1 (порог 7), получено 75 000 ₸."
100000005578559100,distributor,0.6833,8,0.5364,"Гипотеза «распределитель» 0,68: разных получателей: 21 (порог 10), отправлено 893 164 ₸. Альтернатива: консолидатор 0,14."
100000005584222100,peripheral,0.6965,1,0.3751,"«периферийный» 0,70: признаки ниже порога. Ближайший — транзит 0,30: после поступлений другим счетам ушло 49% полученного (коридор 80%–120%); всего исходящих 56%."
100000005588444100,peripheral,0.7500,11,0.1566,"«периферийный» 0,75: признаки ниже порога. Ближайший — конечный получатель 0,25: исходящих нет; плательщиков: 1, получено 12 300 ₸: ниже порога накопления."
100000005589319100,peripheral,0.4643,4,0.1306,"«периферийный» 0,46 (снижено: исходящие не собирались): признаки ниже порога. Ближайший — консолидатор 0,07: разных плательщиков: 1 (порог 7), получено 26 000 ₸."
100000005602999100,peripheral,0.9000,12,0.2775,"«периферийный» 0,90: признаки ниже порога. Ближайший — распределитель 0,10: разных получателей: 2 (порог 10), отправлено 16 000 ₸."
100000005608515100,peripheral,0.7500,11,0.1838,"«периферийный» 0,75: признаки ниже порога. Ближайший — конечный получатель 0,25: исходящих нет; плательщиков: 1, получено 64 000 ₸: ниже порога накопления."
100000005610717100,peripheral,0.7134,1,0.3470,"«периферийный» 0,71: признаки ниже порога. Ближайший — транзит 0,29: после поступлений другим счетам ушло 46% полученного (коридор 80%–120%); всего исходящих 55%."
100000005612411100,peripheral,0.6000,4,0.4458,"«периферийный» 0,60: признаки ниже порога. Ближайший — распределитель 0,40: разных получателей: 8 (порог 10), отправлено 506 997 ₸."
100000005614315100,peripheral,0.5450,5,0.2743,"«периферийный» 0,54: признаки ниже порога. Ближайший — конечный получатель 0,46: исходящих нет; плательщиков: 1, получено 455 000 ₸: ниже порога накопления."
100000005616568100,peripheral,0.4643,7,0.2508,"«периферийный» 0,46 (снижено: исходящие не собирались): признаки ниже порога. Ближайший — консолидатор 0,07: разных плательщиков: 1 (порог 7), получено 530 000 ₸."
100000005619339100,peripheral,0.9286,5,0.1556,"«периферийный» 0,93: исходящие = 109% входящих, но это встречные или более ранние переводы — транзит датами не подтверждён."
100000005620225100,terminal,0.7500,1,0.4990,"Гипотеза «конечный получатель» 0,75: исходящих нет; плательщиков: 2, получено 49 846 ₸; окно после 90% суммы — 28 дн.. Альтернатива: координатор 0,17."
100000005621418100,peripheral,0.4643,28,0.1098,"«периферийный» 0,46 (снижено: исходящие не собирались): признаки ниже порога. Ближайший — консолидатор 0,07: разных плательщиков: 1 (порог 7), получено 30 000 ₸."
100000005628518100,peripheral,0.3929,19,0.1620,"«периферийный» 0,39: признаки ниже порога. Ближайший — конечный получатель 0,21: исходящих нет; плательщиков: 1, получено 77 000 ₸; окно после 90% суммы — 6 дн. (нужно 7)."
100000005634552100,peripheral,0.8333,1,0.4204,"«периферийный» 0,83: признаки ниже порога. Ближайший — координатор 0,17: связей с исходными клиентами: 1 (порог 3); от них 1, к ним 0."
100000005636951100,peripheral,0.4643,9,0.1254,"«периферийный» 0,46 (снижено: исходящие не собирались): признаки ниже порога. Ближайший — консолидатор 0,07: разных плательщиков: 1 (порог 7), получено 40 000 ₸."
100000005660203100,peripheral,0.3571,5,0.3236,"«периферийный» 0,36: признаки ниже порога. Ближайший — конечный получатель 0,29: исходящие — 7% наблюдаемых входящих; плательщиков: 1, получено 572 899 ₸; окно после 90% суммы — 4 дн. (нужно 7)."
100000005661528100,peripheral,0.7500,3,0.0978,"«периферийный» 0,75: признаки ниже порога. Ближайший — конечный получатель 0,25: исходящих нет; плательщиков: 1, получено 25 000 ₸: ниже порога накопления."
100000005661829100,transit,0.5785,19,0.4162,"Гипотеза «транзит» 0,58: после поступлений другим счетам ушло 89% полученного (коридор 80%–120%); всего исходящих 107%; операций мало: входящих 1, исходящих 4. Альтернатива: распределитель 0,10."
100000005664632100,peripheral,0.4643,68,0.2991,"«периферийный» 0,46 (снижено: короткое окно наблюдения): признаки ниже порога. Ближайший — консолидатор 0,07: разных плательщиков: 1 (порог 7), получено 198 620 ₸."
100000005664922100,peripheral,0.8500,25,0.3380,"«периферийный» 0,85: признаки ниже порога. Ближайший — распределитель 0,15: разных получателей: 3 (порог 10), отправлено 537 000 ₸."
100000005665181100,distributor,0.5167,7,0.4648,"Гипотеза «распределитель» 0,52: разных получателей: 11 (порог 10), отправлено 181 915 ₸. Альтернатива: консолидатор 0,29."
100000005667841100,terminal,0.6250,6,0.4329,"Гипотеза «конечный получатель» 0,62: исходящих нет; плательщиков: 2, получено 186 000 ₸; окно после 90% суммы — 14 дн.. Альтернатива: консолидатор 0,14."
100000005668605100,terminal,0.5357,20,0.5411,"Гипотеза «конечный получатель» 0,54: исходящих нет; плательщиков: 3, получено 94 500 ₸; окно после 90% суммы — 9 дн.. Альтернатива: консолидатор 0,21."
100000005669845100,peripheral,0.7500,30,0.1806,"«периферийный» 0,75: признаки ниже порога. Ближайший — конечный получатель 0,25: исходящих нет; плательщиков: 1, получено 20 000 ₸: ниже порога накопления."
100000005674387100,peripheral,0.7500,2,0.1023,"«периферийный» 0,75: признаки ниже порога. Ближайший — конечный получатель 0,25: исходящих нет; плательщиков: 1, получено 26 200 ₸: ниже порога накопления."
100000005685783100,peripheral,0.4643,2,0.1315,"«периферийный» 0,46 (снижено: исходящие не собирались): признаки ниже порога. Ближайший — консолидатор 0,07: разных плательщиков: 1 (порог 7), получено 26 150 ₸."
100000005704413100,distributor,0.8667,8,0.5970,"Гипотеза «распределитель» 0,87: разных получателей: 32 (порог 10), отправлено 1,4 млн ₸. Альтернатива: консолидатор 0,21."
100000005709551100,peripheral,0.7500,13,0.0960,"«периферийный» 0,75: признаки ниже порога. Ближайший — конечный получатель 0,25: исходящих нет; плательщиков: 1, получено 24 560 ₸: ниже порога накопления."
100000005711521100,peripheral,0.4643,13,0.2179,"«периферийный» 0,46 (снижено: исходящие не собирались): признаки ниже порога. Ближайший — консолидатор 0,07: разных плательщиков: 1 (порог 7), получено 238 000 ₸."
100000005723580100,peripheral,0.4643,6,0.1186,"«периферийный» 0,46 (снижено: исходящие не собирались): признаки ниже порога. Ближайший — консолидатор 0,07: разных плательщиков: 1 (порог 7), получено 35 000 ₸."
100000005730108100,peripheral,0.7500,1,0.0759,"«периферийный» 0,75: признаки ниже порога. Ближайший — конечный получатель 0,25: исходящих нет; плательщиков: 1, получено 8 000 ₸: ниже порога накопления."
100000005744674100,peripheral,0.8333,20,0.2080,"«периферийный» 0,83: признаки ниже порога. Ближайший — координатор 0,17: связей с исходными клиентами: 1 (порог 3); от них 0, к ним 1."
100000005745873100,peripheral,0.4643,41,0.2147,"«периферийный» 0,46 (снижено: исходящие не собирались): признаки ниже порога. Ближайший — консолидатор 0,07: разных плательщиков: 1 (порог 7), получено 223 000 ₸."
100000005754335100,peripheral,0.7500,42,0.1295,"«периферийный» 0,75: признаки ниже порога. Ближайший — конечный получатель 0,25: исходящих нет; плательщиков: 1, получено 44 037 ₸: ниже порога накопления."
100000005756189100,peripheral,0.5284,7,0.2238,"«периферийный» 0,53: признаки ниже порога. Ближайший — транзит 0,47: после поступлений другим счетам ушло 75% полученного (коридор 80%–120%)."
100000005756535100,peripheral,0.7500,2,0.0839,"«периферийный» 0,75: признаки ниже порога. Ближайший — конечный получатель 0,25: исходящих нет; плательщиков: 1, получено 20 000 ₸: ниже порога накопления."
100000005767403100,peripheral,0.4643,34,0.2964,"«периферийный» 0,46 (снижено: исходящие не собирались): признаки ниже порога. Ближайший — консолидатор 0,07: разных плательщиков: 1 (порог 7), получено 1,1 млн ₸."
100000005778283100,terminal,0.6800,11,0.7322,"Гипотеза «конечный получатель» 0,68: исходящих нет; плательщиков: 3, получено 615 760 ₸; окно после 90% суммы — 16 дн.. Альтернатива: координатор 0,33."
100000005782781100,distributor,0.5000,11,0.5156,"Гипотеза «распределитель» 0,50: разных получателей: 10 (порог 10), отправлено 1,3 млн ₸. Альтернатива: консолидатор 0,43."
100000005782886100,peripheral,0.4643,6,0.0638,"«периферийный» 0,46 (снижено: исходящие не собирались): признаки ниже порога. Ближайший — консолидатор 0,07: разных плательщиков: 1 (порог 7), получено 14 000 ₸."
100000005783452100,peripheral,0.4286,10,0.3546,"«периферийный» 0,43 (снижено: исходящие не собирались): признаки ниже порога. Ближайший — консолидатор 0,14: разных плательщиков: 2 (порог 7), получено 286 500 ₸."
100000005799271100,peripheral,0.4107,12,0.2815,"«периферийный» 0,41: признаки ниже порога. Ближайший — конечный получатель 0,18: исходящих нет; плательщиков: 1, получено 45 000 ₸; окно после 90% суммы — 5 дн. (нужно 7)."
100000005807278100,peripheral,0.7500,46,0.1431,"«периферийный» 0,75: признаки ниже порога. Ближайший — конечный получатель 0,25: исходящих нет; плательщиков: 1, получено 8 385 ₸: ниже порога накопления."
100000005809252100,peripheral,0.4643,7,0.1278,"«периферийный» 0,46 (снижено: короткое окно наблюдения): признаки ниже порога. Ближайший — консолидатор 0,07: разных плательщиков: 1 (порог 7), получено 25 000 ₸."
100000005815602100,peripheral,0.9286,5,0.2451,"«периферийный» 0,93: признаки ниже порога. Ближайший — консолидатор 0,07: разных плательщиков: 1 (порог 7), получено 20 000 ₸."
100000005820746100,terminal,0.8320,25,0.5553,"Гипотеза «конечный получатель» 0,83: исходящие — 3% наблюдаемых входящих; плательщиков: 1, получено 2,0 млн ₸; окно после 90% суммы — 15 дн.. Альтернатива: консолидатор 0,07."
100000005830339100,peripheral,0.5549,4,0.3509,"«периферийный» 0,55: признаки ниже порога. Ближайший — транзит 0,45: после поступлений другим счетам ушло 71% полученного (коридор 80%–120%)."
100000005834479100,peripheral,0.9000,3,0.1698,"«периферийный» 0,90: признаки ниже порога. Ближайший — распределитель 0,10: разных получателей: 2 (порог 10), отправлено 14 470 ₸."
100000005844459100,peripheral,0.4167,1,0.3550,"«периферийный» 0,42 (снижено: короткое окно наблюдения): признаки ниже порога. Ближайший — координатор 0,17: связей с исходными клиентами: 1 (порог 3); от них 1, к ним 0."
100000005847078100,peripheral,0.7500,2,0.0729,"«периферийный» 0,75: признаки ниже порога. Ближайший — конечный получатель 0,25: исходящих нет; плательщиков: 1, получено 16 300 ₸: ниже порога накопления."
100000005849100100,peripheral,0.7500,4,0.1161,"«периферийный» 0,75: признаки ниже порога. Ближайший — конечный получатель 0,25: исходящих нет; плательщиков: 1, получено 33 300 ₸: ниже порога накопления."
100000005849862100,peripheral,0.4643,11,0.0616,"«периферийный» 0,46 (снижено: исходящие не собирались): признаки ниже порога. Ближайший — консолидатор 0,07: разных плательщиков: 1 (порог 7), получено 13 000 ₸."
100000005852946100,peripheral,0.7500,4,0.1908,"«периферийный» 0,75: признаки ниже порога. Ближайший — конечный получатель 0,25: исходящих нет; плательщиков: 1, получено 23 746 ₸: ниже порога накопления."
100000005857058100,terminal,0.7500,1,0.4384,"Гипотеза «конечный получатель» 0,75: исходящих нет; плательщиков: 3, получено 80 222 ₸; окно после 90% суммы — 25 дн.. Альтернатива: консолидатор 0,21."
100000005873152100,peripheral,0.9286,12,0.1231,"«периферийный» 0,93: исходящие = 100% входящих, но это встречные или более ранние переводы — транзит датами не подтверждён."
100000005877725100,peripheral,0.7500,2,0.2545,"«периферийный» 0,75: признаки ниже порога. Ближайший — конечный получатель 0,25: исходящих нет; плательщиков: 1, получено 70 000 ₸: ниже порога накопления."
100000005878334100,peripheral,0.4643,21,0.1616,"«периферийный» 0,46 (снижено: исходящие не собирались): признаки ниже порога. Ближайший — консолидатор 0,07: разных плательщиков: 1 (порог 7), получено 76 400 ₸."
100000005882013100,peripheral,0.3929,13,0.3226,"«периферийный» 0,39: признаки ниже порога. Ближайший — конечный получатель 0,21: исходящие — 7% наблюдаемых входящих; плательщиков: 2, получено 135 000 ₸; окно после 90% суммы — 3 дн. (нужно 7)."
100000005888829100,peripheral,0.4643,6,0.2086,"«периферийный» 0,46 (снижено: исходящие не собирались): признаки ниже порога. Ближайший — консолидатор 0,07: разных плательщиков: 1 (порог 7), получено 197 000 ₸."
100000005893892100,peripheral,0.7500,7,0.2100,"«периферийный» 0,75: признаки ниже порога. Ближайший — конечный получатель 0,25: исходящих нет; плательщиков: 1, получено 102 780 ₸: ниже порога накопления."
100000005895525100,peripheral,0.7500,46,0.2834,"«периферийный» 0,75: признаки ниже порога. Ближайший — конечный получатель 0,25: исходящих нет; плательщиков: 1, получено 120 000 ₸: ниже порога накопления."
100000005897462100,peripheral,0.7500,12,0.3027,"«периферийный» 0,75: признаки ниже порога. Ближайший — конечный получатель 0,25: исходящих нет; плательщиков: 1, получено 98 400 ₸: ниже порога накопления."
100000005901606100,peripheral,0.7500,2,0.2165,"«периферийный» 0,75: признаки ниже порога. Ближайший — конечный получатель 0,25: исходящих нет; плательщиков: 1, получено 35 660 ₸: ниже порога накопления."
100000005904580100,terminal,0.7500,3,0.4235,"Гипотеза «конечный получатель» 0,75: исходящих нет; плательщиков: 2, получено 72 000 ₸; окно после 90% суммы — 30 дн.. Альтернатива: консолидатор 0,14."
100000005910114100,distributor,0.6500,1,0.6676,"Гипотеза «распределитель» 0,65: разных получателей: 19 (порог 10), отправлено 1,5 млн ₸. Альтернатива: координатор 0,33."
100000005910895100,peripheral,0.4643,12,0.1887,"«периферийный» 0,46 (снижено: исходящие не собирались): признаки ниже порога. Ближайший — консолидатор 0,07: разных плательщиков: 1 (порог 7), получено 5 100 ₸."
100000005911352100,peripheral,0.7500,38,0.2096,"«периферийный» 0,75: признаки ниже порога. Ближайший — транзит 0,25: после поступлений другим счетам ушло 67% полученного (коридор 80%–120%); всего исходящих 160%: баланс в выгрузке неполон."
100000005931985100,peripheral,0.4643,10,0.1914,"«периферийный» 0,46 (снижено: короткое окно наблюдения): признаки ниже порога. Ближайший — консолидатор 0,07: разных плательщиков: 1 (порог 7), получено 76 000 ₸."
100000005932987100,peripheral,0.4643,34,0.1278,"«периферийный» 0,46 (снижено: короткое окно наблюдения): признаки ниже порога. Ближайший — консолидатор 0,07: разных плательщиков: 1 (порог 7), получено 25 000 ₸."
100000005933757100,distributor,0.9000,14,0.6170,"Гипотеза «распределитель» 0,90: разных получателей: 34 (порог 10), отправлено 3,0 млн ₸. Альтернатива: консолидатор 0,29."
100000005939154100,peripheral,0.7500,5,0.1198,"«периферийный» 0,75: признаки ниже порога. Ближайший — конечный получатель 0,25: исходящих нет; плательщиков: 1, получено 22 000 ₸: ниже порога накопления."
100000005940652100,peripheral,0.7500,40,0.2032,"«периферийный» 0,75: признаки ниже порога. Ближайший — конечный получатель 0,25: исходящих нет; плательщиков: 1, получено 8 395 ₸: ниже порога накопления."
100000005941908100,peripheral,0.3929,14,0.0824,"«периферийный» 0,39: признаки ниже порога. Ближайший — конечный получатель 0,21: исходящих нет; плательщиков: 1, получено 10 000 ₸; окно после 90% суммы — 6 дн. (нужно 7)."
100000005942793100,terminal,0.7500,1,0.4585,"Гипотеза «конечный получатель» 0,75: исходящих нет; плательщиков: 4, получено 55 000 ₸; окно после 90% суммы — 24 дн.. Альтернатива: консолидатор 0,29."
100000005958064100,peripheral,0.8333,14,0.3497,"«периферийный» 0,83: признаки ниже порога. Ближайший — координатор 0,17: связей с исходными клиентами: 1 (порог 3); от них 1, к ним 0."
100000005961971100,peripheral,0.7500,2,0.2322,"«периферийный» 0,75: признаки ниже порога. Ближайший — конечный получатель 0,25: исходящих нет; плательщиков: 1, получено 47 353 ₸: ниже порога накопления."
100000005974542100,peripheral,0.7500,24,0.1735,"«периферийный» 0,75: признаки ниже порога. Ближайший — конечный получатель 0,25: исходящих нет; плательщиков: 1, получено 94 500 ₸: ниже порога накопления."
100000005979037100,peripheral,0.4643,3,0.1523,"«периферийный» 0,46 (снижено: исходящие не собирались): признаки ниже порога. Ближайший — консолидатор 0,07: разных плательщиков: 1 (порог 7), получено 60 300 ₸."
100000005995391100,peripheral,0.7500,2,0.0756,"«периферийный» 0,75: признаки ниже порога. Ближайший — конечный получатель 0,25: исходящих нет; плательщиков: 1, получено 17 200 ₸: ниже порога накопления."
100000005996909100,peripheral,0.4643,15,0.0702,"«периферийный» 0,46 (снижено: короткое окно наблюдения): признаки ниже порога. Ближайший — консолидатор 0,07: разных плательщиков: 1 (порог 7), получено 5 500 ₸."
100000006008169100,peripheral,0.7500,17,0.2545,"«периферийный» 0,75: признаки ниже порога. Ближайший — конечный получатель 0,25: исходящих нет; плательщиков: 1, получено 70 000 ₸: ниже порога накопления."
100000006020215100,peripheral,0.5729,13,0.3005,"«периферийный» 0,57: признаки ниже порога. Ближайший — транзит 0,43: после поступлений другим счетам ушло 68% полученного (коридор 80%–120%); всего исходящих 113%."
100000006030946100,peripheral,0.7500,2,0.2564,"«периферийный» 0,75: признаки ниже порога. Ближайший — конечный получатель 0,25: исходящих нет; плательщиков: 1, получено 73 289 ₸: ниже порога накопления."
100000006048193100,peripheral,0.4107,1,0.1575,"«периферийный» 0,41: признаки ниже порога. Ближайший — конечный получатель 0,18: исходящих нет; плательщиков: 1, получено 41 559 ₸; окно после 90% суммы — 5 дн. (нужно 7)."
100000006069103100,peripheral,0.7857,55,0.4038,"«периферийный» 0,79: признаки ниже порога. Ближайший — консолидатор 0,21: разных плательщиков: 3 (порог 7), получено 228 818 ₸."
100000006100920100,peripheral,0.7500,1,0.1777,"«периферийный» 0,75: признаки ниже порога. Ближайший — конечный получатель 0,25: исходящих нет; плательщиков: 1, получено 100 000 ₸: ниже порога накопления."
100000006111439100,transit,0.5831,1,0.3963,"Гипотеза «транзит» 0,58: после поступлений другим счетам ушло 117% полученного (коридор 80%–120%). Альтернатива: консолидатор 0,21."
100000006111442100,peripheral,0.7500,6,0.1538,"«периферийный» 0,75: признаки ниже порога. Ближайший — конечный получатель 0,25: исходящих нет; плательщиков: 1, получено 64 000 ₸: ниже порога накопления."
100000006122699100,terminal,0.7500,5,0.3969,"Гипотеза «конечный получатель» 0,75: исходящих нет; плательщиков: 2, получено 45 865 ₸; окно после 90% суммы — 30 дн.. Альтернатива: консолидатор 0,14."
100000006126743100,peripheral,0.7500,7,0.1776,"«периферийный» 0,75: признаки ниже порога. Ближайший — конечный получатель 0,25: исходящих нет; плательщиков: 1, получено 55 000 ₸: ниже порога накопления."
100000006161893100,peripheral,0.7500,5,0.0638,"«периферийный» 0,75: признаки ниже порога. Ближайший — конечный получатель 0,25: исходящих нет; плательщиков: 1, получено 14 000 ₸: ниже порога накопления."
100000006165886100,peripheral,0.7459,1,0.3019,"«периферийный» 0,75: признаки ниже порога. Ближайший — транзит 0,25: после поступлений другим счетам ушло 41% полученного (коридор 80%–120%)."
100000006169033100,peripheral,0.8500,42,0.3179,"«периферийный» 0,85: признаки ниже порога. Ближайший — распределитель 0,15: разных получателей: 3 (порог 10), отправлено 1,1 млн ₸."
100000006171671100,peripheral,0.4643,1,0.0524,"«периферийный» 0,46 (снижено: исходящие не собирались): признаки ниже порога. Ближайший — консолидатор 0,07: разных плательщиков: 1 (порог 7), получено 10 000 ₸."
100000006177176100,peripheral,0.7500,5,0.1440,"«периферийный» 0,75: признаки ниже порога. Ближайший — конечный получатель 0,25: исходящих нет; плательщиков: 1, получено 8 911 ₸: ниже порога накопления."
100000006209210100,peripheral,0.7500,11,0.2456,"«периферийный» 0,75: признаки ниже порога. Ближайший — конечный получатель 0,25: исходящих нет; плательщиков: 1, получено 229 111 ₸: ниже порога накопления."
100000006225798100,terminal,0.5449,16,0.5103,"Гипотеза «конечный получатель» 0,54: исходящие — 4% наблюдаемых входящих; плательщиков: 3, получено 722 000 ₸; окно после 90% суммы — 8 дн.. Альтернатива: консолидатор 0,21."
100000006232642100,peripheral,0.4643,42,0.2445,"«периферийный» 0,46 (снижено: исходящие не собирались): признаки ниже порога. Ближайший — консолидатор 0,07: разных плательщиков: 1 (порог 7), получено 456 000 ₸."
100000006232815100,peripheral,0.7500,30,0.3035,"«периферийный» 0,75: признаки ниже порога. Ближайший — распределитель 0,25: разных получателей: 5 (порог 10), отправлено 296 500 ₸."
100000006240939100,peripheral,0.7500,9,0.3243,"«периферийный» 0,75: признаки ниже порога. Ближайший — распределитель 0,25: разных получателей: 5 (порог 10), отправлено 778 015 ₸."
100000006248077100,peripheral,0.7500,5,0.1998,"«периферийный» 0,75: признаки ниже порога. Ближайший — конечный получатель 0,25: исходящих нет; плательщиков: 1, получено 50 000 ₸: ниже порога накопления."
100000006249740100,peripheral,0.8500,54,0.2229,"«периферийный» 0,85: признаки ниже порога. Ближайший — распределитель 0,15: разных получателей: 3 (порог 10), отправлено 93 007 ₸."
100000006257675100,peripheral,0.4643,23,0.1578,"«периферийный» 0,46 (снижено: исходящие не собирались): признаки ниже порога. Ближайший — консолидатор 0,07: разных плательщиков: 1 (порог 7), получено 70 000 ₸."
100000006274203100,peripheral,0.4167,19,0.4320,"«периферийный» 0,42 (снижено: поздние поступления): признаки ниже порога. Ближайший — координатор 0,17: связей с исходными клиентами: 1 (порог 3); от них 0, к ним 1."
100000006288612100,peripheral,0.4643,3,0.1122,"«периферийный» 0,46 (снижено: исходящие не собирались): признаки ниже порога. Ближайший — консолидатор 0,07: разных плательщиков: 1 (порог 7), получено 30 805 ₸."
100000006308406100,peripheral,0.4643,23,0.2054,"«периферийный» 0,46 (снижено: исходящие не собирались): признаки ниже порога. Ближайший — консолидатор 0,07: разных плательщиков: 1 (порог 7), получено 183 000 ₸."
100000006326645100,peripheral,0.7500,2,0.1962,"«периферийный» 0,75: признаки ниже порога. Ближайший — конечный получатель 0,25: исходящих нет; плательщиков: 1, получено 25 264 ₸: ниже порога накопления."
100000006351075100,peripheral,0.4643,41,0.1554,"«периферийный» 0,46 (снижено: исходящие не собирались): признаки ниже порога. Ближайший — консолидатор 0,07: разных плательщиков: 1 (порог 7), получено 40 000 ₸."
100000006369769100,peripheral,0.7500,2,0.2220,"«периферийный» 0,75: признаки ниже порога. Ближайший — конечный получатель 0,25: исходящих нет; плательщиков: 1, получено 40 000 ₸: ниже порога накопления."
100000006381453100,peripheral,0.4643,6,0.1315,"«периферийный» 0,46 (снижено: исходящие не собирались): признаки ниже порога. Ближайший — консолидатор 0,07: разных плательщиков: 1 (порог 7), получено 45 000 ₸."
100000006385877100,peripheral,0.9286,18,0.2012,"«периферийный» 0,93: признаки ниже порога. Ближайший — консолидатор 0,07: разных плательщиков: 1 (порог 7), получено 53 707 ₸."
100000006412162100,peripheral,0.4643,8,0.0674,"«периферийный» 0,46 (снижено: исходящие не собирались): признаки ниже порога. Ближайший — консолидатор 0,07: разных плательщиков: 1 (порог 7), получено 15 000 ₸."
100000006416061100,peripheral,0.4643,3,0.1398,"«периферийный» 0,46 (снижено: исходящие не собирались): признаки ниже порога. Ближайший — консолидатор 0,07: разных плательщиков: 1 (порог 7), получено 30 000 ₸."
100000006424479100,peripheral,0.7250,13,0.3976,"«периферийный» 0,73: признаки ниже порога. Ближайший — транзит 0,27: после поступлений другим счетам ушло 44% полученного (коридор 80%–120%)."
100000006443391100,peripheral,0.5676,18,0.3408,"«периферийный» 0,57: признаки ниже порога. Ближайший — транзит 0,43: после поступлений другим счетам ушло 69% полученного (коридор 80%–120%)."
100000006444163100,peripheral,0.7500,33,0.0721,"«периферийный» 0,75: признаки ниже порога. Ближайший — конечный получатель 0,25: исходящих нет; плательщиков: 1, получено 6 026 ₸: ниже порога накопления."
100000006445501100,peripheral,0.7500,12,0.2985,"«периферийный» 0,75: признаки ниже порога. Ближайший — конечный получатель 0,25: исходящих нет; плательщиков: 1, получено 91 000 ₸: ниже порога накопления."
100000006446271100,peripheral,0.2857,4,0.3588,"«периферийный» 0,29: признаки ниже порога. Ближайший — конечный получатель 0,43: исходящих нет; плательщиков: 2, получено 80 000 ₸; окно после 90% суммы — 6 дн. (нужно 7)."
100000006471232100,peripheral,0.7500,2,0.1277,"«периферийный» 0,75: признаки ниже порога. Ближайший — конечный получатель 0,25: исходящих нет; плательщиков: 1, получено 41 800 ₸: ниже порога накопления."
100000006476758100,peripheral,0.7500,12,0.0689,"«периферийный» 0,75: признаки ниже порога. Ближайший — конечный получатель 0,25: исходящих нет; плательщиков: 1, получено 5 200 ₸: ниже порога накопления."
100000006490557100,peripheral,0.7500,11,0.0667,"«периферийный» 0,75: признаки ниже порога. Ближайший — конечный получатель 0,25: исходящих нет; плательщиков: 1, получено 5 000 ₸: ниже порога накопления."
100000006490615100,peripheral,0.4643,13,0.1276,"«периферийный» 0,46 (снижено: исходящие не собирались): признаки ниже порога. Ближайший — консолидатор 0,07: разных плательщиков: 1 (порог 7), получено 41 600 ₸."
100000006491272100,peripheral,0.7500,2,0.1023,"«периферийный» 0,75: признаки ниже порога. Ближайший — конечный получатель 0,25: исходящих нет; плательщиков: 1, получено 26 200 ₸: ниже порога накопления."
100000006491963100,peripheral,0.4643,8,0.0722,"«периферийный» 0,46 (снижено: исходящие не собирались): признаки ниже порога. Ближайший — консолидатор 0,07: разных плательщиков: 1 (порог 7), получено 16 000 ₸."
100000006492770100,peripheral,0.7310,1,0.2652,"«периферийный» 0,73: признаки ниже порога. Ближайший — конечный получатель 0,27: исходящие — 7% наблюдаемых входящих; плательщиков: 1, получено 269 000 ₸: ниже порога накопления."
100000006512787100,peripheral,0.4643,1,0.0839,"«периферийный» 0,46 (снижено: исходящие не собирались): признаки ниже порога. Ближайший — консолидатор 0,07: разных плательщиков: 1 (порог 7), получено 20 000 ₸."
100000006518161100,peripheral,0.5520,5,0.4503,"«периферийный» 0,55: признаки ниже порога. Ближайший — транзит 0,45: после поступлений другим счетам ушло 72% полученного (коридор 80%–120%); всего исходящих 100%."
100000006522972100,peripheral,0.7500,7,0.0487,"«периферийный» 0,75: признаки ниже порога. Ближайший — конечный получатель 0,25: исходящих нет; плательщиков: 1, получено 9 515 ₸: ниже порога накопления."
100000006523053100,peripheral,0.7500,4,0.0367,"«периферийный» 0,75: признаки ниже порога. Ближайший — конечный получатель 0,25: исходящих нет; плательщиков: 1, получено 5 000 ₸: ниже порога накопления."
100000006527156100,peripheral,0.4643,47,0.1365,"«периферийный» 0,46 (снижено: исходящие не собирались): признаки ниже порога. Ближайший — консолидатор 0,07: разных плательщиков: 1 (порог 7), получено 48 500 ₸."
100000006530134100,terminal,0.6429,7,0.4553,"Гипотеза «конечный получатель» 0,64: исходящих нет; плательщиков: 2, получено 144 663 ₸; окно после 90% суммы — 15 дн.. Альтернатива: консолидатор 0,14."
100000006532229100,peripheral,0.7500,6,0.1806,"«периферийный» 0,75: признаки ниже порога. Ближайший — конечный получатель 0,25: исходящих нет; плательщиков: 1, получено 105 000 ₸: ниже порога накопления."
100000006534886100,peripheral,0.9286,5,0.2482,"«периферийный» 0,93: признаки ниже порога. Ближайший — консолидатор 0,07: разных плательщиков: 1 (порог 7), получено 71 700 ₸."
100000006557763100,peripheral,0.7500,4,0.0524,"«периферийный» 0,75: признаки ниже порога. Ближайший — конечный получатель 0,25: исходящих нет; плательщиков: 1, получено 10 000 ₸: ниже порога накопления."
100000006562026100,terminal,0.5000,54,0.5432,"Гипотеза «конечный получатель» 0,50: исходящих нет; плательщиков: 2, получено 75 000 ₸; окно после 90% суммы — 7 дн.. Альтернатива: координатор 0,33."
100000006564102100,peripheral,0.7500,3,0.2767,"«периферийный» 0,75: признаки ниже порога. Ближайший — конечный получатель 0,25: исходящих нет; плательщиков: 1, получено 233 235 ₸: ниже порога накопления."
100000006567935100,peripheral,0.7500,31,0.2404,"«периферийный» 0,75: признаки ниже порога. Ближайший — конечный получатель 0,25: исходящих нет; плательщиков: 1, получено 200 000 ₸: ниже порога накопления."
100000006573438100,peripheral,0.7500,42,0.0367,"«периферийный» 0,75: признаки ниже порога. Ближайший — конечный получатель 0,25: исходящих нет; плательщиков: 1, получено 5 000 ₸: ниже порога накопления."
100000006579678100,peripheral,0.7000,5,0.4317,"«периферийный» 0,70: признаки ниже порога. Ближайший — распределитель 0,30: разных получателей: 6 (порог 10), отправлено 1,7 млн ₸."
100000006595426100,peripheral,0.7500,1,0.1666,"«периферийный» 0,75: признаки ниже порога. Ближайший — конечный получатель 0,25: исходящих нет; плательщиков: 1, получено 84 800 ₸: ниже порога накопления."
100000006612238100,peripheral,0.7500,2,0.2358,"«периферийный» 0,75: признаки ниже порога. Ближайший — конечный получатель 0,25: исходящие — 16% наблюдаемых входящих; плательщиков: 1, получено 160 000 ₸: ниже порога накопления."
100000006638021100,peripheral,0.4286,48,0.3369,"«периферийный» 0,43 (снижено: исходящие не собирались): признаки ниже порога. Ближайший — консолидатор 0,14: разных плательщиков: 2 (порог 7), получено 388 500 ₸."
100000006641671100,transit,0.6061,3,0.3964,"Гипотеза «транзит» 0,61: после поступлений другим счетам ушло 91% полученного (коридор 80%–120%); всего исходящих 114%; операций мало: входящих 2, исходящих 3. Альтернатива: консолидатор 0,14."
100000006656003100,peripheral,0.8333,2,0.2037,"«периферийный» 0,83: признаки ниже порога. Ближайший — координатор 0,17: связей с исходными клиентами: 1 (порог 3); от них 1, к ним 1."
100000006658598100,peripheral,0.7500,5,0.1444,"«периферийный» 0,75: признаки ниже порога. Ближайший — конечный получатель 0,25: исходящих нет; плательщиков: 1, получено 9 000 ₸: ниже порога накопления."
100000006664478100,transit,0.6818,9,0.4397,"Гипотеза «транзит» 0,68: после поступлений другим счетам ушло 109% полученного (коридор 80%–120%); операций мало: входящих 3, исходящих 2. Альтернатива: распределитель 0,10."
100000006679055100,peripheral,0.7500,3,0.1278,"«периферийный» 0,75: признаки ниже порога. Ближайший — конечный получатель 0,25: исходящих нет; плательщиков: 1, получено 25 000 ₸: ниже порога накопления."
100000006684930100,peripheral,0.4286,13,0.1424,"«периферийный» 0,43: признаки ниже порога. Ближайший — конечный получатель 0,14: исходящих нет; плательщиков: 1, получено 10 000 ₸; окно после 90% суммы — 4 дн. (нужно 7)."
100000006687202100,peripheral,0.7500,1,0.2365,"«периферийный» 0,75: признаки ниже порога. Ближайший — конечный получатель 0,25: исходящих нет; плательщиков: 1, получено 50 000 ₸: ниже порога накопления."
100000006689603100,peripheral,0.4643,3,0.2391,"«периферийный» 0,46 (снижено: исходящие не собирались): признаки ниже порога. Ближайший — консолидатор 0,07: разных плательщиков: 1 (порог 7), получено 400 000 ₸."
100000006693788100,peripheral,0.4643,1,0.0566,"«периферийный» 0,46 (снижено: исходящие не собирались): признаки ниже порога. Ближайший — консолидатор 0,07: разных плательщиков: 1 (порог 7), получено 10 764 ₸."
100000006701983100,peripheral,0.7500,2,0.1041,"«периферийный» 0,75: признаки ниже порога. Ближайший — конечный получатель 0,25: исходящих нет; плательщиков: 1, получено 27 000 ₸: ниже порога накопления."
100000006704530100,transit,0.5945,28,0.4961,"Гипотеза «транзит» 0,59: после поступлений другим счетам ушло 91% полученного (коридор 80%–120%); всего исходящих 95%; операций мало: входящих 1, исходящих 5. Альтернатива: распределитель 0,15."
100000006706519100,peripheral,0.4643,1,0.1503,"«периферийный» 0,46 (снижено: исходящие не собирались): признаки ниже порога. Ближайший — консолидатор 0,07: разных плательщиков: 1 (порог 7), получено 36 000 ₸."
100000006707582100,distributor,0.5667,8,0.5965,"Гипотеза «распределитель» 0,57: разных получателей: 14 (порог 10), отправлено 961 138 ₸. Альтернатива: координатор 0,17."
100000006710485100,peripheral,0.7500,2,0.1139,"«периферийный» 0,75: признаки ниже порога. Ближайший — конечный получатель 0,25: исходящих нет; плательщиков: 1, получено 20 000 ₸: ниже порога накопления."
100000006714366100,peripheral,0.7024,13,0.1688,"«периферийный» 0,70: признаки ниже порога. Ближайший — транзит 0,30: после поступлений другим счетам ушло 48% полученного (коридор 80%–120%)."
100000006734214100,terminal,0.5633,7,0.5176,"Гипотеза «конечный получатель» 0,56: исходящие — 6% наблюдаемых входящих; плательщиков: 5, получено 610 000 ₸; окно после 90% суммы — 11 дн.. Альтернатива: консолидатор 0,36."
100000006734554100,peripheral,0.6970,30,0.2632,"«периферийный» 0,70: признаки ниже порога. Ближайший — транзит 0,30: после поступлений другим счетам ушло 152% полученного (коридор 80%–120%); всего исходящих 152%: баланс в выгрузке неполон."
100000006735545100,peripheral,0.4643,3,0.0367,"«периферийный» 0,46 (снижено: исходящие не собирались): признаки ниже порога. Ближайший — консолидатор 0,07: разных плательщиков: 1 (порог 7), получено 5 000 ₸."
100000006745291100,peripheral,0.7500,12,0.3514,"«периферийный» 0,75: признаки ниже порога. Ближайший — конечный получатель 0,25: исходящих нет; плательщиков: 1, получено 82 534 ₸: ниже порога накопления."
100000006746688100,peripheral,0.7500,2,0.1269,"«периферийный» 0,75: признаки ниже порога. Ближайший — конечный получатель 0,25: исходящих нет; плательщиков: 1, получено 41 000 ₸: ниже порога накопления."
100000006755850100,peripheral,0.5565,7,0.3926,"«периферийный» 0,56: признаки ниже порога. Ближайший — конечный получатель 0,44: исходящих нет; плательщиков: 1, получено 443 476 ₸: ниже порога накопления."
100000006756956100,peripheral,0.4643,1,0.1872,"«периферийный» 0,46 (снижено: исходящие не собирались): признаки ниже порога. Ближайший — консолидатор 0,07: разных плательщиков: 1 (порог 7), получено 121 200 ₸."
100000006787636100,peripheral,0.7500,55,0.0839,"«периферийный» 0,75: признаки ниже порога. Ближайший — конечный получатель 0,25: исходящих нет; плательщиков: 1, получено 20 000 ₸: ниже порога накопления."
100000006788200100,peripheral,0.7143,9,0.4199,"«периферийный» 0,71: признаки ниже порога. Ближайший — консолидатор 0,29: разных плательщиков: 4 (порог 7), получено 272 156 ₸."
100000006789108100,peripheral,0.7500,12,0.2188,"«периферийный» 0,75: признаки ниже порога. Ближайший — конечный получатель 0,25: исходящих нет; плательщиков: 1, получено 37 500 ₸: ниже порога накопления."
100000006831291100,peripheral,0.9500,54,0.0674,"«периферийный» 0,95: признаки ниже порога. Ближайший — распределитель 0,05: разных получателей: 1 (порог 10), отправлено 15 000 ₸."
100000006844004100,peripheral,0.7500,1,0.0874,"«периферийный» 0,75: признаки ниже порога. Ближайший — конечный получатель 0,25: исходящих нет; плательщиков: 1, получено 20 600 ₸: ниже порога накопления."
100000006844768100,peripheral,0.9000,1,0.2851,"«периферийный» 0,90: признаки ниже порога. Ближайший — распределитель 0,10: разных получателей: 2 (порог 10), отправлено 188 000 ₸."
100000006852430100,peripheral,0.7500,12,0.1213,"«периферийный» 0,75: признаки ниже порога. Ближайший — конечный получатель 0,25: исходящих нет; плательщиков: 1, получено 37 000 ₸: ниже порога накопления."
100000006866783100,distributor,1.0000,1,0.6479,"Гипотеза «распределитель» 1,00: разных получателей: 67 (порог 10), отправлено 3,9 млн ₸. Альтернатива: консолидатор 0,73."
100000006866831100,peripheral,0.4643,3,0.0736,"«периферийный» 0,46 (снижено: исходящие не собирались): признаки ниже порога. Ближайший — консолидатор 0,07: разных плательщиков: 1 (порог 7), получено 16 500 ₸."
100000006882208100,peripheral,0.7500,5,0.1086,"«периферийный» 0,75: признаки ниже порога. Ближайший — конечный получатель 0,25: исходящих нет; плательщиков: 1, получено 18 000 ₸: ниже порога накопления."
100000006888238100,peripheral,0.9286,60,0.1754,"«периферийный» 0,93: признаки ниже порога. Ближайший — консолидатор 0,07: разных плательщиков: 1 (порог 7), получено 18 000 ₸."
100000006889963100,peripheral,0.6667,7,0.6166,"«периферийный» 0,67: признаки ниже порога. Ближайший — координатор 0,33: связей с исходными клиентами: 2 (порог 3); от них 2, к ним 0."
100000006894637100,peripheral,0.7500,1,0.1745,"«периферийный» 0,75: признаки ниже порога. Ближайший — конечный получатель 0,25: исходящих нет; плательщиков: 1, получено 52 831 ₸: ниже порога накопления."
100000006901046100,peripheral,0.4643,5,0.1937,"«периферийный» 0,46 (снижено: поздние поступления): признаки ниже порога. Ближайший — консолидатор 0,07: разных плательщиков: 1 (порог 7), получено 75 800 ₸."
100000006903193100,peripheral,0.4643,1,0.0477,"«периферийный» 0,46 (снижено: исходящие не собирались): признаки ниже порога. Ближайший — консолидатор 0,07: разных плательщиков: 1 (порог 7), получено 9 000 ₸."
100000006912294100,peripheral,0.9000,18,0.1898,"«периферийный» 0,90: признаки ниже порога. Ближайший — распределитель 0,10: разных получателей: 2 (порог 10), отправлено 30 000 ₸."
100000006918814100,peripheral,0.4643,4,0.1139,"«периферийный» 0,46 (снижено: исходящие не собирались): признаки ниже порога. Ближайший — консолидатор 0,07: разных плательщиков: 1 (порог 7), получено 20 000 ₸."
100000006919124100,peripheral,0.3929,1,0.1278,"«периферийный» 0,39: признаки ниже порога. Ближайший — конечный получатель 0,21: исходящих нет; плательщиков: 1, получено 25 000 ₸; окно после 90% суммы — 6 дн. (нужно 7)."
100000006952718100,peripheral,0.7500,5,0.2557,"«периферийный» 0,75: признаки ниже порога. Ближайший — конечный получатель 0,25: исходящих нет; плательщиков: 1, получено 71 489 ₸: ниже порога накопления."
100000006965162100,peripheral,0.7500,29,0.0524,"«периферийный» 0,75: признаки ниже порога. Ближайший — конечный получатель 0,25: исходящих нет; плательщиков: 1, получено 10 000 ₸: ниже порога накопления."
100000006967370100,peripheral,0.7456,16,0.1730,"«периферийный» 0,75: признаки ниже порога. Ближайший — транзит 0,25: после поступлений другим счетам ушло 41% полученного (коридор 80%–120%)."
100000006972210100,coordinator,0.5000,18,0.7675,"Гипотеза «координатор» 0,50: связей с исходными клиентами: 3 (порог 3); от них 3, к ним 0. Альтернатива: конечный получатель 0,29."
100000006977207100,distributor,0.5833,21,0.5211,"Гипотеза «распределитель» 0,58: разных получателей: 15 (порог 10), отправлено 4,2 млн ₸. Альтернатива: консолидатор 0,07."
100000006989106100,peripheral,0.3929,11,0.1838,"«периферийный» 0,39: признаки ниже порога. Ближайший — конечный получатель 0,21: исходящих нет; плательщиков: 1, получено 64 000 ₸; окно после 90% суммы — 6 дн. (нужно 7)."
100000006989232100,peripheral,0.7500,1,0.0901,"«периферийный» 0,75: признаки ниже порога. Ближайший — конечный получатель 0,25: исходящих нет; плательщиков: 1, получено 22 194 ₸: ниже порога накопления."
100000006994985100,peripheral,0.8686,9,0.1893,"«периферийный» 0,87: признаки ниже порога. Ближайший — транзит 0,13: после поступлений другим счетам ушло 21% полученного (коридор 80%–120%)."
100000007005380100,peripheral,0.7500,7,0.0485,"«периферийный» 0,75: признаки ниже порога. Ближайший — конечный получатель 0,25: исходящих нет; плательщиков: 1, получено 9 400 ₸: ниже порога накопления."
100000007018630100,peripheral,0.9500,62,0.2104,"«периферийный» 0,95: признаки ниже порога. Ближайший — распределитель 0,05: разных получателей: 1 (порог 10), отправлено 200 000 ₸."
100000007020162100,peripheral,0.7500,14,0.1683,"«периферийный» 0,75: признаки ниже порога. Ближайший — конечный получатель 0,25: исходящих нет; плательщиков: 1, получено 86 395 ₸: ниже порога накопления."
100000007022818100,peripheral,0.7500,2,0.0756,"«периферийный» 0,75: признаки ниже порога. Ближайший — конечный получатель 0,25: исходящих нет; плательщиков: 1, получено 17 200 ₸: ниже порога накопления."
100000007034089100,peripheral,0.4286,6,0.3081,"«периферийный» 0,43 (снижено: исходящие не собирались): признаки ниже порога. Ближайший — консолидатор 0,14: разных плательщиков: 2 (порог 7), получено 198 000 ₸."
100000007042175100,peripheral,0.4643,1,0.1514,"«периферийный» 0,46 (снижено: исходящие не собирались): признаки ниже порога. Ближайший — консолидатор 0,07: разных плательщиков: 1 (порог 7), получено 60 000 ₸."
100000007055802100,peripheral,0.5714,1,0.4354,"«периферийный» 0,57: признаки ниже порога. Ближайший — консолидатор 0,43: разных плательщиков: 6 (порог 7), получено 2,0 млн ₸."
100000007071852100,peripheral,0.4643,3,0.2084,"«периферийный» 0,46 (снижено: исходящие не собирались): признаки ниже порога. Ближайший — консолидатор 0,07: разных плательщиков: 1 (порог 7), получено 195 000 ₸."
100000007129492100,peripheral,0.5465,12,0.5026,"«периферийный» 0,55: признаки ниже порога. Ближайший — транзит 0,45: после поступлений другим счетам ушло 73% полученного (коридор 80%–120%)."
100000007131370100,peripheral,0.9286,15,0.1514,"«периферийный» 0,93: исходящие = 100% входящих, но это встречные или более ранние переводы — транзит датами не подтверждён."
100000007138613100,peripheral,0.3929,1,0.3563,"«периферийный» 0,39 (снижено: поздние поступления): признаки ниже порога. Ближайший — консолидатор 0,21: разных плательщиков: 3 (порог 7), получено 1,0 млн ₸."
100000007140834100,peripheral,0.7500,9,0.0561,"«периферийный» 0,75: признаки ниже порога. Ближайший — конечный получатель 0,25: исходящих нет; плательщиков: 1, получено 10 200 ₸: ниже порога накопления."
100000007153161100,peripheral,0.4643,1,0.1307,"«периферийный» 0,46 (снижено: исходящие не собирались): признаки ниже порога. Ближайший — консолидатор 0,07: разных плательщиков: 1 (порог 7), получено 44 997 ₸."
100000007170072100,transit,0.6625,3,0.4585,"Гипотеза «транзит» 0,66: после поступлений другим счетам ушло 100% полученного (коридор 80%–120%); операций мало: входящих 1, исходящих 9. Альтернатива: распределитель 0,10."
100000007173936100,peripheral,0.7500,31,0.0524,"«периферийный» 0,75: признаки ниже порога. Ближайший — конечный получатель 0,25: исходящих нет; плательщиков: 1, получено 10 000 ₸: ниже порога накопления."
100000007175718100,peripheral,0.7500,46,0.1806,"«периферийный» 0,75: признаки ниже порога. Ближайший — конечный получатель 0,25: исходящих нет; плательщиков: 1, получено 20 000 ₸: ниже порога накопления."
100000007181706100,terminal,0.5357,4,0.5609,"Гипотеза «конечный получатель» 0,54: исходящих нет; плательщиков: 2, получено 176 272 ₸; окно после 90% суммы — 9 дн.. Альтернатива: координатор 0,17."
100000007197866100,peripheral,0.5312,3,0.1879,"«периферийный» 0,53: признаки ниже порога. Ближайший — транзит 0,47: после поступлений другим счетам ушло 75% полученного (коридор 80%–120%)."
100000007229557100,peripheral,0.3929,22,0.4020,"«периферийный» 0,39 (снижено: короткое окно наблюдения): признаки ниже порога. Ближайший — консолидатор 0,21: разных плательщиков: 3 (порог 7), получено 878 000 ₸."
100000007242833100,peripheral,0.7384,17,0.2662,"«периферийный» 0,74: признаки ниже порога. Ближайший — транзит 0,26: после поступлений другим счетам ушло 42% полученного (коридор 80%–120%)."
100000007267915100,peripheral,0.7024,16,0.1628,"«периферийный» 0,70: признаки ниже порога. Ближайший — транзит 0,30: после поступлений другим счетам ушло 48% полученного (коридор 80%–120%)."
100000007274584100,peripheral,0.4107,4,0.2796,"«периферийный» 0,41: признаки ниже порога. Ближайший — конечный получатель 0,18: исходящих нет; плательщиков: 1, получено 38 000 ₸; окно после 90% суммы — 5 дн. (нужно 7)."
100000007281639100,peripheral,0.4167,5,0.3795,"«периферийный» 0,42 (снижено: короткое окно наблюдения): признаки ниже порога. Ближайший — координатор 0,17: связей с исходными клиентами: 1 (порог 3); от них 1, к ним 0."
100000007283257100,peripheral,0.4167,67,0.3045,"«периферийный» 0,42 (снижено: короткое окно наблюдения): признаки ниже порога. Ближайший — координатор 0,17: связей с исходными клиентами: 1 (порог 3); от них 1, к ним 0."
100000007289427100,peripheral,0.7500,4,0.0600,"«периферийный» 0,75: признаки ниже порога. Ближайший — конечный получатель 0,25: исходящих нет; плательщиков: 1, получено 12 300 ₸: ниже порога накопления."
100000007303047100,peripheral,0.4464,2,0.1741,"«периферийный» 0,45: признаки ниже порога. Ближайший — конечный получатель 0,11: исходящих нет; плательщиков: 1, получено 52 250 ₸; окно после 90% суммы — 3 дн. (нужно 7)."
100000007311010100,peripheral,0.8333,4,0.3733,"«периферийный» 0,83: признаки ниже порога. Ближайший — координатор 0,17: связей с исходными клиентами: 1 (порог 3); от них 1, к ним 0."
100000007322059100,peripheral,0.5151,4,0.1825,"«периферийный» 0,52: признаки ниже порога. Ближайший — транзит 0,48: после поступлений другим счетам ушло 78% полученного (коридор 80%–120%)."
100000007330432100,peripheral,0.4643,72,0.2531,"«периферийный» 0,46 (снижено: исходящие не собирались): признаки ниже порога. Ближайший — консолидатор 0,07: разных плательщиков: 1 (порог 7), получено 584 900 ₸."
100000007333038100,peripheral,0.9000,10,0.1947,"«периферийный» 0,90: признаки ниже порога. Ближайший — распределитель 0,10: разных получателей: 2 (порог 10), отправлено 34 994 ₸."
100000007334196100,peripheral,0.7500,12,0.3228,"«периферийный» 0,75: признаки ниже порога. Ближайший — конечный получатель 0,25: исходящих нет; плательщиков: 1, получено 150 002 ₸: ниже порога накопления."
100000007337374100,peripheral,0.4286,2,0.1139,"«периферийный» 0,43: признаки ниже порога. Ближайший — конечный получатель 0,14: исходящих нет; плательщиков: 1, получено 20 000 ₸; окно после 90% суммы — 4 дн. (нужно 7)."
100000007347733100,peripheral,0.4167,54,0.1884,"«периферийный» 0,42 (снижено: короткое окно наблюдения): признаки ниже порога. Ближайший — координатор 0,17: связей с исходными клиентами: 1 (порог 3); от них 1, к ним 0."
100000007357489100,peripheral,0.4286,6,0.2999,"«периферийный» 0,43 (снижено: исходящие не собирались): признаки ниже порога. Ближайший — консолидатор 0,14: разных плательщиков: 2 (порог 7), получено 164 500 ₸."
100000007381662100,peripheral,0.4643,1,0.0873,"«периферийный» 0,46 (снижено: исходящие не собирались): признаки ниже порога. Ближайший — консолидатор 0,07: разных плательщиков: 1 (порог 7), получено 11 000 ₸."
100000007382152100,peripheral,0.4643,1,0.0710,"«периферийный» 0,46 (снижено: короткое окно наблюдения): признаки ниже порога. Ближайший — консолидатор 0,07: разных плательщиков: 1 (порог 7), получено 5 860 ₸."
100000007382543100,peripheral,0.7500,29,0.3464,"«периферийный» 0,75: признаки ниже порога. Ближайший — распределитель 0,25: разных получателей: 5 (порог 10), отправлено 427 000 ₸."
100000007390016100,peripheral,0.9286,73,0.2914,"«периферийный» 0,93: признаки ниже порога. Ближайший — консолидатор 0,07: разных плательщиков: 1 (порог 7), получено 511 000 ₸."
100000007392365100,peripheral,0.7000,41,0.3649,"«периферийный» 0,70: признаки ниже порога. Ближайший — распределитель 0,30: разных получателей: 6 (порог 10), отправлено 1,8 млн ₸."
100000007442518100,peripheral,0.5500,31,0.4729,"«периферийный» 0,55: признаки ниже порога. Ближайший — распределитель 0,45: разных получателей: 9 (порог 10), отправлено 4,4 млн ₸."
100000007472293100,peripheral,0.8500,48,0.3493,"«периферийный» 0,85: признаки ниже порога. Ближайший — распределитель 0,15: разных получателей: 3 (порог 10), отправлено 345 900 ₸."
100000007484343100,terminal,0.7500,1,0.3676,"Гипотеза «конечный получатель» 0,75: исходящих нет; плательщиков: 2, получено 26 757 ₸; окно после 90% суммы — 21 дн.. Альтернатива: консолидатор 0,14."
100000007487729100,peripheral,0.7500,3,0.0978,"«периферийный» 0,75: признаки ниже порога. Ближайший — конечный получатель 0,25: исходящих нет; плательщиков: 1, получено 25 000 ₸: ниже порога накопления."
100000007507343100,peripheral,0.6300,53,0.3324,"«периферийный» 0,63: признаки ниже порога. Ближайший — конечный получатель 0,37: исходящих нет; плательщиков: 1, получено 370 000 ₸: ниже порога накопления."
100000007510567100,peripheral,0.4643,8,0.1435,"«периферийный» 0,46 (снижено: исходящие не собирались): признаки ниже порога. Ближайший — консолидатор 0,07: разных плательщиков: 1 (порог 7), получено 52 000 ₸."
100000007510875100,peripheral,0.7500,18,0.0367,"«периферийный» 0,75: признаки ниже порога. Ближайший — конечный получатель 0,25: исходящих нет; плательщиков: 1, получено 5 000 ₸: ниже порога накопления."
100000007511163100,peripheral,0.6667,5,0.4129,"«периферийный» 0,67: признаки ниже порога. Ближайший — координатор 0,33: связей с исходными клиентами: 2 (порог 3); от них 1, к ним 1."
100000007511780100,peripheral,0.4643,33,0.1982,"«периферийный» 0,46 (снижено: исходящие не собирались): признаки ниже порога. Ближайший — консолидатор 0,07: разных плательщиков: 1 (порог 7), получено 155 000 ₸."
100000007534354100,peripheral,0.8500,10,0.2646,"«периферийный» 0,85: признаки ниже порога. Ближайший — распределитель 0,15: разных получателей: 3 (порог 10), отправлено 147 810 ₸."
100000007536804100,peripheral,0.6562,11,0.3451,"«периферийный» 0,66: признаки ниже порога. Ближайший — транзит 0,34: после поступлений другим счетам ушло 55% полученного (коридор 80%–120%)."
100000007539296100,peripheral,0.4643,7,0.1328,"«периферийный» 0,46 (снижено: исходящие не собирались): признаки ниже порога. Ближайший — консолидатор 0,07: разных плательщиков: 1 (порог 7), получено 46 000 ₸."
100000007544358100,transit,0.6912,5,0.6106,"Гипотеза «транзит» 0,69: после поступлений другим счетам ушло 109% полученного (коридор 80%–120%); операций мало: входящих 2, исходящих 3. Альтернатива: координатор 0,17."
100000007591246100,peripheral,0.9286,13,0.2589,"«периферийный» 0,93: признаки ниже порога. Ближайший — консолидатор 0,07: разных плательщиков: 1 (порог 7), получено 12 190 ₸."
100000007593823100,distributor,0.5500,1,0.4965,"Гипотеза «распределитель» 0,55: разных получателей: 13 (порог 10), отправлено 162 900 ₸. Альтернатива: консолидатор 0,21."
100000007594394100,peripheral,0.5714,19,0.3704,"«периферийный» 0,57: признаки ниже порога. Ближайший — консолидатор 0,43: разных плательщиков: 6 (порог 7), получено 395 385 ₸."
100000007597382100,peripheral,0.7500,7,0.1011,"«периферийный» 0,75: признаки ниже порога. Ближайший — конечный получатель 0,25: исходящих нет; плательщиков: 1, получено 15 700 ₸: ниже порога накопления."
100000007617808100,peripheral,0.5500,5,0.2438,"«периферийный» 0,55: признаки ниже порога. Ближайший — конечный получатель 0,45: исходящих нет; плательщиков: 1, получено 450 000 ₸: ниже порога накопления."
100000007618425100,peripheral,0.7500,16,0.1241,"«периферийный» 0,75: признаки ниже порога. Ближайший — конечный получатель 0,25: исходящих нет; плательщиков: 1, получено 39 348 ₸: ниже порога накопления."
100000007629096100,peripheral,0.5552,33,0.3596,"«периферийный» 0,56: признаки ниже порога. Ближайший — транзит 0,44: после поступлений другим счетам ушло 71% полученного (коридор 80%–120%)."
100000007629121100,peripheral,0.7500,4,0.1070,"«периферийный» 0,75: признаки ниже порога. Ближайший — конечный получатель 0,25: исходящих нет; плательщиков: 1, получено 29 000 ₸: ниже порога накопления."
100000007631637100,peripheral,0.7500,2,0.1660,"«периферийный» 0,75: признаки ниже порога. Ближайший — конечный получатель 0,25: исходящих нет; плательщиков: 1, получено 15 341 ₸: ниже порога накопления."
100000007639767100,distributor,0.5000,33,0.6404,"Гипотеза «распределитель» 0,50: разных получателей: 10 (порог 10), отправлено 822 244 ₸. Альтернатива: координатор 0,33."
100000007641183100,peripheral,0.7500,5,0.2018,"«периферийный» 0,75: признаки ниже порога. Ближайший — конечный получатель 0,25: исходящих нет; плательщиков: 1, получено 28 000 ₸: ниже порога накопления."
100000007641801100,peripheral,0.7500,11,0.3071,"«периферийный» 0,75: признаки ниже порога. Ближайший — конечный получатель 0,25: исходящих нет; плательщиков: 1, получено 200 000 ₸: ниже порога накопления."
100000007647294100,peripheral,0.6150,35,0.2374,"«периферийный» 0,61: признаки ниже порога. Ближайший — конечный получатель 0,39: исходящих нет; плательщиков: 1, получено 385 000 ₸: ниже порога накопления."
100000007648946100,peripheral,0.5492,13,0.2664,"«периферийный» 0,55: признаки ниже порога. Ближайший — транзит 0,45: после поступлений другим счетам ушло 128% полученного (коридор 80%–120%); всего исходящих 128%: баланс в выгрузке неполон."
100000007653003100,peripheral,0.7500,16,0.1777,"«периферийный» 0,75: признаки ниже порога. Ближайший — конечный получатель 0,25: исходящих нет; плательщиков: 1, получено 100 000 ₸: ниже порога накопления."
100000007653094100,peripheral,0.4643,13,0.0722,"«периферийный» 0,46 (снижено: исходящие не собирались): признаки ниже порога. Ближайший — консолидатор 0,07: разных плательщиков: 1 (порог 7), получено 16 000 ₸."
100000007689942100,peripheral,0.9000,19,0.1791,"«периферийный» 0,90: признаки ниже порога. Ближайший — распределитель 0,10: разных получателей: 2 (порог 10), отправлено 25 000 ₸."
100000007731977100,peripheral,0.4643,1,0.1398,"«периферийный» 0,46 (снижено: исходящие не собирались): признаки ниже порога. Ближайший — консолидатор 0,07: разных плательщиков: 1 (порог 7), получено 50 000 ₸."
100000007737775100,peripheral,0.7500,12,0.0416,"«периферийный» 0,75: признаки ниже порога. Ближайший — конечный получатель 0,25: исходящих нет; плательщиков: 1, получено 6 000 ₸: ниже порога накопления."
100000007745062100,peripheral,0.4643,17,0.1777,"«периферийный» 0,46 (снижено: исходящие не собирались): признаки ниже порога. Ближайший — консолидатор 0,07: разных плательщиков: 1 (порог 7), получено 100 000 ₸."
100000007747786100,distributor,0.8500,11,0.6016,"Гипотеза «распределитель» 0,85: разных получателей: 31 (порог 10), отправлено 4,2 млн ₸. Альтернатива: периферийный 0,15."
100000007749092100,peripheral,0.9286,5,0.1623,"«периферийный» 0,93: признаки ниже порога. Ближайший — консолидатор 0,07: разных плательщиков: 1 (порог 7), получено 7 650 ₸."
100000007749747100,peripheral,0.4643,6,0.1398,"«периферийный» 0,46 (снижено: исходящие не собирались): признаки ниже порога. Ближайший — консолидатор 0,07: разных плательщиков: 1 (порог 7), получено 50 000 ₸."
100000007754369100,peripheral,0.7500,1,0.1646,"«периферийный» 0,75: признаки ниже порога. Ближайший — конечный получатель 0,25: исходящих нет; плательщиков: 1, получено 82 424 ₸: ниже порога накопления."
100000007777377100,peripheral,0.5437,5,0.3560,"«периферийный» 0,54: признаки ниже порога. Ближайший — конечный получатель 0,46: исходящие — 2% наблюдаемых входящих; плательщиков: 1, получено 456 290 ₸: ниже порога накопления."
100000007793871100,peripheral,0.3929,8,0.1006,"«периферийный» 0,39: признаки ниже порога. Ближайший — конечный получатель 0,21: исходящих нет; плательщиков: 1, получено 26 000 ₸; окно после 90% суммы — 6 дн. (нужно 7)."
100000007797290100,peripheral,0.7500,1,0.2560,"«периферийный» 0,75: признаки ниже порога. Ближайший — конечный получатель 0,25: исходящие — 20% наблюдаемых входящих; плательщиков: 1, получено 100 000 ₸: ниже порога накопления."
100000007811950100,peripheral,0.4643,27,0.1398,"«периферийный» 0,46 (снижено: исходящие не собирались): признаки ниже порога. Ближайший — консолидатор 0,07: разных плательщиков: 1 (порог 7), получено 50 000 ₸."
100000007841978100,peripheral,0.4643,7,0.2732,"«периферийный» 0,46 (снижено: исходящие не собирались): признаки ниже порога. Ближайший — консолидатор 0,07: разных плательщиков: 1 (порог 7), получено 449 000 ₸."
100000007861311100,peripheral,0.7500,11,0.1615,"«периферийный» 0,75: признаки ниже порога. Ближайший — конечный получатель 0,25: исходящих нет; плательщиков: 1, получено 45 000 ₸: ниже порога накопления."
100000007863304100,peripheral,0.7500,7,0.0978,"«периферийный» 0,75: признаки ниже порога. Ближайший — конечный получатель 0,25: исходящих нет; плательщиков: 1, получено 25 000 ₸: ниже порога накопления."
100000007864477100,peripheral,0.7000,1,0.3534,"«периферийный» 0,70: признаки ниже порога. Ближайший — распределитель 0,30: разных получателей: 6 (порог 10), отправлено 203 500 ₸."
100000007865484100,peripheral,0.4643,41,0.2530,"«периферийный» 0,46 (снижено: исходящие не собирались): признаки ниже порога. Ближайший — консолидатор 0,07: разных плательщиков: 1 (порог 7), получено 584 600 ₸."
100000007867364100,peripheral,0.4643,19,0.1278,"«периферийный» 0,46 (снижено: исходящие не собирались): признаки ниже порога. Ближайший — консолидатор 0,07: разных плательщиков: 1 (порог 7), получено 41 852 ₸."
100000007898453100,peripheral,0.9000,4,0.2715,"«периферийный» 0,90: признаки ниже порога. Ближайший — распределитель 0,10: разных получателей: 2 (порог 10), отправлено 320 000 ₸."
100000007908818100,peripheral,0.6667,3,0.6126,"«периферийный» 0,67: признаки ниже порога. Ближайший — координатор 0,33: связей с исходными клиентами: 2 (порог 3); от них 2, к ним 0."
100000007930878100,peripheral,0.7500,44,0.0367,"«периферийный» 0,75: признаки ниже порога. Ближайший — конечный получатель 0,25: исходящих нет; плательщиков: 1, получено 5 000 ₸: ниже порога накопления."
100000007938486100,peripheral,0.7500,2,0.2210,"«периферийный» 0,75: признаки ниже порога. Ближайший — конечный получатель 0,25: исходящих нет; плательщиков: 1, получено 39 500 ₸: ниже порога накопления."
100000007939160100,terminal,0.5447,44,0.5594,"Гипотеза «конечный получатель» 0,54: исходящие — 2% наблюдаемых входящих; плательщиков: 1, получено 795 000 ₸; окно после 90% суммы — 7 дн.. Альтернатива: координатор 0,17."
100000007953156100,peripheral,0.6528,14,0.1744,"«периферийный» 0,65: признаки ниже порога. Ближайший — транзит 0,35: после поступлений другим счетам ушло 56% полученного (коридор 80%–120%)."
100000007960337100,peripheral,0.4643,3,0.1497,"«периферийный» 0,46 (снижено: исходящие не собирались): признаки ниже порога. Ближайший — консолидатор 0,07: разных плательщиков: 1 (порог 7), получено 35 500 ₸."
100000007982728100,peripheral,0.6000,9,0.4030,"«периферийный» 0,60: признаки ниже порога. Ближайший — распределитель 0,40: разных получателей: 8 (порог 10), отправлено 1,8 млн ₸."
100000007982908100,peripheral,0.7500,2,0.1430,"«периферийный» 0,75: признаки ниже порога. Ближайший — конечный получатель 0,25: исходящих нет; плательщиков: 1, получено 31 080 ₸: ниже порога накопления."
100000007988344100,peripheral,0.4643,1,0.0839,"«периферийный» 0,46 (снижено: исходящие не собирались): признаки ниже порога. Ближайший — консолидатор 0,07: разных плательщиков: 1 (порог 7), получено 20 000 ₸."
100000007997939100,peripheral,0.4643,6,0.0616,"«периферийный» 0,46 (снижено: исходящие не собирались): признаки ниже порога. Ближайший — консолидатор 0,07: разных плательщиков: 1 (порог 7), получено 13 000 ₸."
100000007998965100,terminal,0.5000,8,0.4393,"Гипотеза «конечный получатель» 0,50: исходящие — 9% наблюдаемых входящих; плательщиков: 5, получено 278 000 ₸; окно после 90% суммы — 7 дн.. Альтернатива: консолидатор 0,36."
100000007999728100,peripheral,0.7500,14,0.0922,"«периферийный» 0,75: признаки ниже порога. Ближайший — конечный получатель 0,25: исходящих нет; плательщиков: 1, получено 23 250 ₸: ниже порога накопления."
100000008002020100,peripheral,0.8333,17,0.3076,"«периферийный» 0,83: признаки ниже порога. Ближайший — координатор 0,17: связей с исходными клиентами: 1 (порог 3); от них 1, к ним 0."
100000008003034100,peripheral,0.8000,13,0.3498,"«периферийный» 0,80: признаки ниже порога. Ближайший — распределитель 0,20: разных получателей: 4 (порог 10), отправлено 135 000 ₸."
100000008008463100,peripheral,0.4464,9,0.1767,"«периферийный» 0,45: признаки ниже порога. Ближайший — конечный получатель 0,11: исходящих нет; плательщиков: 1, получено 54 180 ₸; окно после 90% суммы — 3 дн. (нужно 7)."
100000008011159100,peripheral,0.7500,42,0.3418,"«периферийный» 0,75: признаки ниже порога. Ближайший — распределитель 0,25: разных получателей: 5 (порог 10), отправлено 153 037 ₸."
100000008011573100,peripheral,0.7500,16,0.0674,"«периферийный» 0,75: признаки ниже порога. Ближайший — конечный получатель 0,25: исходящих нет; плательщиков: 1, получено 15 000 ₸: ниже порога накопления."
100000008027922100,peripheral,0.4643,24,0.1578,"«периферийный» 0,46 (снижено: исходящие не собирались): признаки ниже порога. Ближайший — консолидатор 0,07: разных плательщиков: 1 (порог 7), получено 70 000 ₸."
100000008028628100,peripheral,0.7500,2,0.2456,"«периферийный» 0,75: признаки ниже порога. Ближайший — конечный получатель 0,25: исходящих нет; плательщиков: 1, получено 57 224 ₸: ниже порога накопления."
100000008029279100,peripheral,0.7500,3,0.1043,"«периферийный» 0,75: признаки ниже порога. Ближайший — конечный получатель 0,25: исходящих нет; плательщиков: 1, получено 17 000 ₸: ниже порога накопления."
100000008038077100,peripheral,0.5001,7,0.2784,"«периферийный» 0,50: признаки ниже порога. Ближайший — конечный получатель 0,49: исходящих нет; плательщиков: 1, получено 499 850 ₸: ниже порога накопления."
100000008042075100,peripheral,0.7500,25,0.0367,"«периферийный» 0,75: признаки ниже порога. Ближайший — конечный получатель 0,25: исходящих нет; плательщиков: 1, получено 5 000 ₸: ниже порога накопления."
100000008043184100,peripheral,0.7500,16,0.1720,"«периферийный» 0,75: признаки ниже порога. Ближайший — конечный получатель 0,25: исходящих нет; плательщиков: 1, получено 50 564 ₸: ниже порога накопления."
100000008050986100,peripheral,0.4643,7,0.1744,"«периферийный» 0,46 (снижено: исходящие не собирались): признаки ниже порога. Ближайший — консолидатор 0,07: разных плательщиков: 1 (порог 7), получено 95 000 ₸."
100000008055972100,peripheral,0.7500,2,0.1056,"«периферийный» 0,75: признаки ниже порога. Ближайший — конечный получатель 0,25: исходящих нет; плательщиков: 1, получено 28 300 ₸: ниже порога накопления."
100000008060273100,peripheral,0.4464,3,0.2024,"«периферийный» 0,45: признаки ниже порога. Ближайший — конечный получатель 0,11: исходящих нет; плательщиков: 1, получено 10 000 ₸; окно после 90% суммы — 3 дн. (нужно 7)."
100000008066326100,peripheral,0.7500,1,0.1775,"«периферийный» 0,75: признаки ниже порога. Ближайший — конечный получатель 0,25: исходящих нет; плательщиков: 1, получено 19 320 ₸: ниже порога накопления."
100000008070101100,peripheral,0.4643,6,0.2377,"«периферийный» 0,46 (снижено: короткое окно наблюдения): признаки ниже порога. Ближайший — консолидатор 0,07: разных плательщиков: 1 (порог 7), получено 100 000 ₸."
100000008071620100,peripheral,0.7500,1,0.2306,"«периферийный» 0,75: признаки ниже порога. Ближайший — конечный получатель 0,25: исходящих нет; плательщиков: 1, получено 46 968 ₸: ниже порога накопления."
100000008071749100,peripheral,0.4643,8,0.0963,"«периферийный» 0,46 (снижено: исходящие не собирались): признаки ниже порога. Ближайший — консолидатор 0,07: разных плательщиков: 1 (порог 7), получено 24 943 ₸."
100000008074304100,peripheral,0.4643,7,0.0402,"«периферийный» 0,46 (снижено: исходящие не собирались): признаки ниже порога. Ближайший — консолидатор 0,07: разных плательщиков: 1 (порог 7), получено 5 500 ₸."
100000008077552100,peripheral,0.7500,3,0.2428,"«периферийный» 0,75: признаки ниже порога. Ближайший — конечный получатель 0,25: исходящих нет; плательщиков: 1, получено 214 000 ₸: ниже порога накопления."
100000008086440100,peripheral,0.7500,1,0.3238,"«периферийный» 0,75: признаки ниже порога. Ближайший — распределитель 0,25: разных получателей: 5 (порог 10), отправлено 161 300 ₸."
100000008088082100,peripheral,0.5485,13,0.2090,"«периферийный» 0,55: признаки ниже порога. Ближайший — транзит 0,45: после поступлений другим счетам ушло 128% полученного (коридор 80%–120%); всего исходящих 128%: баланс в выгрузке неполон."
100000008094734100,terminal,0.5714,1,0.6382,"Гипотеза «конечный получатель» 0,57: исходящих нет; плательщиков: 4, получено 236 249 ₸; окно после 90% суммы — 11 дн.. Альтернатива: координатор 0,33."
100000008097580100,peripheral,0.4286,3,0.1839,"«периферийный» 0,43 (снижено: короткое окно наблюдения): признаки ниже порога. Ближайший — консолидатор 0,14: разных плательщиков: 2 (порог 7), получено 32 000 ₸."
100000008104567100,peripheral,0.5331,8,0.3003,"«периферийный» 0,53: признаки ниже порога. Ближайший — транзит 0,47: после поступлений другим счетам ушло 75% полученного (коридор 80%–120%)."
100000008106997100,peripheral,0.6383,1,0.2290,"«периферийный» 0,64: признаки ниже порога. Ближайший — транзит 0,36: после поступлений другим счетам ушло 58% полученного (коридор 80%–120%)."
100000008111003100,terminal,0.5230,1,0.4691,"Гипотеза «конечный получатель» 0,52: исходящие — 16% наблюдаемых входящих; плательщиков: 6, получено 222 716 ₸; окно после 90% суммы — 13 дн.. Альтернатива: консолидатор 0,43."
100000008116374100,peripheral,0.7500,5,0.2101,"«периферийный» 0,75: признаки ниже порога. Ближайший — конечный получатель 0,25: исходящих нет; плательщиков: 1, получено 31 284 ₸: ниже порога накопления."
100000008117324100,peripheral,0.0000,88,0.0000,"«периферийный» 0,00: в выгрузке нет переводов счёта, роль не оценивается."
100000008121806100,peripheral,0.8000,3,0.2884,"«периферийный» 0,80: признаки ниже порога. Ближайший — распределитель 0,20: разных получателей: 4 (порог 10), отправлено 248 509 ₸."
100000008129393100,peripheral,0.4167,54,0.1491,"«периферийный» 0,42 (снижено: короткое окно наблюдения): признаки ниже порога. Ближайший — координатор 0,17: связей с исходными клиентами: 1 (порог 3); от них 1, к ним 0."
100000008130868100,peripheral,0.4643,10,0.0908,"«периферийный» 0,46 (снижено: исходящие не собирались): признаки ниже порога. Ближайший — консолидатор 0,07: разных плательщиков: 1 (порог 7), получено 22 782 ₸."
100000008136608100,peripheral,0.4643,8,0.2032,"«периферийный» 0,46 (снижено: исходящие не собирались): признаки ниже порога. Ближайший — консолидатор 0,07: разных плательщиков: 1 (порог 7), получено 170 000 ₸."
100000008137435100,peripheral,0.7000,24,0.4305,"«периферийный» 0,70: признаки ниже порога. Ближайший — распределитель 0,30: разных получателей: 6 (порог 10), отправлено 1,4 млн ₸."
100000008141170100,peripheral,0.7500,5,0.0573,"«периферийный» 0,75: признаки ниже порога. Ближайший — конечный получатель 0,25: исходящих нет; плательщиков: 1, получено 11 000 ₸: ниже порога накопления."
100000008144528100,terminal,0.7554,5,0.5816,"Гипотеза «конечный получатель» 0,76: исходящих нет; плательщиков: 5, получено 1,1 млн ₸; окно после 90% суммы — 16 дн.. Альтернатива: консолидатор 0,36."
100000008151098100,peripheral,0.4643,28,0.1098,"«периферийный» 0,46 (снижено: исходящие не собирались): признаки ниже порога. Ближайший — консолидатор 0,07: разных плательщиков: 1 (порог 7), получено 30 000 ₸."
100000008165763100,consolidator,0.8077,3,0.7124,"Гипотеза «консолидатор» 0,81: разных плательщиков: 15 (порог 7), получено 1,2 млн ₸. Альтернатива: транзит 0,78."
100000008168850100,peripheral,0.4643,7,0.2066,"«периферийный» 0,46 (снижено: исходящие не собирались): признаки ниже порога. Ближайший — консолидатор 0,07: разных плательщиков: 1 (порог 7), получено 187 910 ₸."
100000008169544100,peripheral,0.6667,5,0.4239,"«периферийный» 0,67: признаки ниже порога. Ближайший — координатор 0,33: связей с исходными клиентами: 2 (порог 3); от них 1, к ним 2."
100000008172352100,peripheral,0.6500,4,0.3973,"«периферийный» 0,65: признаки ниже порога. Ближайший — распределитель 0,35: разных получателей: 7 (порог 10), отправлено 289 510 ₸."
100000008172721100,peripheral,0.4643,3,0.2024,"«периферийный» 0,46 (снижено: исходящие не собирались): признаки ниже порога. Ближайший — консолидатор 0,07: разных плательщиков: 1 (порог 7), получено 168 335 ₸."
100000008173359100,peripheral,0.7500,5,0.1391,"«периферийный» 0,75: признаки ниже порога. Ближайший — конечный получатель 0,25: исходящих нет; плательщиков: 1, получено 6 110 ₸: ниже порога накопления."
100000008174521100,peripheral,0.3929,5,0.1945,"«периферийный» 0,39: признаки ниже порога. Ближайший — конечный получатель 0,21: исходящих нет; плательщиков: 1, получено 82 110 ₸; окно после 90% суммы — 6 дн. (нужно 7)."
100000008175078100,peripheral,0.4643,36,0.2739,"«периферийный» 0,46 (снижено: исходящие не собирались): признаки ниже порога. Ближайший — консолидатор 0,07: разных плательщиков: 1 (порог 7), получено 1,8 млн ₸."
100000008183752100,peripheral,0.4643,22,0.1915,"«периферийный» 0,46 (снижено: исходящие не собирались): признаки ниже порога. Ближайший — консолидатор 0,07: разных плательщиков: 1 (порог 7), получено 140 000 ₸."
100000008188026100,peripheral,0.8000,15,0.3984,"«периферийный» 0,80: признаки ниже порога. Ближайший — распределитель 0,20: разных получателей: 4 (порог 10), отправлено 337 983 ₸."
100000008190411100,peripheral,0.4643,52,0.2090,"«периферийный» 0,46 (снижено: исходящие не собирались): признаки ниже порога. Ближайший — консолидатор 0,07: разных плательщиков: 1 (порог 7), получено 198 450 ₸."
100000008190442100,peripheral,0.7500,2,0.0616,"«периферийный» 0,75: признаки ниже порога. Ближайший — конечный получатель 0,25: исходящих нет; плательщиков: 1, получено 13 000 ₸: ниже порога накопления."
100000008192264100,transit,0.5382,7,0.4641,"Гипотеза «транзит» 0,54: после поступлений другим счетам ушло 101% полученного (коридор 80%–120%); всего исходящих 115%; операций мало: входящих 1, исходящих 2. Альтернатива: консолидатор 0,07."
100000008193258100,peripheral,0.7500,16,0.2499,"«периферийный» 0,75: признаки ниже порога. Ближайший — транзит 0,25: после поступлений другим счетам ушло 40% полученного (коридор 80%–120%)."
100000008193577100,peripheral,0.7500,43,0.4111,"«периферийный» 0,75: признаки ниже порога. Ближайший — распределитель 0,25: разных получателей: 5 (порог 10), отправлено 480 180 ₸."
100000008200810100,peripheral,0.5250,10,0.2461,"«периферийный» 0,53: признаки ниже порога. Ближайший — конечный получатель 0,47: исходящих нет; плательщиков: 1, получено 475 000 ₸: ниже порога накопления."
100000008205000100,peripheral,0.0000,89,0.0000,"«периферийный» 0,00: в выгрузке нет переводов счёта, роль не оценивается."
100000008205937100,peripheral,0.4107,13,0.2086,"«периферийный» 0,41: признаки ниже порога. Ближайший — конечный получатель 0,18: исходящих нет; плательщиков: 1, получено 35 000 ₸; окно после 90% суммы — 5 дн. (нужно 7)."
100000008213966100,peripheral,0.7857,29,0.3053,"«периферийный» 0,79: признаки ниже порога. Ближайший — консолидатор 0,21: разных плательщиков: 3 (порог 7), получено 187 004 ₸."
100000008219168100,peripheral,0.3929,11,0.2422,"«периферийный» 0,39: признаки ниже порога. Ближайший — конечный получатель 0,21: исходящих нет; плательщиков: 1, получено 53 200 ₸; окно после 90% суммы — 6 дн. (нужно 7)."
100000008221543100,terminal,0.7034,16,0.5983,"Гипотеза «конечный получатель» 0,70: исходящих нет; плательщиков: 2, получено 542 000 ₸; окно после 90% суммы — 18 дн.. Альтернатива: координатор 0,17."
100000008221765100,peripheral,0.4643,7,0.1988,"«периферийный» 0,46 (снижено: исходящие не собирались): признаки ниже порога. Ближайший — консолидатор 0,07: разных плательщиков: 1 (порог 7), получено 156 354 ₸."
100000008223661100,peripheral,0.7500,6,0.3740,"«периферийный» 0,75: признаки ниже порога. Ближайший — распределитель 0,25: разных получателей: 5 (порог 10), отправлено 262 580 ₸."
100000008223756100,terminal,0.5893,3,0.4769,"Гипотеза «конечный получатель» 0,59: исходящих нет; плательщиков: 2, получено 331 682 ₸; окно после 90% суммы — 12 дн.. Альтернатива: консолидатор 0,14."
100000008229700100,peripheral,0.8085,17,0.2481,"«периферийный» 0,81: признаки ниже порога. Ближайший — транзит 0,19: после поступлений другим счетам ушло 31% полученного (коридор 80%–120%)."
100000008232832100,peripheral,0.8333,40,0.4420,"«периферийный» 0,83: признаки ниже порога. Ближайший — координатор 0,17: связей с исходными клиентами: 1 (порог 3); от них 1, к ним 0."
100000008237827100,peripheral,0.7500,4,0.2227,"«периферийный» 0,75: признаки ниже порога. Ближайший — конечный получатель 0,25: исходящих нет; плательщиков: 1, получено 40 001 ₸: ниже порога накопления."
100000008238112100,peripheral,0.7500,7,0.2372,"«периферийный» 0,75: признаки ниже порога. Ближайший — конечный получатель 0,25: исходящих нет; плательщиков: 1, получено 190 000 ₸: ниже порога накопления."
100000008238989100,peripheral,0.7500,24,0.2104,"«периферийный» 0,75: признаки ниже порога. Ближайший — конечный получатель 0,25: исходящих нет; плательщиков: 1, получено 200 000 ₸: ниже порога накопления."
100000008244300100,terminal,0.6071,1,0.4929,"Гипотеза «конечный получатель» 0,61: исходящих нет; плательщиков: 5, получено 65 430 ₸; окно после 90% суммы — 13 дн.. Альтернатива: консолидатор 0,36."
100000008251939100,peripheral,0.4643,8,0.1297,"«периферийный» 0,46 (снижено: исходящие не собирались): признаки ниже порога. Ближайший — консолидатор 0,07: разных плательщиков: 1 (порог 7), получено 44 360 ₸."
100000008254069100,peripheral,0.6667,20,0.3779,"«периферийный» 0,67: признаки ниже порога. Ближайший — координатор 0,33: связей с исходными клиентами: 2 (порог 3); от них 0, к ним 2."
100000008254576100,peripheral,0.9286,35,0.2260,"«периферийный» 0,93: признаки ниже порога. Ближайший — консолидатор 0,07: разных плательщиков: 1 (порог 7), получено 8 000 ₸."
100000008255655100,peripheral,0.4643,16,0.0396,"«периферийный» 0,46 (снижено: исходящие не собирались): признаки ниже порога. Ближайший — консолидатор 0,07: разных плательщиков: 1 (порог 7), получено 5 400 ₸."
100000008258083100,peripheral,0.8571,31,0.3918,"«периферийный» 0,86: признаки ниже порога. Ближайший — консолидатор 0,14: разных плательщиков: 2 (порог 7), получено 3,1 млн ₸."
100000008258458100,peripheral,0.9000,66,0.3221,"«периферийный» 0,90: признаки ниже порога. Ближайший — распределитель 0,10: разных получателей: 2 (порог 10), отправлено 1,6 млн ₸."
100000008259451100,peripheral,0.7500,14,0.1476,"«периферийный» 0,75: признаки ниже порога. Ближайший — конечный получатель 0,25: исходящих нет; плательщиков: 1, получено 55 000 ₸: ниже порога накопления."
100000008279405100,peripheral,0.4643,3,0.2470,"«периферийный» 0,46 (снижено: короткое окно наблюдения): признаки ниже порога. Ближайший — консолидатор 0,07: разных плательщиков: 1 (порог 7), получено 234 738 ₸."
100000008283183100,peripheral,0.7500,2,0.1370,"«периферийный» 0,75: признаки ниже порога. Ближайший — конечный получатель 0,25: исходящих нет; плательщиков: 1, получено 29 000 ₸: ниже порога накопления."
100000008289539100,peripheral,0.4643,15,0.1259,"«периферийный» 0,46 (снижено: короткое окно наблюдения): признаки ниже порога. Ближайший — консолидатор 0,07: разных плательщиков: 1 (порог 7), получено 14 912 ₸."
100000008293431100,peripheral,0.7500,1,0.3182,"«периферийный» 0,75: признаки ниже порога. Ближайший — распределитель 0,25: разных получателей: 5 (порог 10), отправлено 297 000 ₸."
100000008295429100,peripheral,0.6480,7,0.2638,"«периферийный» 0,65: признаки ниже порога. Ближайший — конечный получатель 0,35: исходящих нет; плательщиков: 1, получено 352 000 ₸: ниже порога накопления."
100000008297199100,peripheral,0.7500,1,0.1281,"«периферийный» 0,75: признаки ниже порога. Ближайший — конечный получатель 0,25: исходящих нет; плательщиков: 1, получено 42 268 ₸: ниже порога накопления."
100000008304115100,peripheral,0.7500,17,0.2391,"«периферийный» 0,75: признаки ниже порога. Ближайший — конечный получатель 0,25: исходящих нет; плательщиков: 1, получено 51 000 ₸: ниже порога накопления."
100000008304139100,distributor,0.7333,4,0.7241,"Гипотеза «распределитель» 0,73: разных получателей: 24 (порог 10), отправлено 1,7 млн ₸. Альтернатива: координатор 0,33."
100000008306857100,peripheral,0.7500,10,0.1879,"«периферийный» 0,75: признаки ниже порога. Ближайший — конечный получатель 0,25: исходящих нет; плательщиков: 1, получено 125 000 ₸: ниже порога накопления."
100000008308418100,peripheral,0.4643,1,0.1398,"«периферийный» 0,46 (снижено: исходящие не собирались): признаки ниже порога. Ближайший — консолидатор 0,07: разных плательщиков: 1 (порог 7), получено 50 000 ₸."
100000008309514100,peripheral,0.7500,2,0.0756,"«периферийный» 0,75: признаки ниже порога. Ближайший — конечный получатель 0,25: исходящих нет; плательщиков: 1, получено 17 200 ₸: ниже порога накопления."
100000008314203100,peripheral,0.6667,40,0.4896,"«периферийный» 0,67: признаки ниже порога. Ближайший — координатор 0,33: связей с исходными клиентами: 2 (порог 3); от них 2, к ним 2."
100000008314863100,peripheral,0.7500,4,0.0589,"«периферийный» 0,75: признаки ниже порога. Ближайший — конечный получатель 0,25: исходящих нет; плательщиков: 1, получено 12 000 ₸: ниже порога накопления."
100000008321975100,peripheral,0.4643,23,0.0411,"«периферийный» 0,46 (снижено: исходящие не собирались): признаки ниже порога. Ближайший — консолидатор 0,07: разных плательщиков: 1 (порог 7), получено 5 900 ₸."
100000008324800100,transit,0.9264,73,0.6238,"Гипотеза «транзит» 0,93: после поступлений другим счетам ушло 97% полученного (коридор 80%–120%). Альтернатива: консолидатор 0,21."
100000008327791100,peripheral,0.4643,16,0.0573,"«периферийный» 0,46 (снижено: исходящие не собирались): признаки ниже порога. Ближайший — консолидатор 0,07: разных плательщиков: 1 (порог 7), получено 11 000 ₸."
100000008331280100,peripheral,0.4643,28,0.1269,"«периферийный» 0,46 (снижено: исходящие не собирались): признаки ниже порога. Ближайший — консолидатор 0,07: разных плательщиков: 1 (порог 7), получено 41 000 ₸."
100000008332511100,peripheral,0.7500,10,0.1777,"«периферийный» 0,75: признаки ниже порога. Ближайший — конечный получатель 0,25: исходящих нет; плательщиков: 1, получено 100 000 ₸: ниже порога накопления."
100000008333492100,peripheral,0.4643,48,0.2734,"«периферийный» 0,46 (снижено: исходящие не собирались): признаки ниже порога. Ближайший — консолидатор 0,07: разных плательщиков: 1 (порог 7), получено 216 400 ₸."
100000008335401100,peripheral,0.7500,8,0.1953,"«периферийный» 0,75: признаки ниже порога. Ближайший — конечный получатель 0,25: исходящих нет; плательщиков: 1, получено 150 000 ₸: ниже порога накопления."
100000008336318100,peripheral,0.4643,6,0.2332,"«периферийный» 0,46 (снижено: исходящие не собирались): признаки ниже порога. Ближайший — консолидатор 0,07: разных плательщиков: 1 (порог 7), получено 170 000 ₸."
100000008337304100,peripheral,0.4643,3,0.1809,"«периферийный» 0,46 (снижено: исходящие не собирались): признаки ниже порога. Ближайший — консолидатор 0,07: разных плательщиков: 1 (порог 7), получено 105 465 ₸."
100000008343415100,peripheral,0.4643,21,0.1777,"«периферийный» 0,46 (снижено: исходящие не собирались): признаки ниже порога. Ближайший — консолидатор 0,07: разных плательщиков: 1 (порог 7), получено 100 000 ₸."
100000008343874100,peripheral,0.6112,21,0.3009,"«периферийный» 0,61: признаки ниже порога. Ближайший — транзит 0,39: после поступлений другим счетам ушло 62% полученного (коридор 80%–120%)."
100000008346837100,distributor,0.7500,13,0.6890,"Гипотеза «распределитель» 0,75: разных получателей: 25 (порог 10), отправлено 1,3 млн ₸. Альтернатива: консолидатор 0,58."
100000008349675100,peripheral,0.5076,11,0.3015,"«периферийный» 0,51: признаки ниже порога. Ближайший — транзит 0,49: после поступлений другим счетам ушло 79% полученного (коридор 80%–120%)."
100000008349740100,peripheral,0.4643,36,0.1578,"«периферийный» 0,46 (снижено: исходящие не собирались): признаки ниже порога. Ближайший — консолидатор 0,07: разных плательщиков: 1 (порог 7), получено 70 000 ₸."
100000008352542100,peripheral,0.7500,4,0.1417,"«периферийный» 0,75: признаки ниже порога. Ближайший — конечный получатель 0,25: исходящих нет; плательщиков: 1, получено 50 220 ₸: ниже порога накопления."
100000008356606100,terminal,0.5357,13,0.4025,"Гипотеза «конечный получатель» 0,54: исходящих нет; плательщиков: 2, получено 168 500 ₸; окно после 90% суммы — 9 дн.. Альтернатива: консолидатор 0,14."
100000008376089100,peripheral,0.7500,31,0.2203,"«периферийный» 0,75: признаки ниже порога. Ближайший — конечный получатель 0,25: исходящих нет; плательщиков: 1, получено 135 000 ₸: ниже порога накопления."
100000008376785100,peripheral,0.4643,7,0.2168,"«периферийный» 0,46 (снижено: исходящие не собирались): признаки ниже порога. Ближайший — консолидатор 0,07: разных плательщиков: 1 (порог 7), получено 234 250 ₸."
100000008379273100,peripheral,0.5139,8,0.2209,"«периферийный» 0,51: признаки ниже порога. Ближайший — транзит 0,49: после поступлений другим счетам ушло 78% полученного (коридор 80%–120%); всего исходящих 106%."
100000008383405100,peripheral,0.7500,25,0.1945,"«периферийный» 0,75: признаки ниже порога. Ближайший — конечный получатель 0,25: исходящих нет; плательщиков: 1, получено 25 000 ₸: ниже порога накопления."
100000008388049100,peripheral,0.5036,10,0.2480,"«периферийный» 0,50: признаки ниже порога. Ближайший — конечный получатель 0,49: исходящих нет; плательщиков: 1, получено 496 400 ₸: ниже порога накопления."
100000008389800100,peripheral,0.6500,5,0.3162,"«периферийный» 0,65: признаки ниже порога. Ближайший — распределитель 0,35: разных получателей: 7 (порог 10), отправлено 401 620 ₸."
100000008405209100,peripheral,0.7500,16,0.1469,"«периферийный» 0,75: признаки ниже порога. Ближайший — конечный получатель 0,25: исходящих нет; плательщиков: 1, получено 54 400 ₸: ниже порога накопления."
100000008406609100,peripheral,0.7500,20,0.1471,"«периферийный» 0,75: признаки ниже порога. Ближайший — конечный получатель 0,25: исходящих нет; плательщиков: 1, получено 34 000 ₸: ниже порога накопления."
100000008413748100,distributor,0.6333,16,0.5256,"Гипотеза «распределитель» 0,63: разных получателей: 18 (порог 10), отправлено 1,4 млн ₸. Альтернатива: консолидатор 0,14."
100000008416433100,peripheral,0.7500,14,0.0839,"«периферийный» 0,75: признаки ниже порога. Ближайший — конечный получатель 0,25: исходящих нет; плательщиков: 1, получено 20 000 ₸: ниже порога накопления."
100000008417029100,peripheral,0.4643,6,0.2077,"«периферийный» 0,46 (снижено: короткое окно наблюдения): признаки ниже порога. Ближайший — консолидатор 0,07: разных плательщиков: 1 (порог 7), получено 100 000 ₸."
100000008417359100,peripheral,0.9000,16,0.2771,"«периферийный» 0,90: признаки ниже порога. Ближайший — распределитель 0,10: разных получателей: 2 (порог 10), отправлено 110 760 ₸."
100000008418835100,peripheral,0.6667,15,0.4937,"«периферийный» 0,67: признаки ниже порога. Ближайший — координатор 0,33: связей с исходными клиентами: 2 (порог 3); от них 1, к ним 1."
100000008418934100,peripheral,0.3714,18,0.2647,"«периферийный» 0,37: признаки ниже порога. Ближайший — конечный получатель 0,26: исходящих нет; плательщиков: 1, получено 360 000 ₸; окно после 90% суммы — 5 дн. (нужно 7)."
100000008422226100,peripheral,0.7500,1,0.1687,"«периферийный» 0,75: признаки ниже порога. Ближайший — конечный получатель 0,25: исходящих нет; плательщиков: 1, получено 87 450 ₸: ниже порога накопления."
100000008427027100,peripheral,0.7000,4,0.2273,"«периферийный» 0,70: признаки ниже порога. Ближайший — конечный получатель 0,30: исходящих нет; плательщиков: 1, получено 300 000 ₸: ниже порога накопления."
100000008430691100,peripheral,0.9000,72,0.2944,"«периферийный» 0,90: признаки ниже порога. Ближайший — распределитель 0,10: разных получателей: 2 (порог 10), отправлено 604 900 ₸."
100000008432942100,peripheral,0.4286,1,0.1604,"«периферийный» 0,43: признаки ниже порога. Ближайший — конечный получатель 0,14: исходящих нет; плательщиков: 1, получено 44 542 ₸; окно после 90% суммы — 4 дн. (нужно 7)."
100000008436257100,terminal,0.6071,16,0.3700,"Гипотеза «конечный получатель» 0,61: исходящих нет; плательщиков: 2, получено 35 000 ₸; окно после 90% суммы — 13 дн.. Альтернатива: консолидатор 0,14."
100000008438656100,terminal,0.5859,4,0.4898,"Гипотеза «конечный получатель» 0,59: исходящие — 6% наблюдаемых входящих; плательщиков: 2, получено 80 000 ₸; окно после 90% суммы — 14 дн.. Альтернатива: координатор 0,17."
100000008443341100,peripheral,0.6558,1,0.3191,"«периферийный» 0,66: признаки ниже порога. Ближайший — транзит 0,34: после поступлений другим счетам ушло 90% полученного (коридор 80%–120%); всего исходящих 145%: баланс в выгрузке неполон."
100000008454065100,peripheral,0.7500,14,0.0955,"«периферийный» 0,75: признаки ниже порога. Ближайший — конечный получатель 0,25: исходящих нет; плательщиков: 1, получено 24 050 ₸: ниже порога накопления."
100000008459449100,peripheral,0.7500,1,0.1459,"«периферийный» 0,75: признаки ниже порога. Ближайший — конечный получатель 0,25: исходящих нет; плательщиков: 1, получено 53 700 ₸: ниже порога накопления."
100000008460102100,distributor,0.8500,8,0.5692,"Гипотеза «распределитель» 0,85: разных получателей: 31 (порог 10), отправлено 476 570 ₸. Альтернатива: консолидатор 0,07."
100000008461217100,peripheral,0.4643,51,0.0786,"«периферийный» 0,46 (снижено: исходящие не собирались): признаки ниже порога. Ближайший — консолидатор 0,07: разных плательщиков: 1 (порог 7), получено 18 000 ₸."
100000008461532100,peripheral,0.6000,28,0.3722,"«периферийный» 0,60: признаки ниже порога. Ближайший — распределитель 0,40: разных получателей: 8 (порог 10), отправлено 2,5 млн ₸."
100000008463968100,peripheral,0.4643,2,0.0824,"«периферийный» 0,46 (снижено: короткое окно наблюдения): признаки ниже порога. Ближайший — консолидатор 0,07: разных плательщиков: 1 (порог 7), получено 10 000 ₸."
100000008465789100,distributor,0.6000,6,0.5204,"Гипотеза «распределитель» 0,60: разных получателей: 16 (порог 10), отправлено 1,9 млн ₸. Альтернатива: консолидатор 0,07."
100000008466579100,distributor,0.6167,6,0.5557,"Гипотеза «распределитель» 0,62: разных получателей: 17 (порог 10), отправлено 1,9 млн ₸. Альтернатива: консолидатор 0,14."
100000008468762100,peripheral,0.3571,22,0.3024,"«периферийный» 0,36: признаки ниже порога. Ближайший — конечный получатель 0,29: исходящих нет; плательщиков: 2, получено 170 000 ₸; окно после 90% суммы — 4 дн. (нужно 7)."
100000008469048100,peripheral,0.4643,1,0.2523,"«периферийный» 0,46 (снижено: исходящие не собирались): признаки ниже порога. Ближайший — консолидатор 0,07: разных плательщиков: 1 (порог 7), получено 265 200 ₸."
100000008470470100,peripheral,0.7500,2,0.2129,"«периферийный» 0,75: признаки ниже порога. Ближайший — конечный получатель 0,25: исходящих нет; плательщиков: 1, получено 33 547 ₸: ниже порога накопления."
100000008471634100,peripheral,0.4643,27,0.0839,"«периферийный» 0,46 (снижено: исходящие не собирались): признаки ниже порога. Ближайший — консолидатор 0,07: разных плательщиков: 1 (порог 7), получено 20 000 ₸."
100000008472324100,peripheral,0.7500,7,0.2420,"«периферийный» 0,75: признаки ниже порога. Ближайший — конечный получатель 0,25: исходящих нет; плательщиков: 1, получено 205 200 ₸: ниже порога накопления."
100000008473207100,peripheral,0.7500,3,0.2116,"«периферийный» 0,75: признаки ниже порога. Ближайший — конечный получатель 0,25: исходящих нет; плательщиков: 1, получено 202 000 ₸: ниже порога накопления."
100000008473765100,peripheral,0.7500,3,0.1398,"«периферийный» 0,75: признаки ниже порога. Ближайший — конечный получатель 0,25: исходящих нет; плательщиков: 1, получено 30 000 ₸: ниже порога накопления."
100000008474308100,peripheral,0.9286,1,0.1248,"«периферийный» 0,93: признаки ниже порога. Ближайший — консолидатор 0,07: разных плательщиков: 1 (порог 7), получено 14 000 ₸."
100000008474391100,peripheral,0.7500,24,0.0839,"«периферийный» 0,75: признаки ниже порога. Ближайший — конечный получатель 0,25: исходящих нет; плательщиков: 1, получено 20 000 ₸: ниже порога накопления."
100000008477350100,distributor,0.9833,1,0.7017,"Гипотеза «распределитель» 0,98: разных получателей: 39 (порог 10), отправлено 3,4 млн ₸. Альтернатива: консолидатор 0,65."
100000008478414100,peripheral,0.7500,2,0.0824,"«периферийный» 0,75: признаки ниже порога. Ближайший — конечный получатель 0,25: исходящих нет; плательщиков: 1, получено 10 000 ₸: ниже порога накопления."
100000008486520100,peripheral,0.8333,5,0.2739,"«периферийный» 0,83: признаки ниже порога. Ближайший — координатор 0,17: связей с исходными клиентами: 1 (порог 3); от них 1, к ним 0."
100000008488166100,peripheral,0.7500,2,0.0406,"«периферийный» 0,75: признаки ниже порога. Ближайший — конечный получатель 0,25: исходящих нет; плательщиков: 1, получено 5 600 ₸: ниже порога накопления."
100000008489604100,peripheral,0.7500,2,0.0573,"«периферийный» 0,75: признаки ниже порога. Ближайший — конечный получатель 0,25: исходящих нет; плательщиков: 1, получено 11 000 ₸: ниже порога накопления."
100000008489922100,distributor,0.9333,6,0.6867,"Гипотеза «распределитель» 0,93: разных получателей: 36 (порог 10), отправлено 3,8 млн ₸. Альтернатива: консолидатор 0,21."
100000008490127100,peripheral,0.7000,7,0.3609,"«периферийный» 0,70: признаки ниже порога. Ближайший — распределитель 0,30: разных получателей: 6 (порог 10), отправлено 923 000 ₸."
100000008491390100,peripheral,0.7500,1,0.1203,"«периферийный» 0,75: признаки ниже порога. Ближайший — конечный получатель 0,25: исходящих нет; плательщиков: 1, получено 36 000 ₸: ниже порога накопления."
100000008493007100,transit,0.6667,2,0.4134,"Гипотеза «транзит» 0,67: после поступлений другим счетам ушло 100% полученного (коридор 80%–120%); операций мало: входящих 1, исходящих 1. Альтернатива: консолидатор 0,07."
100000008497298100,peripheral,0.4286,18,0.2840,"«периферийный» 0,43: признаки ниже порога. Ближайший — конечный получатель 0,14: исходящих нет; плательщиков: 1, получено 600 000 ₸; окно после 90% суммы — 2 дн. (нужно 7)."
100000008501413100,transit,0.6500,12,0.4402,"Гипотеза «транзит» 0,65: после поступлений другим счетам ушло 102% полученного (коридор 80%–120%); операций мало: входящих 1, исходящих 1. Альтернатива: консолидатор 0,07."
100000008502995100,peripheral,0.7500,1,0.0978,"«периферийный» 0,75: признаки ниже порога. Ближайший — конечный получатель 0,25: исходящих нет; плательщиков: 1, получено 25 000 ₸: ниже порога накопления."
100000008503177100,peripheral,0.4643,3,0.1467,"«периферийный» 0,46 (снижено: короткое окно наблюдения): признаки ниже порога. Ближайший — консолидатор 0,07: разных плательщиков: 1 (порог 7), получено 33 951 ₸."
100000008507703100,peripheral,0.7500,2,0.1061,"«периферийный» 0,75: признаки ниже порога. Ближайший — конечный получатель 0,25: исходящих нет; плательщиков: 1, получено 28 500 ₸: ниже порога накопления."
100000008512552100,peripheral,0.7000,16,0.3662,"«периферийный» 0,70: признаки ниже порога. Ближайший — распределитель 0,30: разных получателей: 6 (порог 10), отправлено 1,3 млн ₸."
100000008512827100,distributor,0.5000,10,0.4905,"Гипотеза «распределитель» 0,50: разных получателей: 10 (порог 10), отправлено 1,9 млн ₸. Альтернатива: консолидатор 0,21."
100000008513251100,peripheral,0.0000,90,0.0000,"«периферийный» 0,00: в выгрузке нет переводов счёта, роль не оценивается."
100000008514970100,peripheral,0.6200,21,0.2791,"«периферийный» 0,62: признаки ниже порога. Ближайший — конечный получатель 0,38: исходящие — 8% наблюдаемых входящих; плательщиков: 1, получено 379 966 ₸: ниже порога накопления."
100000008516839100,terminal,0.7143,20,0.6194,"Гипотеза «конечный получатель» 0,71: исходящих нет; плательщиков: 3, получено 155 000 ₸; окно после 90% суммы — 19 дн.. Альтернатива: консолидатор 0,21."
100000008517061100,peripheral,0.4643,14,0.2738,"«периферийный» 0,46 (снижено: исходящие не собирались): признаки ниже порога. Ближайший — консолидатор 0,07: разных плательщиков: 1 (порог 7), получено 1,8 млн ₸."
100000008517538100,distributor,0.6167,6,0.5527,"Гипотеза «распределитель» 0,62: разных получателей: 17 (порог 10), отправлено 1,4 млн ₸. Альтернатива: консолидатор 0,21."
100000008522127100,peripheral,0.9500,65,0.1934,"«периферийный» 0,95: признаки ниже порога. Ближайший — распределитель 0,05: разных получателей: 1 (порог 10), отправлено 145 000 ₸."
100000008524903100,peripheral,0.4643,1,0.0674,"«периферийный» 0,46 (снижено: исходящие не собирались): признаки ниже порога. Ближайший — консолидатор 0,07: разных плательщиков: 1 (порог 7), получено 15 000 ₸."
100000008525136100,peripheral,0.4643,1,0.0644,"«периферийный» 0,46 (снижено: исходящие не собирались): признаки ниже порога. Ближайший — консолидатор 0,07: разных плательщиков: 1 (порог 7), получено 14 100 ₸."
100000008531133100,peripheral,0.8500,5,0.2614,"«периферийный» 0,85: признаки ниже порога. Ближайший — распределитель 0,15: разных получателей: 3 (порог 10), отправлено 158 272 ₸."
100000008531186100,peripheral,0.7500,3,0.2479,"«периферийный» 0,75: признаки ниже порога. Ближайший — конечный получатель 0,25: исходящих нет; плательщиков: 1, получено 125 000 ₸: ниже порога накопления."
100000008532050100,peripheral,0.5448,7,0.2744,"«периферийный» 0,54: признаки ниже порога. Ближайший — конечный получатель 0,46: исходящих нет; плательщиков: 1, получено 455 156 ₸: ниже порога накопления."
100000008536546100,peripheral,0.3214,22,0.3196,"«периферийный» 0,32: признаки ниже порога. Ближайший — конечный получатель 0,36: исходящих нет; плательщиков: 2, получено 250 000 ₸; окно после 90% суммы — 5 дн. (нужно 7)."
100000008537380100,peripheral,0.7500,2,0.0459,"«периферийный» 0,75: признаки ниже порога. Ближайший — конечный получатель 0,25: исходящих нет; плательщиков: 1, получено 8 000 ₸: ниже порога накопления."
100000008545727100,peripheral,0.7000,8,0.3357,"«периферийный» 0,70: признаки ниже порога. Ближайший — распределитель 0,30: разных получателей: 6 (порог 10), отправлено 1,9 млн ₸."
100000008546855100,peripheral,0.2857,19,0.2550,"«периферийный» 0,29 (снижено: поздние поступления): признаки ниже порога. Ближайший — консолидатор 0,43: разных плательщиков: 6 (порог 7), получено 71 790 ₸."
100000008547295100,peripheral,0.4643,9,0.0974,"«периферийный» 0,46 (снижено: короткое окно наблюдения): признаки ниже порога. Ближайший — консолидатор 0,07: разных плательщиков: 1 (порог 7), получено 15 000 ₸."
100000008547844100,distributor,0.6500,6,0.5670,"Гипотеза «распределитель» 0,65: разных получателей: 19 (порог 10), отправлено 2,0 млн ₸. Альтернатива: консолидатор 0,21."
100000008547948100,distributor,0.7667,6,0.6379,"Гипотеза «распределитель» 0,77: разных получателей: 26 (порог 10), отправлено 5,2 млн ₸. Альтернатива: консолидатор 0,43."
100000008548853100,peripheral,0.7500,2,0.0638,"«периферийный» 0,75: признаки ниже порога. Ближайший — конечный получатель 0,25: исходящих нет; плательщиков: 1, получено 14 000 ₸: ниже порога накопления."
100000008551752100,peripheral,0.4643,41,0.2396,"«периферийный» 0,46 (снижено: исходящие не собирались): признаки ниже порога. Ближайший — консолидатор 0,07: разных плательщиков: 1 (порог 7), получено 406 000 ₸."
100000008554390100,peripheral,0.4643,8,0.0638,"«периферийный» 0,46 (снижено: исходящие не собирались): признаки ниже порога. Ближайший — консолидатор 0,07: разных плательщиков: 1 (порог 7), получено 14 000 ₸."
100000008555233100,peripheral,0.4643,22,0.3022,"«периферийный» 0,46 (снижено: короткое окно наблюдения): признаки ниже порога. Ближайший — консолидатор 0,07: разных плательщиков: 1 (порог 7), получено 440 600 ₸."
100000008555918100,peripheral,0.8333,4,0.3823,"«периферийный» 0,83: признаки ниже порога. Ближайший — координатор 0,17: связей с исходными клиентами: 1 (порог 3); от них 1, к ним 0."
100000008556318100,terminal,0.5893,4,0.5478,"Гипотеза «конечный получатель» 0,59: исходящих нет; плательщиков: 2, получено 180 132 ₸; окно после 90% суммы — 12 дн.. Альтернатива: координатор 0,17."
100000008557672100,peripheral,0.7500,2,0.1375,"«периферийный» 0,75: признаки ниже порога. Ближайший — конечный получатель 0,25: исходящих нет; плательщиков: 1, получено 49 125 ₸: ниже порога накопления."
100000008560263100,peripheral,0.4643,7,0.1777,"«периферийный» 0,46 (снижено: исходящие не собирались): признаки ниже порога. Ближайший — консолидатор 0,07: разных плательщиков: 1 (порог 7), получено 100 000 ₸."
100000008560717100,consolidator,0.5000,7,0.5612,"Гипотеза «консолидатор» 0,50: разных плательщиков: 7 (порог 7), получено 529 000 ₸. Конечный получатель 0,59 сильнее, но признаки веера приоритетнее."
100000008561016100,transit,0.7870,6,0.5104,"Гипотеза «транзит» 0,79: после поступлений другим счетам ушло 103% полученного (коридор 80%–120%); операций мало: входящих 2, исходящих 4. Альтернатива: консолидатор 0,07."
100000008566737100,terminal,0.5714,3,0.5831,"Гипотеза «конечный получатель» 0,57: исходящих нет; плательщиков: 2, получено 230 000 ₸; окно после 90% суммы — 11 дн.. Альтернатива: координатор 0,17."
100000008568512100,peripheral,0.7500,7,0.2396,"«периферийный» 0,75: признаки ниже порога. Ближайший — конечный получатель 0,25: исходящих нет; плательщиков: 1, получено 199 640 ₸: ниже порога накопления."
100000008571243100,peripheral,0.7500,8,0.1901,"«периферийный» 0,75: признаки ниже порога. Ближайший — конечный получатель 0,25: исходящих нет; плательщиков: 1, получено 134 000 ₸: ниже порога накопления."
100000008571433100,peripheral,0.8571,53,0.3234,"«периферийный» 0,86: признаки ниже порога. Ближайший — консолидатор 0,14: разных плательщиков: 2 (порог 7), получено 350 000 ₸."
100000008571443100,terminal,0.5357,13,0.3846,"Гипотеза «конечный получатель» 0,54: исходящих нет; плательщиков: 2, получено 65 000 ₸; окно после 90% суммы — 9 дн.. Альтернатива: консолидатор 0,14."
100000008575624100,peripheral,0.8500,49,0.2201,"«периферийный» 0,85: признаки ниже порога. Ближайший — распределитель 0,15: разных получателей: 3 (порог 10), отправлено 89 500 ₸."
100000008576243100,terminal,0.7500,1,0.4594,"Гипотеза «конечный получатель» 0,75: исходящих нет; плательщиков: 2, получено 82 920 ₸; окно после 90% суммы — 22 дн.. Альтернатива: консолидатор 0,14."
100000008576528100,peripheral,0.4107,7,0.1352,"«периферийный» 0,41: признаки ниже порога. Ближайший — конечный получатель 0,18: исходящих нет; плательщиков: 1, получено 28 000 ₸; окно после 90% суммы — 5 дн. (нужно 7)."
100000008579978100,peripheral,0.9286,7,0.2525,"«периферийный» 0,93: признаки ниже порога. Ближайший — консолидатор 0,07: разных плательщиков: 1 (порог 7), получено 34 000 ₸."
100000008582730100,peripheral,0.9286,19,0.0524,"«периферийный» 0,93: исходящие = 100% входящих, но это встречные или более ранние переводы — транзит датами не подтверждён."
100000008583360100,peripheral,0.6916,8,0.2640,"«периферийный» 0,69: признаки ниже порога. Ближайший — транзит 0,31: после поступлений другим счетам ушло 151% полученного (коридор 80%–120%); всего исходящих 151%: баланс в выгрузке неполон."
100000008583971100,peripheral,0.4286,1,0.2117,"«периферийный» 0,43 (снижено: исходящие не собирались): признаки ниже порога. Ближайший — консолидатор 0,14: разных плательщиков: 2 (порог 7), получено 51 000 ₸."
100000008586731100,peripheral,0.7500,17,0.1555,"«периферийный» 0,75: признаки ниже порога. Ближайший — конечный получатель 0,25: исходящих нет; плательщиков: 1, получено 12 000 ₸: ниже порога накопления."
100000008587459100,peripheral,0.8333,1,0.4140,"«периферийный» 0,83: признаки ниже порога. Ближайший — координатор 0,17: связей с исходными клиентами: 1 (порог 3); от них 0, к ним 1."
100000008588665100,peripheral,0.4643,1,0.0978,"«периферийный» 0,46 (снижено: исходящие не собирались): признаки ниже порога. Ближайший — консолидатор 0,07: разных плательщиков: 1 (порог 7), получено 25 000 ₸."
100000008595687100,peripheral,0.7500,5,0.2662,"«периферийный» 0,75: признаки ниже порога. Ближайший — конечный получатель 0,25: исходящие — 16% наблюдаемых входящих; плательщиков: 1, получено 64 395 ₸: ниже порога накопления."
100000008596924100,peripheral,0.4643,9,0.2077,"«периферийный» 0,46 (снижено: короткое окно наблюдения): признаки ниже порога. Ближайший — консолидатор 0,07: разных плательщиков: 1 (порог 7), получено 100 000 ₸."
100000008598972100,peripheral,0.7500,21,0.1867,"«периферийный» 0,75: признаки ниже порога. Ближайший — конечный получатель 0,25: исходящих нет; плательщиков: 1, получено 120 000 ₸: ниже порога накопления."
100000008599354100,peripheral,0.8651,1,0.2525,"«периферийный» 0,87: признаки ниже порога. Ближайший — транзит 0,13: после поступлений другим счетам ушло 22% полученного (коридор 80%–120%)."
100000008601794100,peripheral,0.8571,57,0.3085,"«периферийный» 0,86: признаки ниже порога. Ближайший — консолидатор 0,14: разных плательщиков: 2 (порог 7), получено 494 400 ₸."
100000008603331100,peripheral,0.7000,6,0.3510,"«периферийный» 0,70: признаки ниже порога. Ближайший — распределитель 0,30: разных получателей: 6 (порог 10), отправлено 741 774 ₸."
100000008603629100,distributor,1.0000,3,0.6790,"Гипотеза «распределитель» 1,00: разных получателей: 61 (порог 10), отправлено 5,0 млн ₸. Альтернатива: консолидатор 0,96."
100000008612257100,peripheral,0.7500,16,0.0486,"«периферийный» 0,75: признаки ниже порога. Ближайший — конечный получатель 0,25: исходящих нет; плательщиков: 1, получено 9 500 ₸: ниже порога накопления."
100000008619159100,peripheral,0.4643,66,0.2428,"«периферийный» 0,46 (снижено: исходящие не собирались): признаки ниже порога. Ближайший — консолидатор 0,07: разных плательщиков: 1 (порог 7), получено 446 400 ₸."
100000008619857100,peripheral,0.8276,1,0.2082,"«периферийный» 0,83: признаки ниже порога. Ближайший — транзит 0,17: после поступлений другим счетам ушло 28% полученного (коридор 80%–120%); всего исходящих 45%."
100000008620570100,peripheral,0.8571,3,0.2602,"«периферийный» 0,86: признаки ниже порога. Ближайший — консолидатор 0,14: разных плательщиков: 2 (порог 7), получено 145 000 ₸."
100000008624978100,peripheral,0.7500,21,0.1820,"«периферийный» 0,75: признаки ниже порога. Ближайший — конечный получатель 0,25: исходящих нет; плательщиков: 1, получено 109 000 ₸: ниже порога накопления."
100000008625905100,peripheral,0.9000,59,0.3712,"«периферийный» 0,90: признаки ниже порога. Ближайший — распределитель 0,10: разных получателей: 2 (порог 10), отправлено 635 000 ₸."
100000008628231100,peripheral,0.8333,68,0.4633,"«периферийный» 0,83: признаки ниже порога. Ближайший — координатор 0,17: связей с исходными клиентами: 1 (порог 3); от них 1, к ним 0."
100000008628818100,peripheral,0.4643,8,0.1333,"«периферийный» 0,46 (снижено: исходящие не собирались): признаки ниже порога. Ближайший — консолидатор 0,07: разных плательщиков: 1 (порог 7), получено 46 310 ₸."
100000008629504100,peripheral,0.4643,1,0.0839,"«периферийный» 0,46 (снижено: исходящие не собирались): признаки ниже порога. Ближайший — консолидатор 0,07: разных плательщиков: 1 (порог 7), получено 20 000 ₸."
100000008629581100,peripheral,0.4286,4,0.2068,"«периферийный» 0,43: признаки ниже порога. Ближайший — конечный получатель 0,14: исходящих нет; плательщиков: 1, получено 54 184 ₸; окно после 90% суммы — 4 дн. (нужно 7)."
100000008631800100,peripheral,0.4643,8,0.0612,"«периферийный» 0,46 (снижено: исходящие не собирались): признаки ниже порога. Ближайший — консолидатор 0,07: разных плательщиков: 1 (порог 7), получено 12 850 ₸."
100000008632060100,peripheral,0.5500,1,0.3628,"«периферийный» 0,55: признаки ниже порога. Ближайший — распределитель 0,45: разных получателей: 9 (порог 10), отправлено 339 200 ₸."
100000008633099100,peripheral,0.5666,11,0.1549,"«периферийный» 0,57: признаки ниже порога. Ближайший — транзит 0,43: после поступлений другим счетам ушло 69% полученного (коридор 80%–120%)."
100000008634520100,peripheral,0.7500,6,0.1706,"«периферийный» 0,75: признаки ниже порога. Ближайший — конечный получатель 0,25: исходящих нет; плательщиков: 1, получено 90 000 ₸: ниже порога накопления."
100000008636603100,coordinator,0.5000,5,0.6202,"Гипотеза «координатор» 0,50: связей с исходными клиентами: 3 (порог 3); от них 0, к ним 3. Альтернатива: распределитель 0,30."
100000008637537100,peripheral,0.6667,40,0.5278,"«периферийный» 0,67: признаки ниже порога. Ближайший — координатор 0,33: связей с исходными клиентами: 2 (порог 3); от них 2, к ним 2."
100000008638859100,peripheral,0.4643,19,0.1171,"«периферийный» 0,46 (снижено: исходящие не собирались): признаки ниже порога. Ближайший — консолидатор 0,07: разных плательщиков: 1 (порог 7), получено 34 000 ₸."
100000008647905100,peripheral,0.9000,19,0.2884,"«периферийный» 0,90: признаки ниже порога. Ближайший — распределитель 0,10: разных получателей: 2 (порог 10), отправлено 344 222 ₸."
100000008648783100,peripheral,0.4643,8,0.0389,"«периферийный» 0,46 (снижено: исходящие не собирались): признаки ниже порога. Ближайший — консолидатор 0,07: разных плательщиков: 1 (порог 7), получено 5 200 ₸."
100000008649416100,peripheral,0.4643,16,0.0367,"«периферийный» 0,46 (снижено: исходящие не собирались): признаки ниже порога. Ближайший — консолидатор 0,07: разных плательщиков: 1 (порог 7), получено 5 000 ₸."
100000008650785100,peripheral,0.6667,5,0.4618,"«периферийный» 0,67: признаки ниже порога. Ближайший — координатор 0,33: связей с исходными клиентами: 2 (порог 3); от них 1, к ним 1."
100000008652094100,peripheral,0.7500,1,0.1486,"«периферийный» 0,75: признаки ниже порога. Ближайший — конечный получатель 0,25: исходящих нет; плательщиков: 1, получено 35 000 ₸: ниже порога накопления."
100000008653041100,peripheral,0.7500,2,0.1052,"«периферийный» 0,75: признаки ниже порога. Ближайший — конечный получатель 0,25: исходящих нет; плательщиков: 1, получено 28 000 ₸: ниже порога накопления."
100000008654653100,peripheral,0.8333,5,0.2132,"«периферийный» 0,83: признаки ниже порога. Ближайший — координатор 0,17: связей с исходными клиентами: 1 (порог 3); от них 0, к ним 1."
100000008655035100,peripheral,0.7500,11,0.1098,"«периферийный» 0,75: признаки ниже порога. Ближайший — конечный получатель 0,25: исходящих нет; плательщиков: 1, получено 30 000 ₸: ниже порога накопления."
100000008655779100,peripheral,0.6715,29,0.2094,"«периферийный» 0,67: признаки ниже порога. Ближайший — транзит 0,33: после поступлений другим счетам ушло 53% полученного (коридор 80%–120%)."
100000008656043100,peripheral,0.4464,2,0.1323,"«периферийный» 0,45: признаки ниже порога. Ближайший — конечный получатель 0,11: исходящих нет; плательщиков: 1, получено 26 200 ₸; окно после 90% суммы — 3 дн. (нужно 7)."
100000008659445100,peripheral,0.7857,43,0.3208,"«периферийный» 0,79: признаки ниже порога. Ближайший — консолидатор 0,21: разных плательщиков: 3 (порог 7), получено 138 490 ₸."
100000008659950100,peripheral,0.7500,6,0.2198,"«периферийный» 0,75: признаки ниже порога. Ближайший — конечный получатель 0,25: исходящих нет; плательщиков: 1, получено 246 000 ₸: ниже порога накопления."
100000008661550100,peripheral,0.7500,2,0.0909,"«периферийный» 0,75: признаки ниже порога. Ближайший — конечный получатель 0,25: исходящих нет; плательщиков: 1, получено 22 800 ₸: ниже порога накопления."
100000008661585100,peripheral,0.7500,2,0.2255,"«периферийный» 0,75: признаки ниже порога. Ближайший — конечный получатель 0,25: исходящих нет; плательщиков: 1, получено 43 141 ₸: ниже порога накопления."
100000008662216100,peripheral,0.7500,2,0.1023,"«периферийный» 0,75: признаки ниже порога. Ближайший — конечный получатель 0,25: исходящих нет; плательщиков: 1, получено 26 200 ₸: ниже порога накопления."
100000008662805100,peripheral,0.7500,2,0.0736,"«периферийный» 0,75: признаки ниже порога. Ближайший — конечный получатель 0,25: исходящих нет; плательщиков: 1, получено 16 500 ₸: ниже порога накопления."
100000008663007100,peripheral,0.7500,2,0.1605,"«периферийный» 0,75: признаки ниже порога. Ближайший — конечный получатель 0,25: исходящих нет; плательщиков: 1, получено 14 000 ₸: ниже порога накопления."
100000008663723100,peripheral,0.7500,2,0.0705,"«периферийный» 0,75: признаки ниже порога. Ближайший — конечный получатель 0,25: исходящих нет; плательщиков: 1, получено 15 600 ₸: ниже порога накопления."
100000008664469100,peripheral,0.7500,4,0.2545,"«периферийный» 0,75: признаки ниже порога. Ближайший — конечный получатель 0,25: исходящих нет; плательщиков: 1, получено 25 000 ₸: ниже порога накопления."
100000008664774100,peripheral,0.7500,2,0.0729,"«периферийный» 0,75: признаки ниже порога. Ближайший — конечный получатель 0,25: исходящих нет; плательщиков: 1, получено 16 300 ₸: ниже порога накопления."
100000008665380100,peripheral,0.8333,1,0.3156,"«периферийный» 0,83: признаки ниже порога. Ближайший — координатор 0,17: связей с исходными клиентами: 1 (порог 3); от них 1, к ним 0."
100000008666075100,peripheral,0.7500,2,0.1996,"«периферийный» 0,75: признаки ниже порога. Ближайший — конечный получатель 0,25: исходящих нет; плательщиков: 1, получено 26 217 ₸: ниже порога накопления."
100000008667058100,peripheral,0.7500,2,0.1734,"«периферийный» 0,75: признаки ниже порога. Ближайший — конечный получатель 0,25: исходящих нет; плательщиков: 1, получено 17 534 ₸: ниже порога накопления."
100000008667795100,peripheral,0.7500,2,0.1171,"«периферийный» 0,75: признаки ниже порога. Ближайший — конечный получатель 0,25: исходящих нет; плательщиков: 1, получено 34 000 ₸: ниже порога накопления."
100000008667799100,peripheral,0.7500,2,0.1171,"«периферийный» 0,75: признаки ниже порога. Ближайший — конечный получатель 0,25: исходящих нет; плательщиков: 1, получено 34 000 ₸: ниже порога накопления."
100000008668099100,peripheral,0.7500,2,0.0711,"«периферийный» 0,75: признаки ниже порога. Ближайший — конечный получатель 0,25: исходящих нет; плательщиков: 1, получено 15 700 ₸: ниже порога накопления."
100000008669037100,peripheral,0.0000,91,0.0000,"«периферийный» 0,00: в выгрузке нет переводов счёта, роль не оценивается."
100000008669310100,peripheral,0.4286,1,0.1805,"«периферийный» 0,43: признаки ниже порога. Ближайший — конечный получатель 0,14: исходящих нет; плательщиков: 1, получено 59 567 ₸; окно после 90% суммы — 4 дн. (нужно 7)."
100000008670667100,peripheral,0.7500,2,0.1666,"«периферийный» 0,75: признаки ниже порога. Ближайший — конечный получатель 0,25: исходящих нет; плательщиков: 1, получено 15 534 ₸: ниже порога накопления."
100000008671026100,peripheral,0.7500,2,0.1894,"«периферийный» 0,75: признаки ниже порога. Ближайший — конечный получатель 0,25: исходящих нет; плательщиков: 1, получено 23 534 ₸: ниже порога накопления."
100000008671081100,peripheral,0.7500,2,0.1217,"«периферийный» 0,75: признаки ниже порога. Ближайший — конечный получатель 0,25: исходящих нет; плательщиков: 1, получено 37 200 ₸: ниже порога накопления."
100000008671129100,peripheral,0.7500,2,0.1023,"«периферийный» 0,75: признаки ниже порога. Ближайший — конечный получатель 0,25: исходящих нет; плательщиков: 1, получено 26 200 ₸: ниже порога накопления."
100000008671929100,peripheral,0.7500,4,0.3173,"«периферийный» 0,75: признаки ниже порога. Ближайший — конечный получатель 0,25: исходящих нет; плательщиков: 1, получено 75 000 ₸: ниже порога накопления."
100000008672162100,peripheral,0.7500,2,0.1669,"«периферийный» 0,75: признаки ниже порога. Ближайший — конечный получатель 0,25: исходящих нет; плательщиков: 1, получено 15 550 ₸: ниже порога накопления."
100000008672200100,peripheral,0.7500,2,0.1437,"«периферийный» 0,75: признаки ниже порога. Ближайший — конечный получатель 0,25: исходящих нет; плательщиков: 1, получено 8 511 ₸: ниже порога накопления."
100000008672480100,peripheral,0.7500,2,0.0616,"«периферийный» 0,75: признаки ниже порога. Ближайший — конечный получатель 0,25: исходящих нет; плательщиков: 1, получено 13 000 ₸: ниже порога накопления."
100000008672493100,peripheral,0.7500,2,0.0638,"«периферийный» 0,75: признаки ниже порога. Ближайший — конечный получатель 0,25: исходящих нет; плательщиков: 1, получено 14 000 ₸: ниже порога накопления."
100000008672603100,peripheral,0.7500,4,0.0889,"«периферийный» 0,75: признаки ниже порога. Ближайший — конечный получатель 0,25: исходящих нет; плательщиков: 1, получено 21 200 ₸: ниже порога накопления."
100000008672762100,peripheral,0.7500,2,0.0616,"«периферийный» 0,75: признаки ниже порога. Ближайший — конечный получатель 0,25: исходящих нет; плательщиков: 1, получено 13 000 ₸: ниже порога накопления."
100000008673001100,peripheral,0.7500,20,0.2596,"«периферийный» 0,75: признаки ниже порога. Ближайший — конечный получатель 0,25: исходящих нет; плательщиков: 1, получено 80 000 ₸: ниже порога накопления."
100000008675322100,peripheral,0.4643,36,0.2317,"«периферийный» 0,46 (снижено: исходящие не собирались): признаки ниже порога. Ближайший — консолидатор 0,07: разных плательщиков: 1 (порог 7), получено 340 000 ₸."
100000008676812100,peripheral,0.7500,19,0.2161,"«периферийный» 0,75: признаки ниже порога. Ближайший — конечный получатель 0,25: исходящих нет; плательщиков: 1, получено 230 800 ₸: ниже порога накопления."
100000008677215100,peripheral,0.7500,24,0.0477,"«периферийный» 0,75: признаки ниже порога. Ближайший — конечный получатель 0,25: исходящих нет; плательщиков: 1, получено 9 000 ₸: ниже порога накопления."
100000008677368100,peripheral,0.4643,11,0.0626,"«периферийный» 0,46 (снижено: исходящие не собирались): признаки ниже порога. Ближайший — консолидатор 0,07: разных плательщиков: 1 (порог 7), получено 13 500 ₸."
100000008677518100,peripheral,0.7500,2,0.1368,"«периферийный» 0,75: признаки ниже порога. Ближайший — конечный получатель 0,25: исходящих нет; плательщиков: 1, получено 48 700 ₸: ниже порога накопления."
100000008679986100,peripheral,0.7500,2,0.1770,"«периферийный» 0,75: признаки ниже порога. Ближайший — конечный получатель 0,25: исходящих нет; плательщиков: 1, получено 19 000 ₸: ниже порога накопления."
100000008680061100,peripheral,0.4643,1,0.1271,"«периферийный» 0,46 (снижено: исходящие не собирались): признаки ниже порога. Ближайший — консолидатор 0,07: разных плательщиков: 1 (порог 7), получено 41 300 ₸."
100000008680451100,peripheral,0.7500,2,0.1894,"«периферийный» 0,75: признаки ниже порога. Ближайший — конечный получатель 0,25: исходящих нет; плательщиков: 1, получено 23 534 ₸: ниже порога накопления."
100000008680731100,distributor,0.7833,17,0.5718,"Гипотеза «распределитель» 0,78: разных получателей: 27 (порог 10), отправлено 1,5 млн ₸. Альтернатива: периферийный 0,22."
100000008680912100,peripheral,0.7500,33,0.1727,"«периферийный» 0,75: признаки ниже порога. Ближайший — конечный получатель 0,25: исходящие — 13% наблюдаемых входящих; плательщиков: 1, получено 45 112 ₸: ниже порога накопления."
100000008682426100,peripheral,0.7500,14,0.0839,"«периферийный» 0,75: признаки ниже порога. Ближайший — конечный получатель 0,25: исходящих нет; плательщиков: 1, получено 20 000 ₸: ниже порога накопления."
100000008683818100,peripheral,0.7500,2,0.1062,"«периферийный» 0,75: признаки ниже порога. Ближайший — конечный получатель 0,25: исходящих нет; плательщиков: 1, получено 17 400 ₸: ниже порога накопления."
100000008684452100,peripheral,0.7500,2,0.1434,"«периферийный» 0,75: признаки ниже порога. Ближайший — конечный получатель 0,25: исходящих нет; плательщиков: 1, получено 51 800 ₸: ниже порога накопления."
100000008684767100,peripheral,0.7500,2,0.1132,"«периферийный» 0,75: признаки ниже порога. Ближайший — конечный получатель 0,25: исходящих нет; плательщиков: 1, получено 31 100 ₸: ниже порога накопления."
100000008684951100,peripheral,0.7500,2,0.0756,"«периферийный» 0,75: признаки ниже порога. Ближайший — конечный получатель 0,25: исходящих нет; плательщиков: 1, получено 17 200 ₸: ниже порога накопления."
100000008686214100,peripheral,0.7500,3,0.0978,"«периферийный» 0,75: признаки ниже порога. Ближайший — конечный получатель 0,25: исходящих нет; плательщиков: 1, получено 25 000 ₸: ниже порога накопления."
100000008686234100,peripheral,0.7500,1,0.2211,"«периферийный» 0,75: признаки ниже порога. Ближайший — конечный получатель 0,25: исходящих нет; плательщиков: 1, получено 39 778 ₸: ниже порога накопления."
100000008686247100,peripheral,0.9286,25,0.1041,"«периферийный» 0,93: признаки ниже порога. Ближайший — консолидатор 0,07: разных плательщиков: 1 (порог 7), получено 22 000 ₸."
100000008686313100,peripheral,0.2857,1,0.4370,"«периферийный» 0,29 (снижено: поздние поступления): признаки ниже порога. Ближайший — консолидатор 0,43: разных плательщиков: 6 (порог 7), получено 1,9 млн ₸."
100000008686494100,peripheral,0.7500,2,0.0711,"«периферийный» 0,75: признаки ниже порога. Ближайший — конечный получатель 0,25: исходящих нет; плательщиков: 1, получено 15 700 ₸: ниже порога накопления."
100000008687492100,peripheral,0.7500,2,0.0974,"«периферийный» 0,75: признаки ниже порога. Ближайший — конечный получатель 0,25: исходящих нет; плательщиков: 1, получено 15 000 ₸: ниже порога накопления."
100000008687617100,peripheral,0.7500,2,0.1289,"«периферийный» 0,75: признаки ниже порога. Ближайший — конечный получатель 0,25: исходящих нет; плательщиков: 1, получено 43 350 ₸: ниже порога накопления."
100000008687671100,peripheral,0.7500,2,0.2188,"«периферийный» 0,75: признаки ниже порога. Ближайший — конечный получатель 0,25: исходящих нет; плательщиков: 1, получено 37 500 ₸: ниже порога накопления."
100000008687733100,peripheral,0.7500,2,0.0655,"«периферийный» 0,75: признаки ниже порога. Ближайший — конечный получатель 0,25: исходящих нет; плательщиков: 1, получено 14 650 ₸: ниже порога накопления."
100000008687990100,peripheral,0.7500,2,0.0772,"«периферийный» 0,75: признаки ниже порога. Ближайший — конечный получатель 0,25: исходящих нет; плательщиков: 1, получено 17 600 ₸: ниже порога накопления."
100000008688109100,peripheral,0.7500,2,0.0611,"«периферийный» 0,75: признаки ниже порога. Ближайший — конечный получатель 0,25: исходящих нет; плательщиков: 1, получено 12 800 ₸: ниже порога накопления."
100000008688155100,peripheral,0.7500,2,0.0929,"«периферийный» 0,75: признаки ниже порога. Ближайший — конечный получатель 0,25: исходящих нет; плательщиков: 1, получено 23 600 ₸: ниже порога накопления."
100000008688476100,peripheral,0.7500,2,0.1248,"«периферийный» 0,75: признаки ниже порога. Ближайший — конечный получатель 0,25: исходящих нет; плательщиков: 1, получено 24 000 ₸: ниже порога накопления."
100000008688881100,peripheral,0.7500,2,0.1596,"«периферийный» 0,75: признаки ниже порога. Ближайший — конечный получатель 0,25: исходящих нет; плательщиков: 1, получено 44 211 ₸: ниже порога накопления."
100000008690762100,peripheral,0.7500,2,0.1032,"«периферийный» 0,75: признаки ниже порога. Ближайший — конечный получатель 0,25: исходящих нет; плательщиков: 1, получено 26 750 ₸: ниже порога накопления."
100000008690932100,peripheral,0.7500,2,0.1881,"«периферийный» 0,75: признаки ниже порога. Ближайший — конечный получатель 0,25: исходящих нет; плательщиков: 1, получено 23 000 ₸: ниже порога накопления."
100000008691027100,peripheral,0.7500,2,0.1734,"«периферийный» 0,75: признаки ниже порога. Ближайший — конечный получатель 0,25: исходящих нет; плательщиков: 1, получено 17 534 ₸: ниже порога накопления."
100000008691168100,peripheral,0.7500,2,0.1248,"«периферийный» 0,75: признаки ниже порога. Ближайший — конечный получатель 0,25: исходящих нет; плательщиков: 1, получено 24 000 ₸: ниже порога накопления."
100000008691330100,peripheral,0.7500,2,0.1858,"«периферийный» 0,75: признаки ниже порога. Ближайший — конечный получатель 0,25: исходящих нет; плательщиков: 1, получено 21 440 ₸: ниже порога накопления."
100000008691495100,peripheral,0.7500,2,0.2007,"«периферийный» 0,75: признаки ниже порога. Ближайший — конечный получатель 0,25: исходящих нет; плательщиков: 1, получено 27 000 ₸: ниже порога накопления."
100000008692291100,peripheral,0.5273,6,0.2904,"«периферийный» 0,53: признаки ниже порога. Ближайший — транзит 0,47: после поступлений другим счетам ушло 76% полученного (коридор 80%–120%); всего исходящих 98%."
100000008693069100,peripheral,0.7500,2,0.1806,"«периферийный» 0,75: признаки ниже порога. Ближайший — конечный получатель 0,25: исходящих нет; плательщиков: 1, получено 20 000 ₸: ниже порога накопления."
100000008695133100,peripheral,0.7500,2,0.1208,"«периферийный» 0,75: признаки ниже порога. Ближайший — конечный получатель 0,25: исходящих нет; плательщиков: 1, получено 36 610 ₸: ниже порога накопления."
100000008695157100,peripheral,0.4643,3,0.2412,"«периферийный» 0,46 (снижено: исходящие не собирались): признаки ниже порога. Ближайший — консолидатор 0,07: разных плательщиков: 1 (порог 7), получено 425 546 ₸."
100000008695495100,peripheral,0.7500,2,0.1849,"«периферийный» 0,75: признаки ниже порога. Ближайший — конечный получатель 0,25: исходящих нет; плательщиков: 1, получено 21 000 ₸: ниже порога накопления."
100000008695566100,peripheral,0.7500,2,0.1166,"«периферийный» 0,75: признаки ниже порога. Ближайший — конечный получатель 0,25: исходящих нет; плательщиков: 1, получено 33 700 ₸: ниже порога накопления."
100000008695689100,peripheral,0.7500,2,0.1023,"«периферийный» 0,75: признаки ниже порога. Ближайший — конечный получатель 0,25: исходящих нет; плательщиков: 1, получено 26 200 ₸: ниже порога накопления."
100000008696692100,peripheral,0.7500,2,0.1104,"«периферийный» 0,75: признаки ниже порога. Ближайший — конечный получатель 0,25: исходящих нет; плательщиков: 1, получено 19 000 ₸: ниже порога накопления."
100000008696919100,peripheral,0.7500,2,0.2109,"«периферийный» 0,75: признаки ниже порога. Ближайший — конечный получатель 0,25: исходящих нет; плательщиков: 1, получено 31 945 ₸: ниже порога накопления."
100000008697670100,peripheral,0.7500,2,0.0999,"«периферийный» 0,75: признаки ниже порога. Ближайший — конечный получатель 0,25: исходящих нет; плательщиков: 1, получено 25 350 ₸: ниже порога накопления."
100000008699083100,peripheral,0.4643,10,0.2780,"«периферийный» 0,46 (снижено: исходящие не собирались): признаки ниже порога. Ближайший — консолидатор 0,07: разных плательщиков: 1 (порог 7), получено 238 500 ₸."
100000008701222100,peripheral,0.0000,92,0.0000,"«периферийный» 0,00: в выгрузке нет переводов счёта, роль не оценивается."
100000008701256100,peripheral,0.7500,33,0.1797,"«периферийный» 0,75: признаки ниже порога. Ближайший — конечный получатель 0,25: исходящих нет; плательщиков: 1, получено 58 250 ₸: ниже порога накопления."
100000008701944100,peripheral,0.7500,15,0.2704,"«периферийный» 0,75: признаки ниже порога. Ближайший — конечный получатель 0,25: исходящих нет; плательщиков: 1, получено 52 124 ₸: ниже порога накопления."
100000008703533100,peripheral,0.4643,6,0.1606,"«периферийный» 0,46 (снижено: исходящие не собирались): признаки ниже порога. Ближайший — консолидатор 0,07: разных плательщиков: 1 (порог 7), получено 75 000 ₸."
100000008706846100,peripheral,0.7500,2,0.0647,"«периферийный» 0,75: признаки ниже порога. Ближайший — конечный получатель 0,25: исходящих нет; плательщиков: 1, получено 14 200 ₸: ниже порога накопления."
100000008706947100,peripheral,0.7500,2,0.0756,"«периферийный» 0,75: признаки ниже порога. Ближайший — конечный получатель 0,25: исходящих нет; плательщиков: 1, получено 17 200 ₸: ниже порога накопления."
100000008707810100,peripheral,0.7500,2,0.1023,"«периферийный» 0,75: признаки ниже порога. Ближайший — конечный получатель 0,25: исходящих нет; плательщиков: 1, получено 26 200 ₸: ниже порога накопления."
100000008708025100,peripheral,0.3929,29,0.0824,"«периферийный» 0,39: признаки ниже порога. Ближайший — конечный получатель 0,21: исходящих нет; плательщиков: 1, получено 10 000 ₸; окно после 90% суммы — 6 дн. (нужно 7)."
100000008708061100,peripheral,0.7500,2,0.0472,"«периферийный» 0,75: признаки ниже порога. Ближайший — конечный получатель 0,25: исходящих нет; плательщиков: 1, получено 8 650 ₸: ниже порога накопления."
100000008708207100,peripheral,0.4286,6,0.3748,"«периферийный» 0,43 (снижено: короткое окно наблюдения): признаки ниже порога. Ближайший — консолидатор 0,14: разных плательщиков: 2 (порог 7), получено 465 000 ₸."
100000008708368100,peripheral,0.7500,2,0.1902,"«периферийный» 0,75: признаки ниже порога. Ближайший — конечный получатель 0,25: исходящих нет; плательщиков: 1, получено 23 677 ₸: ниже порога накопления."
100000008708595100,peripheral,0.7500,2,0.0756,"«периферийный» 0,75: признаки ниже порога. Ближайший — конечный получатель 0,25: исходящих нет; плательщиков: 1, получено 17 200 ₸: ниже порога накопления."
100000008708743100,peripheral,0.7500,2,0.0703,"«периферийный» 0,75: признаки ниже порога. Ближайший — конечный получатель 0,25: исходящих нет; плательщиков: 1, получено 15 550 ₸: ниже порога накопления."
100000008710791100,distributor,0.7167,6,0.5629,"Гипотеза «распределитель» 0,72: разных получателей: 23 (порог 10), отправлено 5,5 млн ₸. Альтернатива: консолидатор 0,21."
100000008710843100,distributor,0.5500,22,0.5356,"Гипотеза «распределитель» 0,55: разных получателей: 13 (порог 10), отправлено 2,0 млн ₸. Альтернатива: консолидатор 0,14."
100000008710913100,peripheral,0.4643,6,0.0638,"«периферийный» 0,46 (снижено: исходящие не собирались): признаки ниже порога. Ближайший — консолидатор 0,07: разных плательщиков: 1 (порог 7), получено 14 000 ₸."
100000008712036100,peripheral,0.7500,2,0.0882,"«периферийный» 0,75: признаки ниже порога. Ближайший — конечный получатель 0,25: исходящих нет; плательщиков: 1, получено 21 000 ₸: ниже порога накопления."
100000008712184100,peripheral,0.7500,2,0.0786,"«периферийный» 0,75: признаки ниже порога. Ближайший — конечный получатель 0,25: исходящих нет; плательщиков: 1, получено 18 000 ₸: ниже порога накопления."
100000008712827100,peripheral,0.7500,2,0.1614,"«периферийный» 0,75: признаки ниже порога. Ближайший — конечный получатель 0,25: исходящих нет; плательщиков: 1, получено 76 000 ₸: ниже порога накопления."
100000008712991100,peripheral,0.7500,2,0.1555,"«периферийный» 0,75: признаки ниже порога. Ближайший — конечный получатель 0,25: исходящих нет; плательщиков: 1, получено 66 100 ₸: ниже порога накопления."
100000008713270100,peripheral,0.8500,9,0.3002,"«периферийный» 0,85: признаки ниже порога. Ближайший — распределитель 0,15: разных получателей: 3 (порог 10), отправлено 190 000 ₸."
100000008713685100,peripheral,0.7500,2,0.1378,"«периферийный» 0,75: признаки ниже порога. Ближайший — конечный получатель 0,25: исходящих нет; плательщиков: 1, получено 49 700 ₸: ниже порога накопления."
100000008714412100,peripheral,0.7500,8,0.2027,"«периферийный» 0,75: признаки ниже порога. Ближайший — конечный получатель 0,25: исходящих нет; плательщиков: 1, получено 169 000 ₸: ниже порога накопления."
100000008715513100,peripheral,0.4643,8,0.1154,"«периферийный» 0,46 (снижено: исходящие не собирались): признаки ниже порога. Ближайший — консолидатор 0,07: разных плательщиков: 1 (порог 7), получено 32 500 ₸."
100000008715887100,peripheral,0.7500,2,0.0786,"«периферийный» 0,75: признаки ниже порога. Ближайший — конечный получатель 0,25: исходящих нет; плательщиков: 1, получено 18 000 ₸: ниже порога накопления."
100000008716072100,peripheral,0.7500,2,0.0594,"«периферийный» 0,75: признаки ниже порога. Ближайший — конечный получатель 0,25: исходящих нет; плательщиков: 1, получено 12 100 ₸: ниже порога накопления."
100000008716222100,peripheral,0.7500,2,0.1753,"«периферийный» 0,75: признаки ниже порога. Ближайший — конечный получатель 0,25: исходящих нет; плательщиков: 1, получено 18 000 ₸: ниже порога накопления."
100000008716439100,peripheral,0.7500,2,0.1563,"«периферийный» 0,75: признаки ниже порога. Ближайший — конечный получатель 0,25: исходящих нет; плательщиков: 1, получено 12 267 ₸: ниже порога накопления."
100000008716773100,peripheral,0.7500,2,0.1675,"«периферийный» 0,75: признаки ниже порога. Ближайший — конечный получатель 0,25: исходящих нет; плательщиков: 1, получено 15 677 ₸: ниже порога накопления."
100000008717340100,peripheral,0.7500,2,0.2240,"«периферийный» 0,75: признаки ниже порога. Ближайший — конечный получатель 0,25: исходящих нет; плательщиков: 1, получено 41 500 ₸: ниже порога накопления."
100000008717341100,peripheral,0.7500,2,0.1620,"«периферийный» 0,75: признаки ниже порога. Ближайший — конечный получатель 0,25: исходящих нет; плательщиков: 1, получено 14 627 ₸: ниже порога накопления."
100000008717375100,peripheral,0.7500,4,0.1079,"«периферийный» 0,75: признаки ниже порога. Ближайший — конечный получатель 0,25: исходящих нет; плательщиков: 1, получено 29 506 ₸: ниже порога накопления."
100000008717802100,peripheral,0.7500,2,0.1015,"«периферийный» 0,75: признаки ниже порога. Ближайший — конечный получатель 0,25: исходящих нет; плательщиков: 1, получено 26 150 ₸: ниже порога накопления."
100000008718089100,peripheral,0.7500,2,0.1666,"«периферийный» 0,75: признаки ниже порога. Ближайший — конечный получатель 0,25: исходящих нет; плательщиков: 1, получено 15 534 ₸: ниже порога накопления."
100000008718811100,peripheral,0.7500,2,0.1598,"«периферийный» 0,75: признаки ниже порога. Ближайший — конечный получатель 0,25: исходящих нет; плательщиков: 1, получено 73 300 ₸: ниже порога накопления."
100000008720668100,peripheral,0.7500,2,0.0722,"«периферийный» 0,75: признаки ниже порога. Ближайший — конечный получатель 0,25: исходящих нет; плательщиков: 1, получено 16 000 ₸: ниже порога накопления."
100000008720798100,peripheral,0.7500,2,0.1666,"«периферийный» 0,75: признаки ниже порога. Ближайший — конечный получатель 0,25: исходящих нет; плательщиков: 1, получено 15 534 ₸: ниже порога накопления."
100000008720856100,peripheral,0.9286,7,0.1933,"«периферийный» 0,93: признаки ниже порога. Ближайший — консолидатор 0,07: разных плательщиков: 1 (порог 7), получено 18 105 ₸."
100000008721637100,peripheral,0.8333,9,0.3436,"«периферийный» 0,83: признаки ниже порога. Ближайший — координатор 0,17: связей с исходными клиентами: 1 (порог 3); от них 0, к ним 1."
100000008722328100,peripheral,0.7500,2,0.1902,"«периферийный» 0,75: признаки ниже порога. Ближайший — конечный получатель 0,25: исходящих нет; плательщиков: 1, получено 23 677 ₸: ниже порога накопления."
100000008722417100,peripheral,0.8500,7,0.3517,"«периферийный» 0,85: признаки ниже порога. Ближайший — распределитель 0,15: разных получателей: 3 (порог 10), отправлено 720 000 ₸."
100000008722541100,peripheral,0.4643,7,0.2543,"«периферийный» 0,46 (снижено: исходящие не собирались): признаки ниже порога. Ближайший — консолидатор 0,07: разных плательщиков: 1 (порог 7), получено 280 000 ₸."
100000008723830100,transit,0.6580,5,0.6073,"Гипотеза «транзит» 0,66: после поступлений другим счетам ушло 99% полученного (коридор 80%–120%); операций мало: входящих 2, исходящих 1. Альтернатива: координатор 0,17."
100000008724279100,peripheral,0.7500,5,0.1549,"«периферийный» 0,75: признаки ниже порога. Ближайший — конечный получатель 0,25: исходящих нет; плательщиков: 1, получено 11 750 ₸: ниже порога накопления."
100000008724461100,peripheral,0.5616,6,0.2551,"«периферийный» 0,56: признаки ниже порога. Ближайший — транзит 0,44: после поступлений другим счетам ушло 130% полученного (коридор 80%–120%); всего исходящих 130%: баланс в выгрузке неполон."
100000008727982100,peripheral,0.4643,9,0.1098,"«периферийный» 0,46 (снижено: исходящие не собирались): признаки ниже порога. Ближайший — консолидатор 0,07: разных плательщиков: 1 (порог 7), получено 30 000 ₸."
100000008728457100,peripheral,0.7500,12,0.3482,"«периферийный» 0,75: признаки ниже порога. Ближайший — конечный получатель 0,25: исходящих нет; плательщиков: 1, получено 45 000 ₸: ниже порога накопления."
100000008729597100,peripheral,0.7500,3,0.1954,"«периферийный» 0,75: признаки ниже порога. Ближайший — конечный получатель 0,25: исходящих нет; плательщиков: 1, получено 83 090 ₸: ниже порога накопления."
100000008729801100,peripheral,0.7500,2,0.1734,"«периферийный» 0,75: признаки ниже порога. Ближайший — конечный получатель 0,25: исходящих нет; плательщиков: 1, получено 17 534 ₸: ниже порога накопления."
100000008730021100,peripheral,0.7500,15,0.2877,"«периферийный» 0,75: признаки ниже порога. Ближайший — конечный получатель 0,25: исходящих нет; плательщиков: 1, получено 75 555 ₸: ниже порога накопления."
100000008730238100,peripheral,0.4643,6,0.1842,"«периферийный» 0,46 (снижено: исходящие не собирались): признаки ниже порога. Ближайший — консолидатор 0,07: разных плательщиков: 1 (порог 7), получено 113 000 ₸."
100000008730371100,terminal,0.5748,1,0.4918,"Гипотеза «конечный получатель» 0,57: исходящих нет; плательщиков: 2, получено 520 000 ₸; окно после 90% суммы — 11 дн.. Альтернатива: консолидатор 0,14."
100000008730846100,consolidator,0.5000,12,0.4938,"Гипотеза «консолидатор» 0,50: разных плательщиков: 7 (порог 7), получено 155 042 ₸. Альтернатива: распределитель 0,15."
100000008731444100,peripheral,0.5500,3,0.3630,"«периферийный» 0,55: признаки ниже порога. Ближайший — распределитель 0,45: разных получателей: 9 (порог 10), отправлено 879 768 ₸."
100000008732098100,peripheral,0.7500,2,0.1675,"«периферийный» 0,75: признаки ниже порога. Ближайший — конечный получатель 0,25: исходящих нет; плательщиков: 1, получено 15 677 ₸: ниже порога накопления."
100000008732488100,peripheral,0.4286,3,0.2633,"«периферийный» 0,43: признаки ниже порога. Ближайший — конечный получатель 0,14: исходящие — 7% наблюдаемых входящих; плательщиков: 1, получено 137 000 ₸; окно после 90% суммы — 4 дн. (нужно 7)."
100000008733049100,peripheral,0.7500,15,0.0524,"«периферийный» 0,75: признаки ниже порога. Ближайший — конечный получатель 0,25: исходящих нет; плательщиков: 1, получено 10 000 ₸: ниже порога накопления."
100000008733194100,coordinator,0.6000,13,0.7144,"Гипотеза «координатор» 0,60: связей с исходными клиентами: 4 (порог 3); от них 0, к ним 4. Альтернатива: распределитель 0,40."
100000008734279100,peripheral,0.4643,3,0.1140,"«периферийный» 0,46 (снижено: исходящие не собирались): признаки ниже порога. Ближайший — консолидатор 0,07: разных плательщиков: 1 (порог 7), получено 31 650 ₸."
100000008734364100,peripheral,0.7500,2,0.1323,"«периферийный» 0,75: признаки ниже порога. Ближайший — конечный получатель 0,25: исходящих нет; плательщиков: 1, получено 26 200 ₸: ниже порога накопления."
100000008735384100,peripheral,0.7500,2,0.2206,"«периферийный» 0,75: признаки ниже порога. Ближайший — конечный получатель 0,25: исходящих нет; плательщиков: 1, получено 39 220 ₸: ниже порога накопления."
100000008735802100,peripheral,0.4643,1,0.1971,"«периферийный» 0,46 (снижено: исходящие не собирались): признаки ниже порога. Ближайший — консолидатор 0,07: разных плательщиков: 1 (порог 7), получено 85 000 ₸."
100000008735832100,peripheral,0.7500,2,0.0772,"«периферийный» 0,75: признаки ниже порога. Ближайший — конечный получатель 0,25: исходящих нет; плательщиков: 1, получено 17 600 ₸: ниже порога накопления."
100000008736173100,peripheral,0.7500,2,0.2096,"«периферийный» 0,75: признаки ниже порога. Ближайший — конечный получатель 0,25: исходящих нет; плательщиков: 1, получено 31 060 ₸: ниже порога накопления."
100000008736394100,peripheral,0.7500,2,0.1022,"«периферийный» 0,75: признаки ниже порога. Ближайший — конечный получатель 0,25: исходящих нет; плательщиков: 1, получено 16 000 ₸: ниже порога накопления."
100000008736760100,peripheral,0.7500,2,0.2438,"«периферийный» 0,75: признаки ниже порога. Ближайший — конечный получатель 0,25: исходящих нет; плательщиков: 1, получено 54 757 ₸: ниже порога накопления."
100000008736940100,peripheral,0.7477,43,0.4023,"«периферийный» 0,75: признаки ниже порога. Ближайший — транзит 0,25: после поступлений другим счетам ушло 40% полученного (коридор 80%–120%)."
100000008737422100,peripheral,0.7500,2,0.2584,"«периферийный» 0,75: признаки ниже порога. Ближайший — конечный получатель 0,25: исходящих нет; плательщиков: 1, получено 76 903 ₸: ниже порога накопления."
100000008737514100,peripheral,0.4107,15,0.1671,"«периферийный» 0,41: признаки ниже порога. Ближайший — конечный получатель 0,18: исходящих нет; плательщиков: 1, получено 85 000 ₸; окно после 90% суммы — 5 дн. (нужно 7)."
100000008737958100,peripheral,0.3929,2,0.2815,"«периферийный» 0,39: признаки ниже порога. Ближайший — конечный получатель 0,21: исходящих нет; плательщиков: 2, получено 53 373 ₸; окно после 90% суммы — 3 дн. (нужно 7)."
100000008738325100,peripheral,0.6667,20,0.3740,"«периферийный» 0,67: признаки ниже порога. Ближайший — координатор 0,33: связей с исходными клиентами: 2 (порог 3); от них 1, к ним 1."
100000008738526100,peripheral,0.9286,22,0.2375,"«периферийный» 0,93: признаки ниже порога. Ближайший — консолидатор 0,07: разных плательщиков: 1 (порог 7), получено 15 000 ₸."
100000008738658100,peripheral,0.7500,2,0.1080,"«периферийный» 0,75: признаки ниже порога. Ближайший — конечный получатель 0,25: исходящих нет; плательщиков: 1, получено 29 920 ₸: ниже порога накопления."
100000008739887100,peripheral,0.6466,3,0.3361,"«периферийный» 0,65: признаки ниже порога. Ближайший — транзит 0,35: после поступлений другим счетам ушло 143% полученного (коридор 80%–120%); всего исходящих 143%: баланс в выгрузке неполон."
100000008740295100,peripheral,0.4643,6,0.2873,"«периферийный» 0,46 (снижено: исходящие не собирались): признаки ниже порога. Ближайший — консолидатор 0,07: разных плательщиков: 1 (порог 7), получено 300 000 ₸."
100000008740793100,peripheral,0.7500,2,0.0882,"«периферийный» 0,75: признаки ниже порога. Ближайший — конечный получатель 0,25: исходящих нет; плательщиков: 1, получено 21 000 ₸: ниже порога накопления."
100000008741372100,peripheral,0.7500,2,0.2167,"«периферийный» 0,75: признаки ниже порога. Ближайший — конечный получатель 0,25: исходящих нет; плательщиков: 1, получено 35 975 ₸: ниже порога накопления."
100000008742053100,distributor,0.5333,10,0.5630,"Гипотеза «распределитель» 0,53: разных получателей: 12 (порог 10), отправлено 2,8 млн ₸. Альтернатива: консолидатор 0,07."
100000008742266100,peripheral,0.7500,2,0.1182,"«периферийный» 0,75: признаки ниже порога. Ближайший — конечный получатель 0,25: исходящих нет; плательщиков: 1, получено 21 000 ₸: ниже порога накопления."
100000008743913100,distributor,0.5500,22,0.5657,"Гипотеза «распределитель» 0,55: разных получателей: 13 (порог 10), отправлено 1,9 млн ₸. Альтернатива: консолидатор 0,21."
100000008744364100,peripheral,0.7500,2,0.0939,"«периферийный» 0,75: признаки ниже порога. Ближайший — конечный получатель 0,25: исходящих нет; плательщиков: 1, получено 23 700 ₸: ниже порога накопления."
100000008744799100,peripheral,0.7500,2,0.0608,"«периферийный» 0,75: признаки ниже порога. Ближайший — конечный получатель 0,25: исходящих нет; плательщиков: 1, получено 12 600 ₸: ниже порога накопления."
100000008744849100,peripheral,0.7500,2,0.2266,"«периферийный» 0,75: признаки ниже порога. Ближайший — конечный получатель 0,25: исходящих нет; плательщиков: 1, получено 44 445 ₸: ниже порога накопления."
100000008745474100,peripheral,0.7500,2,0.2234,"«периферийный» 0,75: признаки ниже порога. Ближайший — конечный получатель 0,25: исходящих нет; плательщиков: 1, получено 40 559 ₸: ниже порога накопления."
100000008745489100,peripheral,0.7500,2,0.2448,"«периферийный» 0,75: признаки ниже порога. Ближайший — конечный получатель 0,25: исходящих нет; плательщиков: 1, получено 55 539 ₸: ниже порога накопления."
100000008745643100,peripheral,0.7500,2,0.1838,"«периферийный» 0,75: признаки ниже порога. Ближайший — конечный получатель 0,25: исходящих нет; плательщиков: 1, получено 20 313 ₸: ниже порога накопления."
100000008745676100,peripheral,0.4643,2,0.1177,"«периферийный» 0,46 (снижено: исходящие не собирались): признаки ниже порога. Ближайший — консолидатор 0,07: разных плательщиков: 1 (порог 7), получено 34 547 ₸."
100000008745725100,peripheral,0.7500,2,0.2317,"«периферийный» 0,75: признаки ниже порога. Ближайший — конечный получатель 0,25: исходящих нет; плательщиков: 1, получено 47 060 ₸: ниже порога накопления."
100000008745863100,peripheral,0.7500,2,0.0910,"«периферийный» 0,75: признаки ниже порога. Ближайший — конечный получатель 0,25: исходящих нет; плательщиков: 1, получено 22 900 ₸: ниже порога накопления."
100000008745884100,peripheral,0.7500,2,0.0839,"«периферийный» 0,75: признаки ниже порога. Ближайший — конечный получатель 0,25: исходящих нет; плательщиков: 1, получено 20 000 ₸: ниже порога накопления."
100000008746025100,peripheral,0.7500,2,0.1865,"«периферийный» 0,75: признаки ниже порога. Ближайший — конечный получатель 0,25: исходящих нет; плательщиков: 1, получено 22 000 ₸: ниже порога накопления."
100000008746449100,distributor,0.5000,6,0.5093,"Гипотеза «распределитель» 0,50: разных получателей: 10 (порог 10), отправлено 1,0 млн ₸. Альтернатива: консолидатор 0,07."
100000008746673100,peripheral,0.7500,2,0.2419,"«периферийный» 0,75: признаки ниже порога. Ближайший — конечный получатель 0,25: исходящих нет; плательщиков: 1, получено 53 048 ₸: ниже порога накопления."
100000008747113100,peripheral,0.3214,7,0.4046,"«периферийный» 0,32: признаки ниже порога. Ближайший — конечный получатель 0,36: исходящих нет; плательщиков: 2, получено 197 801 ₸; окно после 90% суммы — 5 дн. (нужно 7)."
100000008748408100,distributor,0.6833,9,0.6418,"Гипотеза «распределитель» 0,68: разных получателей: 21 (порог 10), отправлено 1,5 млн ₸. Альтернатива: координатор 0,17."
100000008748795100,peripheral,0.7500,1,0.1648,"«периферийный» 0,75: признаки ниже порога. Ближайший — конечный получатель 0,25: исходящих нет; плательщиков: 1, получено 47 057 ₸: ниже порога накопления."
100000008748914100,distributor,0.5500,4,0.6740,"Гипотеза «распределитель» 0,55: разных получателей: 13 (порог 10), отправлено 4,5 млн ₸. Альтернатива: координатор 0,33."
100000008749063100,peripheral,0.7500,2,0.1770,"«периферийный» 0,75: признаки ниже порога. Ближайший — конечный получатель 0,25: исходящих нет; плательщиков: 1, получено 19 000 ₸: ниже порога накопления."
100000008749405100,peripheral,0.7500,2,0.1215,"«периферийный» 0,75: признаки ниже порога. Ближайший — конечный получатель 0,25: исходящих нет; плательщиков: 1, получено 37 150 ₸: ниже порога накопления."
100000008749406100,peripheral,0.7500,2,0.1716,"«периферийный» 0,75: признаки ниже порога. Ближайший — конечный получатель 0,25: исходящих нет; плательщиков: 1, получено 17 144 ₸: ниже порога накопления."
100000008749618100,peripheral,0.7500,2,0.2320,"«периферийный» 0,75: признаки ниже порога. Ближайший — конечный получатель 0,25: исходящих нет; плательщиков: 1, получено 47 280 ₸: ниже порога накопления."
100000008749900100,peripheral,0.7500,2,0.0752,"«периферийный» 0,75: признаки ниже порога. Ближайший — конечный получатель 0,25: исходящих нет; плательщиков: 1, получено 17 150 ₸: ниже порога накопления."
100000008749989100,peripheral,0.7500,2,0.1022,"«периферийный» 0,75: признаки ниже порога. Ближайший — конечный получатель 0,25: исходящих нет; плательщиков: 1, получено 16 000 ₸: ниже порога накопления."
100000008750464100,peripheral,0.7500,2,0.0467,"«периферийный» 0,75: признаки ниже порога. Ближайший — конечный получатель 0,25: исходящих нет; плательщиков: 1, получено 8 500 ₸: ниже порога накопления."
100000008751349100,peripheral,0.7500,28,0.0881,"«периферийный» 0,75: признаки ниже порога. Ближайший — конечный получатель 0,25: исходящих нет; плательщиков: 1, получено 11 630 ₸: ниже порога накопления."
100000008751380100,peripheral,0.4286,6,0.3317,"«периферийный» 0,43 (снижено: короткое окно наблюдения): признаки ниже порога. Ближайший — консолидатор 0,14: разных плательщиков: 2 (порог 7), получено 345 780 ₸."
100000008751429100,peripheral,0.3571,43,0.3917,"«периферийный» 0,36: признаки ниже порога. Ближайший — конечный получатель 0,29: исходящие — 19% наблюдаемых входящих; плательщиков: 3, получено 386 200 ₸; окно после 90% суммы — 4 дн. (нужно 7)."
100000008752616100,peripheral,0.6500,6,0.3922,"«периферийный» 0,65: признаки ниже порога. Ближайший — распределитель 0,35: разных получателей: 7 (порог 10), отправлено 1,3 млн ₸."
100000008753061100,peripheral,0.4464,2,0.1358,"«периферийный» 0,45: признаки ниже порога. Ближайший — конечный получатель 0,11: исходящих нет; плательщиков: 1, получено 28 400 ₸; окно после 90% суммы — 3 дн. (нужно 7)."
100000008753193100,peripheral,0.7500,2,0.2163,"«периферийный» 0,75: признаки ниже порога. Ближайший — конечный получатель 0,25: исходящих нет; плательщиков: 1, получено 35 225 ₸: ниже порога накопления."
100000008753897100,peripheral,0.7500,2,0.1255,"«периферийный» 0,75: признаки ниже порога. Ближайший — конечный получатель 0,25: исходящих нет; плательщиков: 1, получено 24 050 ₸: ниже порога накопления."
100000008754608100,peripheral,0.4643,2,0.0900,"«периферийный» 0,46 (снижено: короткое окно наблюдения): признаки ниже порога. Ближайший — консолидатор 0,07: разных плательщиков: 1 (порог 7), получено 12 300 ₸."
100000008754747100,peripheral,0.7500,2,0.1624,"«периферийный» 0,75: признаки ниже порога. Ближайший — конечный получатель 0,25: исходящих нет; плательщиков: 1, получено 45 500 ₸: ниже порога накопления."
100000008754997100,peripheral,0.7500,2,0.1086,"«периферийный» 0,75: признаки ниже порога. Ближайший — конечный получатель 0,25: исходящих нет; плательщиков: 1, получено 18 000 ₸: ниже порога накопления."
100000008755168100,peripheral,0.7500,2,0.1072,"«периферийный» 0,75: признаки ниже порога. Ближайший — конечный получатель 0,25: исходящих нет; плательщиков: 1, получено 17 600 ₸: ниже порога накопления."
100000008755361100,peripheral,0.7500,2,0.1620,"«периферийный» 0,75: признаки ниже порога. Ближайший — конечный получатель 0,25: исходящих нет; плательщиков: 1, получено 14 627 ₸: ниже порога накопления."
100000008755580100,peripheral,0.7500,2,0.1022,"«периферийный» 0,75: признаки ниже порога. Ближайший — конечный получатель 0,25: исходящих нет; плательщиков: 1, получено 16 000 ₸: ниже порога накопления."
100000008755754100,peripheral,0.4643,10,0.0442,"«периферийный» 0,46 (снижено: короткое окно наблюдения): признаки ниже порога. Ближайший — консолидатор 0,07: разных плательщиков: 1 (порог 7), получено 7 000 ₸."
100000008757301100,peripheral,0.4643,1,0.1798,"«периферийный» 0,46 (снижено: исходящие не собирались): признаки ниже порога. Ближайший — консолидатор 0,07: разных плательщиков: 1 (порог 7), получено 58 398 ₸."
100000008757369100,peripheral,0.9286,1,0.2355,"«периферийный» 0,93: признаки ниже порога. Ближайший — консолидатор 0,07: разных плательщиков: 1 (порог 7), получено 25 961 ₸."
100000008758106100,peripheral,0.4643,6,0.1124,"«периферийный» 0,46 (снижено: исходящие не собирались): признаки ниже порога. Ближайший — консолидатор 0,07: разных плательщиков: 1 (порог 7), получено 10 000 ₸."
100000008758168100,peripheral,0.7500,22,0.4240,"«периферийный» 0,75: признаки ниже порога. Ближайший — распределитель 0,25: разных получателей: 5 (порог 10), отправлено 1,5 млн ₸."
100000008758607100,peripheral,0.4643,6,0.0967,"«периферийный» 0,46 (снижено: исходящие не собирались): признаки ниже порога. Ближайший — консолидатор 0,07: разных плательщиков: 1 (порог 7), получено 5 000 ₸."
100000008759795100,peripheral,0.4643,8,0.0743,"«периферийный» 0,46 (снижено: исходящие не собирались): признаки ниже порога. Ближайший — консолидатор 0,07: разных плательщиков: 1 (порог 7), получено 17 000 ₸."
100000008759857100,peripheral,0.9000,22,0.3744,"«периферийный» 0,90: признаки ниже порога. Ближайший — распределитель 0,10: разных получателей: 2 (порог 10), отправлено 994 000 ₸."
100000008760098100,peripheral,0.9286,22,0.3377,"«периферийный» 0,93: признаки ниже порога. Ближайший — консолидатор 0,07: разных плательщиков: 1 (порог 7), получено 7 000 ₸."
100000008761132100,peripheral,0.4643,6,0.1124,"«периферийный» 0,46 (снижено: исходящие не собирались): признаки ниже порога. Ближайший — консолидатор 0,07: разных плательщиков: 1 (порог 7), получено 10 000 ₸."
100000008761219100,peripheral,0.8571,48,0.3270,"«периферийный» 0,86: признаки ниже порога. Ближайший — консолидатор 0,14: разных плательщиков: 2 (порог 7), получено 50 000 ₸."
100000008761220100,peripheral,0.4643,6,0.1124,"«периферийный» 0,46 (снижено: исходящие не собирались): признаки ниже порога. Ближайший — консолидатор 0,07: разных плательщиков: 1 (порог 7), получено 10 000 ₸."
100000008762005100,peripheral,0.4643,6,0.0667,"«периферийный» 0,46 (снижено: исходящие не собирались): признаки ниже порога. Ближайший — консолидатор 0,07: разных плательщиков: 1 (порог 7), получено 5 000 ₸."
100000008762728100,peripheral,0.4643,5,0.1047,"«периферийный» 0,46 (снижено: короткое окно наблюдения): признаки ниже порога. Ближайший — консолидатор 0,07: разных плательщиков: 1 (порог 7), получено 17 026 ₸."
100000008762832100,peripheral,0.9286,4,0.2471,"«периферийный» 0,93: признаки ниже порога. Ближайший — консолидатор 0,07: разных плательщиков: 1 (порог 7), получено 150 000 ₸."
100000008762843100,peripheral,0.4643,6,0.0742,"«периферийный» 0,46 (снижено: исходящие не собирались): признаки ниже порога. Ближайший — консолидатор 0,07: разных плательщиков: 1 (порог 7), получено 7 000 ₸."
100000008762885100,peripheral,0.4643,6,0.0742,"«периферийный» 0,46 (снижено: исходящие не собирались): признаки ниже порога. Ближайший — консолидатор 0,07: разных плательщиков: 1 (порог 7), получено 7 000 ₸."
100000008763688100,peripheral,0.4286,2,0.1182,"«периферийный» 0,43: признаки ниже порога. Ближайший — конечный получатель 0,14: исходящих нет; плательщиков: 1, получено 21 000 ₸; окно после 90% суммы — 4 дн. (нужно 7)."
100000008764436100,peripheral,0.4286,2,0.0921,"«периферийный» 0,43: признаки ниже порога. Ближайший — конечный получатель 0,14: исходящих нет; плательщиков: 1, получено 13 100 ₸; окно после 90% суммы — 4 дн. (нужно 7)."
100000008764654100,peripheral,0.4286,2,0.1315,"«периферийный» 0,43: признаки ниже порога. Ближайший — конечный получатель 0,14: исходящих нет; плательщиков: 1, получено 26 150 ₸; окно после 90% суммы — 4 дн. (нужно 7)."
100000008765494100,peripheral,0.4286,2,0.1248,"«периферийный» 0,43: признаки ниже порога. Ближайший — конечный получатель 0,14: исходящих нет; плательщиков: 1, получено 24 000 ₸; окно после 90% суммы — 4 дн. (нужно 7)."
100000008765627100,peripheral,0.4464,9,0.1814,"«периферийный» 0,45: признаки ниже порога. Ближайший — конечный получатель 0,11: исходящих нет; плательщиков: 1, получено 60 000 ₸; окно после 90% суммы — 3 дн. (нужно 7)."
100000008766031100,peripheral,0.4643,6,0.0667,"«периферийный» 0,46 (снижено: исходящие не собирались): признаки ниже порога. Ближайший — консолидатор 0,07: разных плательщиков: 1 (порог 7), получено 5 000 ₸."
100000008766764100,peripheral,0.4643,6,0.0967,"«периферийный» 0,46 (снижено: исходящие не собирались): признаки ниже порога. Ближайший — консолидатор 0,07: разных плательщиков: 1 (порог 7), получено 5 000 ₸."
100000008767027100,peripheral,0.4643,22,0.0967,"«периферийный» 0,46 (снижено: короткое окно наблюдения): признаки ниже порога. Ближайший — консолидатор 0,07: разных плательщиков: 1 (порог 7), получено 5 000 ₸."
100000008767065100,peripheral,0.4643,22,0.1124,"«периферийный» 0,46 (снижено: короткое окно наблюдения): признаки ниже порога. Ближайший — консолидатор 0,07: разных плательщиков: 1 (порог 7), получено 10 000 ₸."
100000008767925100,peripheral,0.4167,2,0.1716,"«периферийный» 0,42 (снижено: короткое окно наблюдения): признаки ниже порога. Ближайший — координатор 0,17: связей с исходными клиентами: 1 (порог 3); от них 1, к ним 0."
100000008767950100,peripheral,0.4464,2,0.1060,"«периферийный» 0,45: признаки ниже порога. Ближайший — конечный получатель 0,11: исходящих нет; плательщиков: 1, получено 17 350 ₸; окно после 90% суммы — 3 дн. (нужно 7)."
100000008768896100,peripheral,0.4167,2,0.2317,"«периферийный» 0,42 (снижено: короткое окно наблюдения): признаки ниже порога. Ближайший — координатор 0,17: связей с исходными клиентами: 1 (порог 3); от них 1, к ним 0."
100000008769097100,peripheral,0.4464,2,0.1432,"«периферийный» 0,45: признаки ниже порога. Ближайший — конечный получатель 0,11: исходящих нет; плательщиков: 1, получено 31 100 ₸; окно после 90% суммы — 3 дн. (нужно 7)."
100000008769636100,peripheral,0.4167,2,0.1886,"«периферийный» 0,42 (снижено: короткое окно наблюдения): признаки ниже порога. Ближайший — координатор 0,17: связей с исходными клиентами: 1 (порог 3); от них 1, к ним 0."
100000008770483100,peripheral,0.4643,48,0.0667,"«периферийный» 0,46 (снижено: исходящие не собирались): признаки ниже порога. Ближайший — консолидатор 0,07: разных плательщиков: 1 (порог 7), получено 5 000 ₸."
100000008771627100,peripheral,0.4643,2,0.1036,"«периферийный» 0,46 (снижено: короткое окно наблюдения): признаки ниже порога. Ближайший — консолидатор 0,07: разных плательщиков: 1 (порог 7), получено 16 500 ₸."
100000008771814100,peripheral,0.4643,2,0.1239,"«периферийный» 0,46 (снижено: короткое окно наблюдения): признаки ниже порога. Ближайший — консолидатор 0,07: разных плательщиков: 1 (порог 7), получено 23 700 ₸."
100000008771819100,peripheral,0.4167,2,0.2201,"«периферийный» 0,42 (снижено: короткое окно наблюдения): признаки ниже порога. Ближайший — координатор 0,17: связей с исходными клиентами: 1 (порог 3); от них 1, к ним 0."
100000008772058100,peripheral,0.4643,2,0.1698,"«периферийный» 0,46 (снижено: короткое окно наблюдения): признаки ниже порога. Ближайший — консолидатор 0,07: разных плательщиков: 1 (порог 7), получено 50 000 ₸."
100000008772246100,peripheral,0.4643,2,0.1602,"«периферийный» 0,46 (снижено: короткое окно наблюдения): признаки ниже порога. Ближайший — консолидатор 0,07: разных плательщиков: 1 (порог 7), получено 44 500 ₸."
100000008773876100,peripheral,0.4167,2,0.1976,"«периферийный» 0,42 (снижено: короткое окно наблюдения): признаки ниже порога. Ближайший — координатор 0,17: связей с исходными клиентами: 1 (порог 3); от них 1, к ним 0."
100000008774237100,peripheral,0.4375,26,0.2206,"«периферийный» 0,44 (снижено: поздние поступления): признаки ниже порога. Ближайший — транзит 0,12: после поступлений другим счетам ушло 20% полученного (коридор 80%–120%)."
100000008775471100,peripheral,0.4643,22,0.2828,"«периферийный» 0,46 (снижено: короткое окно наблюдения): признаки ниже порога. Ближайший — консолидатор 0,07: разных плательщиков: 1 (порог 7), получено 580 000 ₸."
100000008775747100,peripheral,0.4643,6,0.0967,"«периферийный» 0,46 (снижено: исходящие не собирались): признаки ниже порога. Ближайший — консолидатор 0,07: разных плательщиков: 1 (порог 7), получено 5 000 ₸."
100000008776298100,peripheral,0.4167,2,0.2253,"«периферийный» 0,42 (снижено: короткое окно наблюдения): признаки ниже порога. Ближайший — координатор 0,17: связей с исходными клиентами: 1 (порог 3); от них 1, к ним 0."
100000008776310100,peripheral,0.4643,2,0.1108,"«периферийный» 0,46 (снижено: короткое окно наблюдения): признаки ниже порога. Ближайший — консолидатор 0,07: разных плательщиков: 1 (порог 7), получено 19 200 ₸."
100000008776420100,peripheral,0.4643,2,0.1871,"«периферийный» 0,46 (снижено: короткое окно наблюдения): признаки ниже порога. Ближайший — консолидатор 0,07: разных плательщиков: 1 (порог 7), получено 69 500 ₸."
100000008776576100,peripheral,0.4167,2,0.1623,"«периферийный» 0,42 (снижено: короткое окно наблюдения): признаки ниже порога. Ближайший — координатор 0,17: связей с исходными клиентами: 1 (порог 3); от них 1, к ним 0."
100000008776720100,peripheral,0.4643,2,0.1315,"«периферийный» 0,46 (снижено: короткое окно наблюдения): признаки ниже порога. Ближайший — консолидатор 0,07: разных плательщиков: 1 (порог 7), получено 26 150 ₸."
100000008777088100,peripheral,0.4167,2,0.1753,"«периферийный» 0,42 (снижено: короткое окно наблюдения): признаки ниже порога. Ближайший — координатор 0,17: связей с исходными клиентами: 1 (порог 3); от них 1, к ним 0."
100000008778010100,peripheral,0.4643,2,0.1618,"«периферийный» 0,46 (снижено: исходящие не собирались): признаки ниже порога. Ближайший — консолидатор 0,07: разных плательщиков: 1 (порог 7), получено 76 950 ₸."
100000008778753100,peripheral,0.4643,27,0.0524,"«периферийный» 0,46 (снижено: исходящие не собирались): признаки ниже порога. Ближайший — консолидатор 0,07: разных плательщиков: 1 (порог 7), получено 10 000 ₸."
100000008779584100,peripheral,0.4167,2,0.2102,"«периферийный» 0,42 (снижено: короткое окно наблюдения): признаки ниже порога. Ближайший — координатор 0,17: связей с исходными клиентами: 1 (порог 3); от них 1, к ним 0."
100000008782056100,peripheral,0.4167,2,0.2040,"«периферийный» 0,42 (снижено: короткое окно наблюдения): признаки ниже порога. Ближайший — координатор 0,17: связей с исходными клиентами: 1 (порог 3); от них 1, к ним 0."
100000008782421100,peripheral,0.4167,2,0.2344,"«периферийный» 0,42 (снижено: короткое окно наблюдения): признаки ниже порога. Ближайший — координатор 0,17: связей с исходными клиентами: 1 (порог 3); от них 1, к ним 0."
100000008782800100,peripheral,0.4167,2,0.2257,"«периферийный» 0,42 (снижено: короткое окно наблюдения): признаки ниже порога. Ближайший — координатор 0,17: связей с исходными клиентами: 1 (порог 3); от них 1, к ним 0."
